This is XeTeX, Version 3.141592653-2.6-0.999997 (TeX Live 2025) (preloaded format=xelatex 2025.8.6)  17 DEC 2025 20:31
entering extended mode
 restricted \write18 enabled.
 %&-line parsing enabled.
**3.ruanjiancaozuojiaocheng.tex
(./3.ruanjiancaozuojiaocheng.tex
LaTeX2e <2024-11-01> patch level 2
L3 programming layer <2025-01-18>
! Undefined control sequence.
l.1 ^^I\chapter
               {软件操作教程}
The control sequence at the end of the top line
of your error message was never \def'ed. If you have
misspelled it (e.g., `\hobx'), type `I' and the correct
spelling (e.g., `I\hbox'). Otherwise just continue,
and I'll forget about whatever was undefined.


! LaTeX Error: Missing \begin{document}.

See the LaTeX manual or LaTeX Companion for explanation.
Type  H <return>  for immediate help.
 ...                                              
                                                  
l.1 ^^I\chapter{软
                 件操作教程}
You're in trouble here.  Try typing  <return>  to proceed.
If that doesn't work, type  X <return>  to quit.

Missing character: There is no 软 ("8F6F) in font nullfont!
Missing character: There is no 件 ("4EF6) in font nullfont!
Missing character: There is no 操 ("64CD) in font nullfont!
Missing character: There is no 作 ("4F5C) in font nullfont!
Missing character: There is no 教 ("6559) in font nullfont!
Missing character: There is no 程 ("7A0B) in font nullfont!
! Undefined control sequence.
l.2 \section
            {评审基本流程概述}
The control sequence at the end of the top line
of your error message was never \def'ed. If you have
misspelled it (e.g., `\hobx'), type `I' and the correct
spelling (e.g., `I\hbox'). Otherwise just continue,
and I'll forget about whatever was undefined.

Missing character: There is no 评 ("8BC4) in font nullfont!
Missing character: There is no 审 ("5BA1) in font nullfont!
Missing character: There is no 基 ("57FA) in font nullfont!
Missing character: There is no 本 ("672C) in font nullfont!
Missing character: There is no 流 ("6D41) in font nullfont!
Missing character: There is no 程 ("7A0B) in font nullfont!
Missing character: There is no 概 ("6982) in font nullfont!
Missing character: There is no 述 ("8FF0) in font nullfont!

Overfull \hbox (20.0pt too wide) in paragraph at lines 1--3
[]
 []


! LaTeX Error: Missing \begin{document}.

See the LaTeX manual or LaTeX Companion for explanation.
Type  H <return>  for immediate help.
 ...                                              
                                                  
l.4 如
     图\ref{fig:基本流程图}所示，为本软件的基本使用流程图，其中绿框内容为前期准备工作，由申请加分项目人员完成；蓝框内容为评审工作，由评审...

You're in trouble here.  Try typing  <return>  to proceed.
If that doesn't work, type  X <return>  to quit.

Missing character: There is no 如 ("5982) in font nullfont!
Missing character: There is no 图 ("56FE) in font nullfont!
! Undefined control sequence.
<write> ...Reference `fig:基本流程图' on page \thepage 
                                                  \space undefined\on@line .^^J
l.4 如图\ref{fig:基本流程图}
                     所示，为本软件的基本使用流程图，其中绿框内容为前期准备工作，由申请加分项目人员完成；蓝框内容为评审工作，由评审...
The control sequence at the end of the top line
of your error message was never \def'ed. If you have
misspelled it (e.g., `\hobx'), type `I' and the correct
spelling (e.g., `I\hbox'). Otherwise just continue,
and I'll forget about whatever was undefined.


LaTeX Warning: Reference `fig:基本流程图' on page  undefined on input line 4.

Missing character: There is no 所 ("6240) in font nullfont!
Missing character: There is no 示 ("793A) in font nullfont!
Missing character: There is no ， ("FF0C) in font nullfont!
Missing character: There is no 为 ("4E3A) in font nullfont!
Missing character: There is no 本 ("672C) in font nullfont!
Missing character: There is no 软 ("8F6F) in font nullfont!
Missing character: There is no 件 ("4EF6) in font nullfont!
Missing character: There is no 的 ("7684) in font nullfont!
Missing character: There is no 基 ("57FA) in font nullfont!
Missing character: There is no 本 ("672C) in font nullfont!
Missing character: There is no 使 ("4F7F) in font nullfont!
Missing character: There is no 用 ("7528) in font nullfont!
Missing character: There is no 流 ("6D41) in font nullfont!
Missing character: There is no 程 ("7A0B) in font nullfont!
Missing character: There is no 图 ("56FE) in font nullfont!
Missing character: There is no ， ("FF0C) in font nullfont!
Missing character: There is no 其 ("5176) in font nullfont!
Missing character: There is no 中 ("4E2D) in font nullfont!
Missing character: There is no 绿 ("7EFF) in font nullfont!
Missing character: There is no 框 ("6846) in font nullfont!
Missing character: There is no 内 ("5185) in font nullfont!
Missing character: There is no 容 ("5BB9) in font nullfont!
Missing character: There is no 为 ("4E3A) in font nullfont!
Missing character: There is no 前 ("524D) in font nullfont!
Missing character: There is no 期 ("671F) in font nullfont!
Missing character: There is no 准 ("51C6) in font nullfont!
Missing character: There is no 备 ("5907) in font nullfont!
Missing character: There is no 工 ("5DE5) in font nullfont!
Missing character: There is no 作 ("4F5C) in font nullfont!
Missing character: There is no ， ("FF0C) in font nullfont!
Missing character: There is no 由 ("7531) in font nullfont!
Missing character: There is no 申 ("7533) in font nullfont!
Missing character: There is no 请 ("8BF7) in font nullfont!
Missing character: There is no 加 ("52A0) in font nullfont!
Missing character: There is no 分 ("5206) in font nullfont!
Missing character: There is no 项 ("9879) in font nullfont!
Missing character: There is no 目 ("76EE) in font nullfont!
Missing character: There is no 人 ("4EBA) in font nullfont!
Missing character: There is no 员 ("5458) in font nullfont!
Missing character: There is no 完 ("5B8C) in font nullfont!
Missing character: There is no 成 ("6210) in font nullfont!
Missing character: There is no ； ("FF1B) in font nullfont!
Missing character: There is no 蓝 ("84DD) in font nullfont!
Missing character: There is no 框 ("6846) in font nullfont!
Missing character: There is no 内 ("5185) in font nullfont!
Missing character: There is no 容 ("5BB9) in font nullfont!
Missing character: There is no 为 ("4E3A) in font nullfont!
Missing character: There is no 评 ("8BC4) in font nullfont!
Missing character: There is no 审 ("5BA1) in font nullfont!
Missing character: There is no 工 ("5DE5) in font nullfont!
Missing character: There is no 作 ("4F5C) in font nullfont!
Missing character: There is no ， ("FF0C) in font nullfont!
Missing character: There is no 由 ("7531) in font nullfont!
Missing character: There is no 评 ("8BC4) in font nullfont!
Missing character: There is no 审 ("5BA1) in font nullfont!
Missing character: There is no 人 ("4EBA) in font nullfont!
Missing character: There is no 员 ("5458) in font nullfont!
Missing character: There is no （ ("FF08) in font nullfont!
Missing character: There is no 即 ("5373) in font nullfont!
Missing character: There is no 本 ("672C) in font nullfont!
Missing character: There is no 软 ("8F6F) in font nullfont!
Missing character: There is no 件 ("4EF6) in font nullfont!
Missing character: There is no 用 ("7528) in font nullfont!
Missing character: There is no 户 ("6237) in font nullfont!
Missing character: There is no ） ("FF09) in font nullfont!
Missing character: There is no 完 ("5B8C) in font nullfont!
Missing character: There is no 成 ("6210) in font nullfont!
Missing character: There is no 。 ("3002) in font nullfont!

! LaTeX Error: Environment figure undefined.

See the LaTeX manual or LaTeX Companion for explanation.
Type  H <return>  for immediate help.
 ...                                              
                                                  
l.5 \begin{figure}
                  [H]
Your command was ignored.
Type  I <command> <return>  to replace it with another command,
or  <return>  to continue without it.

Missing character: There is no [ ("5B) in font nullfont!
Missing character: There is no H ("48) in font nullfont!
Missing character: There is no ] ("5D) in font nullfont!
! Undefined control sequence.
l.7 ^^I\includegraphics
                       [width=0.6\linewidth]{fig/基本流程图}
The control sequence at the end of the top line
of your error message was never \def'ed. If you have
misspelled it (e.g., `\hobx'), type `I' and the correct
spelling (e.g., `I\hbox'). Otherwise just continue,
and I'll forget about whatever was undefined.

Missing character: There is no [ ("5B) in font nullfont!
Missing character: There is no w ("77) in font nullfont!
Missing character: There is no i ("69) in font nullfont!
Missing character: There is no d ("64) in font nullfont!
Missing character: There is no t ("74) in font nullfont!
Missing character: There is no h ("68) in font nullfont!
Missing character: There is no = ("3D) in font nullfont!
Missing character: There is no 0 ("30) in font nullfont!
Missing character: There is no . ("2E) in font nullfont!
Missing character: There is no 6 ("36) in font nullfont!
! Missing number, treated as zero.
<to be read again> 
                   ]
l.7 ^^I\includegraphics[width=0.6\linewidth]
                                            {fig/基本流程图}
A number should have been here; I inserted `0'.
(If you can't figure out why I needed to see a number,
look up `weird error' in the index to The TeXbook.)

! Illegal unit of measure (pt inserted).
<to be read again> 
                   ]
l.7 ^^I\includegraphics[width=0.6\linewidth]
                                            {fig/基本流程图}
Dimensions can be in units of em, ex, in, pt, pc,
cm, mm, dd, cc, bp, or sp; but yours is a new one!
I'll assume that you meant to say pt, for printer's points.
To recover gracefully from this error, it's best to
delete the erroneous units; e.g., type `2' to delete
two letters. (See Chapter 27 of The TeXbook.)

Missing character: There is no ] ("5D) in font nullfont!
Missing character: There is no f ("66) in font nullfont!
Missing character: There is no i ("69) in font nullfont!
Missing character: There is no g ("67) in font nullfont!
Missing character: There is no / ("2F) in font nullfont!
Missing character: There is no 基 ("57FA) in font nullfont!
Missing character: There is no 本 ("672C) in font nullfont!
Missing character: There is no 流 ("6D41) in font nullfont!
Missing character: There is no 程 ("7A0B) in font nullfont!
Missing character: There is no 图 ("56FE) in font nullfont!

! LaTeX Error: \caption outside float.

See the LaTeX manual or LaTeX Companion for explanation.
Type  H <return>  for immediate help.
 ...                                              
                                                  
l.8 ^^I\caption
               {基本流程图}
You're in trouble here.  Try typing  <return>  to proceed.
If that doesn't work, type  X <return>  to quit.

Missing character: There is no 基 ("57FA) in font nullfont!
Missing character: There is no 本 ("672C) in font nullfont!
Missing character: There is no 流 ("6D41) in font nullfont!
Missing character: There is no 程 ("7A0B) in font nullfont!
Missing character: There is no 图 ("56FE) in font nullfont!

! LaTeX Error: \begin{document} ended by \end{figure}.

See the LaTeX manual or LaTeX Companion for explanation.
Type  H <return>  for immediate help.
 ...                                              
                                                  
l.10 \end{figure}
                 
Your command was ignored.
Type  I <command> <return>  to replace it with another command,
or  <return>  to continue without it.


Overfull \hbox (30.86pt too wide) in paragraph at lines 4--11
[][]
 []

! Undefined control sequence.
l.12 \section
             {前期准备工作}
The control sequence at the end of the top line
of your error message was never \def'ed. If you have
misspelled it (e.g., `\hobx'), type `I' and the correct
spelling (e.g., `I\hbox'). Otherwise just continue,
and I'll forget about whatever was undefined.


! LaTeX Error: Missing \begin{document}.

See the LaTeX manual or LaTeX Companion for explanation.
Type  H <return>  for immediate help.
 ...                                              
                                                  
l.12 \section{前
               期准备工作}
You're in trouble here.  Try typing  <return>  to proceed.
If that doesn't work, type  X <return>  to quit.

Missing character: There is no 前 ("524D) in font nullfont!
Missing character: There is no 期 ("671F) in font nullfont!
Missing character: There is no 准 ("51C6) in font nullfont!
Missing character: There is no 备 ("5907) in font nullfont!
Missing character: There is no 工 ("5DE5) in font nullfont!
Missing character: There is no 作 ("4F5C) in font nullfont!
! Undefined control sequence.
l.13 \subsection
                {加分项目信息的数据收集}
The control sequence at the end of the top line
of your error message was never \def'ed. If you have
misspelled it (e.g., `\hobx'), type `I' and the correct
spelling (e.g., `I\hbox'). Otherwise just continue,
and I'll forget about whatever was undefined.

Missing character: There is no 加 ("52A0) in font nullfont!
Missing character: There is no 分 ("5206) in font nullfont!
Missing character: There is no 项 ("9879) in font nullfont!
Missing character: There is no 目 ("76EE) in font nullfont!
Missing character: There is no 信 ("4FE1) in font nullfont!
Missing character: There is no 息 ("606F) in font nullfont!
Missing character: There is no 的 ("7684) in font nullfont!
Missing character: There is no 数 ("6570) in font nullfont!
Missing character: There is no 据 ("636E) in font nullfont!
Missing character: There is no 收 ("6536) in font nullfont!
Missing character: There is no 集 ("96C6) in font nullfont!

Overfull \hbox (20.0pt too wide) in paragraph at lines 12--14
[]
 []


! LaTeX Error: Missing \begin{document}.

See the LaTeX manual or LaTeX Companion for explanation.
Type  H <return>  for immediate help.
 ...                                              
                                                  
l.15 在
      进行优秀学生奖学金加分项目审核前，需收集申请加分项目人员的基本信息以及加分项目的信息，包括学院，姓名，年级，班级，学号，所获奖项名称，获奖时...

You're in trouble here.  Try typing  <return>  to proceed.
If that doesn't work, type  X <return>  to quit.

Missing character: There is no 在 ("5728) in font nullfont!
Missing character: There is no 进 ("8FDB) in font nullfont!
Missing character: There is no 行 ("884C) in font nullfont!
Missing character: There is no 优 ("4F18) in font nullfont!
Missing character: There is no 秀 ("79C0) in font nullfont!
Missing character: There is no 学 ("5B66) in font nullfont!
Missing character: There is no 生 ("751F) in font nullfont!
Missing character: There is no 奖 ("5956) in font nullfont!
Missing character: There is no 学 ("5B66) in font nullfont!
Missing character: There is no 金 ("91D1) in font nullfont!
Missing character: There is no 加 ("52A0) in font nullfont!
Missing character: There is no 分 ("5206) in font nullfont!
Missing character: There is no 项 ("9879) in font nullfont!
Missing character: There is no 目 ("76EE) in font nullfont!
Missing character: There is no 审 ("5BA1) in font nullfont!
Missing character: There is no 核 ("6838) in font nullfont!
Missing character: There is no 前 ("524D) in font nullfont!
Missing character: There is no ， ("FF0C) in font nullfont!
Missing character: There is no 需 ("9700) in font nullfont!
Missing character: There is no 收 ("6536) in font nullfont!
Missing character: There is no 集 ("96C6) in font nullfont!
Missing character: There is no 申 ("7533) in font nullfont!
Missing character: There is no 请 ("8BF7) in font nullfont!
Missing character: There is no 加 ("52A0) in font nullfont!
Missing character: There is no 分 ("5206) in font nullfont!
Missing character: There is no 项 ("9879) in font nullfont!
Missing character: There is no 目 ("76EE) in font nullfont!
Missing character: There is no 人 ("4EBA) in font nullfont!
Missing character: There is no 员 ("5458) in font nullfont!
Missing character: There is no 的 ("7684) in font nullfont!
Missing character: There is no 基 ("57FA) in font nullfont!
Missing character: There is no 本 ("672C) in font nullfont!
Missing character: There is no 信 ("4FE1) in font nullfont!
Missing character: There is no 息 ("606F) in font nullfont!
Missing character: There is no 以 ("4EE5) in font nullfont!
Missing character: There is no 及 ("53CA) in font nullfont!
Missing character: There is no 加 ("52A0) in font nullfont!
Missing character: There is no 分 ("5206) in font nullfont!
Missing character: There is no 项 ("9879) in font nullfont!
Missing character: There is no 目 ("76EE) in font nullfont!
Missing character: There is no 的 ("7684) in font nullfont!
Missing character: There is no 信 ("4FE1) in font nullfont!
Missing character: There is no 息 ("606F) in font nullfont!
Missing character: There is no ， ("FF0C) in font nullfont!
Missing character: There is no 包 ("5305) in font nullfont!
Missing character: There is no 括 ("62EC) in font nullfont!
Missing character: There is no 学 ("5B66) in font nullfont!
Missing character: There is no 院 ("9662) in font nullfont!
Missing character: There is no ， ("FF0C) in font nullfont!
Missing character: There is no 姓 ("59D3) in font nullfont!
Missing character: There is no 名 ("540D) in font nullfont!
Missing character: There is no ， ("FF0C) in font nullfont!
Missing character: There is no 年 ("5E74) in font nullfont!
Missing character: There is no 级 ("7EA7) in font nullfont!
Missing character: There is no ， ("FF0C) in font nullfont!
Missing character: There is no 班 ("73ED) in font nullfont!
Missing character: There is no 级 ("7EA7) in font nullfont!
Missing character: There is no ， ("FF0C) in font nullfont!
Missing character: There is no 学 ("5B66) in font nullfont!
Missing character: There is no 号 ("53F7) in font nullfont!
Missing character: There is no ， ("FF0C) in font nullfont!
Missing character: There is no 所 ("6240) in font nullfont!
Missing character: There is no 获 ("83B7) in font nullfont!
Missing character: There is no 奖 ("5956) in font nullfont!
Missing character: There is no 项 ("9879) in font nullfont!
Missing character: There is no 名 ("540D) in font nullfont!
Missing character: There is no 称 ("79F0) in font nullfont!
Missing character: There is no ， ("FF0C) in font nullfont!
Missing character: There is no 获 ("83B7) in font nullfont!
Missing character: There is no 奖 ("5956) in font nullfont!
Missing character: There is no 时 ("65F6) in font nullfont!
Missing character: There is no 间 ("95F4) in font nullfont!
Missing character: There is no ， ("FF0C) in font nullfont!
Missing character: There is no 奖 ("5956) in font nullfont!
Missing character: There is no 项 ("9879) in font nullfont!
Missing character: There is no 等 ("7B49) in font nullfont!
Missing character: There is no 级 ("7EA7) in font nullfont!
Missing character: There is no ， ("FF0C) in font nullfont!
Missing character: There is no 项 ("9879) in font nullfont!
Missing character: There is no 目 ("76EE) in font nullfont!
Missing character: There is no 类 ("7C7B) in font nullfont!
Missing character: There is no 型 ("578B) in font nullfont!
Missing character: There is no 。 ("3002) in font nullfont!

Overfull \hbox (20.0pt too wide) in paragraph at lines 15--16
[] 
 []


! LaTeX Error: Missing \begin{document}.

See the LaTeX manual or LaTeX Companion for explanation.
Type  H <return>  for immediate help.
 ...                                              
                                                  
l.17 为
      了提供用户更好的使用体验，在本软件的导航栏中设置有收集模板文件，如图\ref{fig:模板文件的下载}所示，点击后会弹窗显示模板文件的存储位...

You're in trouble here.  Try typing  <return>  to proceed.
If that doesn't work, type  X <return>  to quit.

Missing character: There is no 为 ("4E3A) in font nullfont!
Missing character: There is no 了 ("4E86) in font nullfont!
Missing character: There is no 提 ("63D0) in font nullfont!
Missing character: There is no 供 ("4F9B) in font nullfont!
Missing character: There is no 用 ("7528) in font nullfont!
Missing character: There is no 户 ("6237) in font nullfont!
Missing character: There is no 更 ("66F4) in font nullfont!
Missing character: There is no 好 ("597D) in font nullfont!
Missing character: There is no 的 ("7684) in font nullfont!
Missing character: There is no 使 ("4F7F) in font nullfont!
Missing character: There is no 用 ("7528) in font nullfont!
Missing character: There is no 体 ("4F53) in font nullfont!
Missing character: There is no 验 ("9A8C) in font nullfont!
Missing character: There is no ， ("FF0C) in font nullfont!
Missing character: There is no 在 ("5728) in font nullfont!
Missing character: There is no 本 ("672C) in font nullfont!
Missing character: There is no 软 ("8F6F) in font nullfont!
Missing character: There is no 件 ("4EF6) in font nullfont!
Missing character: There is no 的 ("7684) in font nullfont!
Missing character: There is no 导 ("5BFC) in font nullfont!
Missing character: There is no 航 ("822A) in font nullfont!
Missing character: There is no 栏 ("680F) in font nullfont!
Missing character: There is no 中 ("4E2D) in font nullfont!
Missing character: There is no 设 ("8BBE) in font nullfont!
Missing character: There is no 置 ("7F6E) in font nullfont!
Missing character: There is no 有 ("6709) in font nullfont!
Missing character: There is no 收 ("6536) in font nullfont!
Missing character: There is no 集 ("96C6) in font nullfont!
Missing character: There is no 模 ("6A21) in font nullfont!
Missing character: There is no 板 ("677F) in font nullfont!
Missing character: There is no 文 ("6587) in font nullfont!
Missing character: There is no 件 ("4EF6) in font nullfont!
Missing character: There is no ， ("FF0C) in font nullfont!
Missing character: There is no 如 ("5982) in font nullfont!
Missing character: There is no 图 ("56FE) in font nullfont!
! Undefined control sequence.
<write> ...ference `fig:模板文件的下载' on page \thepage 
                                                  \space undefined\on@line .^^J
l.17 ...用体验，在本软件的导航栏中设置有收集模板文件，如图\ref{fig:模板文件的下载}
                                                  所示，点击后会弹窗显示模板文件的存储位置，如图\re...
The control sequence at the end of the top line
of your error message was never \def'ed. If you have
misspelled it (e.g., `\hobx'), type `I' and the correct
spelling (e.g., `I\hbox'). Otherwise just continue,
and I'll forget about whatever was undefined.


LaTeX Warning: Reference `fig:模板文件的下载' on page  undefined on input line 17.

Missing character: There is no 所 ("6240) in font nullfont!
Missing character: There is no 示 ("793A) in font nullfont!
Missing character: There is no ， ("FF0C) in font nullfont!
Missing character: There is no 点 ("70B9) in font nullfont!
Missing character: There is no 击 ("51FB) in font nullfont!
Missing character: There is no 后 ("540E) in font nullfont!
Missing character: There is no 会 ("4F1A) in font nullfont!
Missing character: There is no 弹 ("5F39) in font nullfont!
Missing character: There is no 窗 ("7A97) in font nullfont!
Missing character: There is no 显 ("663E) in font nullfont!
Missing character: There is no 示 ("793A) in font nullfont!
Missing character: There is no 模 ("6A21) in font nullfont!
Missing character: There is no 板 ("677F) in font nullfont!
Missing character: There is no 文 ("6587) in font nullfont!
Missing character: There is no 件 ("4EF6) in font nullfont!
Missing character: There is no 的 ("7684) in font nullfont!
Missing character: There is no 存 ("5B58) in font nullfont!
Missing character: There is no 储 ("50A8) in font nullfont!
Missing character: There is no 位 ("4F4D) in font nullfont!
Missing character: There is no 置 ("7F6E) in font nullfont!
Missing character: There is no ， ("FF0C) in font nullfont!
Missing character: There is no 如 ("5982) in font nullfont!
Missing character: There is no 图 ("56FE) in font nullfont!
! Undefined control sequence.
<write> ...nce `fig:选择模板文件的存储位置' on page \thepage 
                                                  \space undefined\on@line .^^J
l.17 ...，点击后会弹窗显示模板文件的存储位置，如图\ref{fig:选择模板文件的存储位置}
                                                  所示，默认模板文件保存格式为“template.xl...
The control sequence at the end of the top line
of your error message was never \def'ed. If you have
misspelled it (e.g., `\hobx'), type `I' and the correct
spelling (e.g., `I\hbox'). Otherwise just continue,
and I'll forget about whatever was undefined.


LaTeX Warning: Reference `fig:选择模板文件的存储位置' on page  undefined on input line 17.


Missing character: There is no 所 ("6240) in font nullfont!
Missing character: There is no 示 ("793A) in font nullfont!
Missing character: There is no ， ("FF0C) in font nullfont!
Missing character: There is no 默 ("9ED8) in font nullfont!
Missing character: There is no 认 ("8BA4) in font nullfont!
Missing character: There is no 模 ("6A21) in font nullfont!
Missing character: There is no 板 ("677F) in font nullfont!
Missing character: There is no 文 ("6587) in font nullfont!
Missing character: There is no 件 ("4EF6) in font nullfont!
Missing character: There is no 保 ("4FDD) in font nullfont!
Missing character: There is no 存 ("5B58) in font nullfont!
Missing character: There is no 格 ("683C) in font nullfont!
Missing character: There is no 式 ("5F0F) in font nullfont!
Missing character: There is no 为 ("4E3A) in font nullfont!
Missing character: There is no “ ("201C) in font nullfont!
Missing character: There is no t ("74) in font nullfont!
Missing character: There is no e ("65) in font nullfont!
Missing character: There is no m ("6D) in font nullfont!
Missing character: There is no p ("70) in font nullfont!
Missing character: There is no l ("6C) in font nullfont!
Missing character: There is no a ("61) in font nullfont!
Missing character: There is no t ("74) in font nullfont!
Missing character: There is no e ("65) in font nullfont!
Missing character: There is no . ("2E) in font nullfont!
Missing character: There is no x ("78) in font nullfont!
Missing character: There is no l ("6C) in font nullfont!
Missing character: There is no s ("73) in font nullfont!
Missing character: There is no x ("78) in font nullfont!
Missing character: There is no ” ("201D) in font nullfont!
Missing character: There is no ， ("FF0C) in font nullfont!
Missing character: There is no 默 ("9ED8) in font nullfont!
Missing character: There is no 认 ("8BA4) in font nullfont!
Missing character: There is no 模 ("6A21) in font nullfont!
Missing character: There is no 板 ("677F) in font nullfont!
Missing character: There is no 文 ("6587) in font nullfont!
Missing character: There is no 件 ("4EF6) in font nullfont!
Missing character: There is no 保 ("4FDD) in font nullfont!
Missing character: There is no 存 ("5B58) in font nullfont!
Missing character: There is no 位 ("4F4D) in font nullfont!
Missing character: There is no 置 ("7F6E) in font nullfont!
Missing character: There is no 为 ("4E3A) in font nullfont!
Missing character: There is no 软 ("8F6F) in font nullfont!
Missing character: There is no 件 ("4EF6) in font nullfont!
Missing character: There is no 所 ("6240) in font nullfont!
Missing character: There is no 在 ("5728) in font nullfont!
Missing character: There is no 目 ("76EE) in font nullfont!
Missing character: There is no 录 ("5F55) in font nullfont!
Missing character: There is no 。 ("3002) in font nullfont!

! LaTeX Error: Environment figure undefined.

See the LaTeX manual or LaTeX Companion for explanation.
Type  H <return>  for immediate help.
 ...                                              
                                                  
l.18 \begin{figure}
                   [H]
Your command was ignored.
Type  I <command> <return>  to replace it with another command,
or  <return>  to continue without it.

Missing character: There is no [ ("5B) in font nullfont!
Missing character: There is no H ("48) in font nullfont!
Missing character: There is no ] ("5D) in font nullfont!
! Undefined control sequence.
l.20 ^^I\includegraphics
                        [width=0.7 \linewidth]{fig/模板下载}
The control sequence at the end of the top line
of your error message was never \def'ed. If you have
misspelled it (e.g., `\hobx'), type `I' and the correct
spelling (e.g., `I\hbox'). Otherwise just continue,
and I'll forget about whatever was undefined.

Missing character: There is no [ ("5B) in font nullfont!
Missing character: There is no w ("77) in font nullfont!
Missing character: There is no i ("69) in font nullfont!
Missing character: There is no d ("64) in font nullfont!
Missing character: There is no t ("74) in font nullfont!
Missing character: There is no h ("68) in font nullfont!
Missing character: There is no = ("3D) in font nullfont!
Missing character: There is no 0 ("30) in font nullfont!
Missing character: There is no . ("2E) in font nullfont!
Missing character: There is no 7 ("37) in font nullfont!
! Missing number, treated as zero.
<to be read again> 
                   ]
l.20 ^^I\includegraphics[width=0.7 \linewidth]
                                              {fig/模板下载}
A number should have been here; I inserted `0'.
(If you can't figure out why I needed to see a number,
look up `weird error' in the index to The TeXbook.)

! Illegal unit of measure (pt inserted).
<to be read again> 
                   ]
l.20 ^^I\includegraphics[width=0.7 \linewidth]
                                              {fig/模板下载}
Dimensions can be in units of em, ex, in, pt, pc,
cm, mm, dd, cc, bp, or sp; but yours is a new one!
I'll assume that you meant to say pt, for printer's points.
To recover gracefully from this error, it's best to
delete the erroneous units; e.g., type `2' to delete
two letters. (See Chapter 27 of The TeXbook.)

Missing character: There is no ] ("5D) in font nullfont!
Missing character: There is no f ("66) in font nullfont!
Missing character: There is no i ("69) in font nullfont!
Missing character: There is no g ("67) in font nullfont!
Missing character: There is no / ("2F) in font nullfont!
Missing character: There is no 模 ("6A21) in font nullfont!
Missing character: There is no 板 ("677F) in font nullfont!
Missing character: There is no 下 ("4E0B) in font nullfont!
Missing character: There is no 载 ("8F7D) in font nullfont!

! LaTeX Error: \caption outside float.

See the LaTeX manual or LaTeX Companion for explanation.
Type  H <return>  for immediate help.
 ...                                              
                                                  
l.21 ^^I\caption
                {模板文件的下载}
You're in trouble here.  Try typing  <return>  to proceed.
If that doesn't work, type  X <return>  to quit.

Missing character: There is no 模 ("6A21) in font nullfont!
Missing character: There is no 板 ("677F) in font nullfont!
Missing character: There is no 文 ("6587) in font nullfont!
Missing character: There is no 件 ("4EF6) in font nullfont!
Missing character: There is no 的 ("7684) in font nullfont!
Missing character: There is no 下 ("4E0B) in font nullfont!
Missing character: There is no 载 ("8F7D) in font nullfont!

! LaTeX Error: \begin{document} ended by \end{figure}.

See the LaTeX manual or LaTeX Companion for explanation.
Type  H <return>  for immediate help.
 ...                                              
                                                  
l.23 \end{figure}
                 
Your command was ignored.
Type  I <command> <return>  to replace it with another command,
or  <return>  to continue without it.


! LaTeX Error: Environment figure undefined.

See the LaTeX manual or LaTeX Companion for explanation.
Type  H <return>  for immediate help.
 ...                                              
                                                  
l.24 \begin{figure}
                   [H]
Your command was ignored.
Type  I <command> <return>  to replace it with another command,
or  <return>  to continue without it.

Missing character: There is no [ ("5B) in font nullfont!
Missing character: There is no H ("48) in font nullfont!
Missing character: There is no ] ("5D) in font nullfont!
! Undefined control sequence.
l.26 ^^I\includegraphics
                        [width=0.7\linewidth]{fig/模板保存}
The control sequence at the end of the top line
of your error message was never \def'ed. If you have
misspelled it (e.g., `\hobx'), type `I' and the correct
spelling (e.g., `I\hbox'). Otherwise just continue,
and I'll forget about whatever was undefined.

Missing character: There is no [ ("5B) in font nullfont!
Missing character: There is no w ("77) in font nullfont!
Missing character: There is no i ("69) in font nullfont!
Missing character: There is no d ("64) in font nullfont!
Missing character: There is no t ("74) in font nullfont!
Missing character: There is no h ("68) in font nullfont!
Missing character: There is no = ("3D) in font nullfont!
Missing character: There is no 0 ("30) in font nullfont!
Missing character: There is no . ("2E) in font nullfont!
Missing character: There is no 7 ("37) in font nullfont!
! Missing number, treated as zero.
<to be read again> 
                   ]
l.26 ^^I\includegraphics[width=0.7\linewidth]
                                             {fig/模板保存}
A number should have been here; I inserted `0'.
(If you can't figure out why I needed to see a number,
look up `weird error' in the index to The TeXbook.)

! Illegal unit of measure (pt inserted).
<to be read again> 
                   ]
l.26 ^^I\includegraphics[width=0.7\linewidth]
                                             {fig/模板保存}
Dimensions can be in units of em, ex, in, pt, pc,
cm, mm, dd, cc, bp, or sp; but yours is a new one!
I'll assume that you meant to say pt, for printer's points.
To recover gracefully from this error, it's best to
delete the erroneous units; e.g., type `2' to delete
two letters. (See Chapter 27 of The TeXbook.)

Missing character: There is no ] ("5D) in font nullfont!
Missing character: There is no f ("66) in font nullfont!
Missing character: There is no i ("69) in font nullfont!
Missing character: There is no g ("67) in font nullfont!
Missing character: There is no / ("2F) in font nullfont!
Missing character: There is no 模 ("6A21) in font nullfont!
Missing character: There is no 板 ("677F) in font nullfont!
Missing character: There is no 保 ("4FDD) in font nullfont!
Missing character: There is no 存 ("5B58) in font nullfont!

! LaTeX Error: \caption outside float.

See the LaTeX manual or LaTeX Companion for explanation.
Type  H <return>  for immediate help.
 ...                                              
                                                  
l.27 ^^I\caption
                {选择模板文件的存储位置}
You're in trouble here.  Try typing  <return>  to proceed.
If that doesn't work, type  X <return>  to quit.

Missing character: There is no 选 ("9009) in font nullfont!
Missing character: There is no 择 ("62E9) in font nullfont!
Missing character: There is no 模 ("6A21) in font nullfont!
Missing character: There is no 板 ("677F) in font nullfont!
Missing character: There is no 文 ("6587) in font nullfont!
Missing character: There is no 件 ("4EF6) in font nullfont!
Missing character: There is no 的 ("7684) in font nullfont!
Missing character: There is no 存 ("5B58) in font nullfont!
Missing character: There is no 储 ("50A8) in font nullfont!
Missing character: There is no 位 ("4F4D) in font nullfont!
Missing character: There is no 置 ("7F6E) in font nullfont!

! LaTeX Error: \begin{document} ended by \end{figure}.

See the LaTeX manual or LaTeX Companion for explanation.
Type  H <return>  for immediate help.
 ...                                              
                                                  
l.29 \end{figure}
                 
Your command was ignored.
Type  I <command> <return>  to replace it with another command,
or  <return>  to continue without it.

! Undefined control sequence.
l.30 \subsection
                {加分项目的信息填写}
The control sequence at the end of the top line
of your error message was never \def'ed. If you have
misspelled it (e.g., `\hobx'), type `I' and the correct
spelling (e.g., `I\hbox'). Otherwise just continue,
and I'll forget about whatever was undefined.

Missing character: There is no 加 ("52A0) in font nullfont!
Missing character: There is no 分 ("5206) in font nullfont!
Missing character: There is no 项 ("9879) in font nullfont!
Missing character: There is no 目 ("76EE) in font nullfont!
Missing character: There is no 的 ("7684) in font nullfont!
Missing character: There is no 信 ("4FE1) in font nullfont!
Missing character: There is no 息 ("606F) in font nullfont!
Missing character: There is no 填 ("586B) in font nullfont!
Missing character: There is no 写 ("5199) in font nullfont!
Missing character: There is no 如 ("5982) in font nullfont!
Missing character: There is no 图 ("56FE) in font nullfont!
Missing character: There is no 所 ("6240) in font nullfont!
Missing character: There is no 示 ("793A) in font nullfont!
! Undefined control sequence.
<write> ...nce `fig:加分项目的信息填写示例' on page \thepage 
                                                  \space undefined\on@line .^^J
l.31 如图所示\ref{fig:加分项目的信息填写示例}
                              ，为加分项目的信息填写示例。
The control sequence at the end of the top line
of your error message was never \def'ed. If you have
misspelled it (e.g., `\hobx'), type `I' and the correct
spelling (e.g., `I\hbox'). Otherwise just continue,
and I'll forget about whatever was undefined.


LaTeX Warning: Reference `fig:加分项目的信息填写示例' on page  undefined on input line 31.


Missing character: There is no ， ("FF0C) in font nullfont!
Missing character: There is no 为 ("4E3A) in font nullfont!
Missing character: There is no 加 ("52A0) in font nullfont!
Missing character: There is no 分 ("5206) in font nullfont!
Missing character: There is no 项 ("9879) in font nullfont!
Missing character: There is no 目 ("76EE) in font nullfont!
Missing character: There is no 的 ("7684) in font nullfont!
Missing character: There is no 信 ("4FE1) in font nullfont!
Missing character: There is no 息 ("606F) in font nullfont!
Missing character: There is no 填 ("586B) in font nullfont!
Missing character: There is no 写 ("5199) in font nullfont!
Missing character: There is no 示 ("793A) in font nullfont!
Missing character: There is no 例 ("4F8B) in font nullfont!
Missing character: There is no 。 ("3002) in font nullfont!

! LaTeX Error: Environment figure undefined.

See the LaTeX manual or LaTeX Companion for explanation.
Type  H <return>  for immediate help.
 ...                                              
                                                  
l.32 \begin{figure}
                   [H]
Your command was ignored.
Type  I <command> <return>  to replace it with another command,
or  <return>  to continue without it.

Missing character: There is no [ ("5B) in font nullfont!
Missing character: There is no H ("48) in font nullfont!
Missing character: There is no ] ("5D) in font nullfont!
! Undefined control sequence.
l.34 ^^I\includegraphics
                        [width=0.7\linewidth]{fig/加分项信息填写示例}
The control sequence at the end of the top line
of your error message was never \def'ed. If you have
misspelled it (e.g., `\hobx'), type `I' and the correct
spelling (e.g., `I\hbox'). Otherwise just continue,
and I'll forget about whatever was undefined.

Missing character: There is no [ ("5B) in font nullfont!
Missing character: There is no w ("77) in font nullfont!
Missing character: There is no i ("69) in font nullfont!
Missing character: There is no d ("64) in font nullfont!
Missing character: There is no t ("74) in font nullfont!
Missing character: There is no h ("68) in font nullfont!
Missing character: There is no = ("3D) in font nullfont!
Missing character: There is no 0 ("30) in font nullfont!
Missing character: There is no . ("2E) in font nullfont!
Missing character: There is no 7 ("37) in font nullfont!
! Missing number, treated as zero.
<to be read again> 
                   ]
l.34 ^^I\includegraphics[width=0.7\linewidth]
                                             {fig/加分项信息填写示例}
A number should have been here; I inserted `0'.
(If you can't figure out why I needed to see a number,
look up `weird error' in the index to The TeXbook.)

! Illegal unit of measure (pt inserted).
<to be read again> 
                   ]
l.34 ^^I\includegraphics[width=0.7\linewidth]
                                             {fig/加分项信息填写示例}
Dimensions can be in units of em, ex, in, pt, pc,
cm, mm, dd, cc, bp, or sp; but yours is a new one!
I'll assume that you meant to say pt, for printer's points.
To recover gracefully from this error, it's best to
delete the erroneous units; e.g., type `2' to delete
two letters. (See Chapter 27 of The TeXbook.)

Missing character: There is no ] ("5D) in font nullfont!
Missing character: There is no f ("66) in font nullfont!
Missing character: There is no i ("69) in font nullfont!
Missing character: There is no g ("67) in font nullfont!
Missing character: There is no / ("2F) in font nullfont!
Missing character: There is no 加 ("52A0) in font nullfont!
Missing character: There is no 分 ("5206) in font nullfont!
Missing character: There is no 项 ("9879) in font nullfont!
Missing character: There is no 信 ("4FE1) in font nullfont!
Missing character: There is no 息 ("606F) in font nullfont!
Missing character: There is no 填 ("586B) in font nullfont!
Missing character: There is no 写 ("5199) in font nullfont!
Missing character: There is no 示 ("793A) in font nullfont!
Missing character: There is no 例 ("4F8B) in font nullfont!

! LaTeX Error: \caption outside float.

See the LaTeX manual or LaTeX Companion for explanation.
Type  H <return>  for immediate help.
 ...                                              
                                                  
l.35 ^^I\caption
                {加分项目的信息填写示例}
You're in trouble here.  Try typing  <return>  to proceed.
If that doesn't work, type  X <return>  to quit.

Missing character: There is no 加 ("52A0) in font nullfont!
Missing character: There is no 分 ("5206) in font nullfont!
Missing character: There is no 项 ("9879) in font nullfont!
Missing character: There is no 目 ("76EE) in font nullfont!
Missing character: There is no 的 ("7684) in font nullfont!
Missing character: There is no 信 ("4FE1) in font nullfont!
Missing character: There is no 息 ("606F) in font nullfont!
Missing character: There is no 填 ("586B) in font nullfont!
Missing character: There is no 写 ("5199) in font nullfont!
Missing character: There is no 示 ("793A) in font nullfont!
Missing character: There is no 例 ("4F8B) in font nullfont!

! LaTeX Error: \begin{document} ended by \end{figure}.

See the LaTeX manual or LaTeX Companion for explanation.
Type  H <return>  for immediate help.
 ...                                              
                                                  
l.37 \end{figure}
                 ^^I
Your command was ignored.
Type  I <command> <return>  to replace it with another command,
or  <return>  to continue without it.


Overfull \hbox (41.72pt too wide) in paragraph at lines 17--38
[][][]
 []


Overfull \hbox (10.86pt too wide) in paragraph at lines 17--38
[]
 []

! Undefined control sequence.
l.39 \textcolor
               {mygreen}{
The control sequence at the end of the top line
of your error message was never \def'ed. If you have
misspelled it (e.g., `\hobx'), type `I' and the correct
spelling (e.g., `I\hbox'). Otherwise just continue,
and I'll forget about whatever was undefined.


! LaTeX Error: Missing \begin{document}.

See the LaTeX manual or LaTeX Companion for explanation.
Type  H <return>  for immediate help.
 ...                                              
                                                  
l.39 \textcolor{m
                 ygreen}{
You're in trouble here.  Try typing  <return>  to proceed.
If that doesn't work, type  X <return>  to quit.

Missing character: There is no m ("6D) in font nullfont!
Missing character: There is no y ("79) in font nullfont!
Missing character: There is no g ("67) in font nullfont!
Missing character: There is no r ("72) in font nullfont!
Missing character: There is no e ("65) in font nullfont!
Missing character: There is no e ("65) in font nullfont!
Missing character: There is no n ("6E) in font nullfont!
! Undefined control sequence.
l.40 ^^I\subsection
                   {自定义加分规则的数据收集}
The control sequence at the end of the top line
of your error message was never \def'ed. If you have
misspelled it (e.g., `\hobx'), type `I' and the correct
spelling (e.g., `I\hbox'). Otherwise just continue,
and I'll forget about whatever was undefined.

Missing character: There is no 自 ("81EA) in font nullfont!
Missing character: There is no 定 ("5B9A) in font nullfont!
Missing character: There is no 义 ("4E49) in font nullfont!
Missing character: There is no 加 ("52A0) in font nullfont!
Missing character: There is no 分 ("5206) in font nullfont!
Missing character: There is no 规 ("89C4) in font nullfont!
Missing character: There is no 则 ("5219) in font nullfont!
Missing character: There is no 的 ("7684) in font nullfont!
Missing character: There is no 数 ("6570) in font nullfont!
Missing character: There is no 据 ("636E) in font nullfont!
Missing character: There is no 收 ("6536) in font nullfont!
Missing character: There is no 集 ("96C6) in font nullfont!
Missing character: There is no 如 ("5982) in font nullfont!
Missing character: There is no 图 ("56FE) in font nullfont!
! Undefined control sequence.
<write> ...ig:版本V3.0评审界面新功能按钮展示' on page \thepage 
                                                  \space undefined\on@line .^^J
l.41 ^^I如图\ref{fig:版本V3.0评审界面新功能按钮展示}
                                     所示，版本V3.0新增加了“导入加分详情”的功能，支持从Excel文件导入自定...
The control sequence at the end of the top line
of your error message was never \def'ed. If you have
misspelled it (e.g., `\hobx'), type `I' and the correct
spelling (e.g., `I\hbox'). Otherwise just continue,
and I'll forget about whatever was undefined.


LaTeX Warning: Reference `fig:版本V3.0评审界面新功能按钮展示' on page  undefined on input li
ne 41.

Missing character: There is no 所 ("6240) in font nullfont!
Missing character: There is no 示 ("793A) in font nullfont!
Missing character: There is no ， ("FF0C) in font nullfont!
Missing character: There is no 版 ("7248) in font nullfont!
Missing character: There is no 本 ("672C) in font nullfont!
Missing character: There is no V ("56) in font nullfont!
Missing character: There is no 3 ("33) in font nullfont!
Missing character: There is no . ("2E) in font nullfont!
Missing character: There is no 0 ("30) in font nullfont!
Missing character: There is no 新 ("65B0) in font nullfont!
Missing character: There is no 增 ("589E) in font nullfont!
Missing character: There is no 加 ("52A0) in font nullfont!
Missing character: There is no 了 ("4E86) in font nullfont!
Missing character: There is no “ ("201C) in font nullfont!
Missing character: There is no 导 ("5BFC) in font nullfont!
Missing character: There is no 入 ("5165) in font nullfont!
Missing character: There is no 加 ("52A0) in font nullfont!
Missing character: There is no 分 ("5206) in font nullfont!
Missing character: There is no 详 ("8BE6) in font nullfont!
Missing character: There is no 情 ("60C5) in font nullfont!
Missing character: There is no ” ("201D) in font nullfont!
Missing character: There is no 的 ("7684) in font nullfont!
Missing character: There is no 功 ("529F) in font nullfont!
Missing character: There is no 能 ("80FD) in font nullfont!
Missing character: There is no ， ("FF0C) in font nullfont!
Missing character: There is no 支 ("652F) in font nullfont!
Missing character: There is no 持 ("6301) in font nullfont!
Missing character: There is no 从 ("4ECE) in font nullfont!
Missing character: There is no E ("45) in font nullfont!
Missing character: There is no x ("78) in font nullfont!
Missing character: There is no c ("63) in font nullfont!
Missing character: There is no e ("65) in font nullfont!
Missing character: There is no l ("6C) in font nullfont!
Missing character: There is no 文 ("6587) in font nullfont!
Missing character: There is no 件 ("4EF6) in font nullfont!
Missing character: There is no 导 ("5BFC) in font nullfont!
Missing character: There is no 入 ("5165) in font nullfont!
Missing character: There is no 自 ("81EA) in font nullfont!
Missing character: There is no 定 ("5B9A) in font nullfont!
Missing character: There is no 义 ("4E49) in font nullfont!
Missing character: There is no 的 ("7684) in font nullfont!
Missing character: There is no 项 ("9879) in font nullfont!
Missing character: There is no 目 ("76EE) in font nullfont!
Missing character: There is no 类 ("7C7B) in font nullfont!
Missing character: There is no 型 ("578B) in font nullfont!
Missing character: There is no 、 ("3001) in font nullfont!
Missing character: There is no 奖 ("5956) in font nullfont!
Missing character: There is no 项 ("9879) in font nullfont!
Missing character: There is no 级 ("7EA7) in font nullfont!
Missing character: There is no 别 ("522B) in font nullfont!
Missing character: There is no 和 ("548C) in font nullfont!
Missing character: There is no 加 ("52A0) in font nullfont!
Missing character: There is no 分 ("5206) in font nullfont!
Missing character: There is no 规 ("89C4) in font nullfont!
Missing character: There is no 则 ("5219) in font nullfont!
Missing character: There is no 。 ("3002) in font nullfont!

Overfull \hbox (20.0pt too wide) in paragraph at lines 39--42
[]
 []


Overfull \hbox (10.86pt too wide) in paragraph at lines 39--42
[] 
 []

! Undefined control sequence.
l.43 \textcolor
               {mygreen}{
The control sequence at the end of the top line
of your error message was never \def'ed. If you have
misspelled it (e.g., `\hobx'), type `I' and the correct
spelling (e.g., `I\hbox'). Otherwise just continue,
and I'll forget about whatever was undefined.


! LaTeX Error: Missing \begin{document}.

See the LaTeX manual or LaTeX Companion for explanation.
Type  H <return>  for immediate help.
 ...                                              
                                                  
l.43 \textcolor{m
                 ygreen}{
You're in trouble here.  Try typing  <return>  to proceed.
If that doesn't work, type  X <return>  to quit.

Missing character: There is no m ("6D) in font nullfont!
Missing character: There is no y ("79) in font nullfont!
Missing character: There is no g ("67) in font nullfont!
Missing character: There is no r ("72) in font nullfont!
Missing character: There is no e ("65) in font nullfont!
Missing character: There is no e ("65) in font nullfont!
Missing character: There is no n ("6E) in font nullfont!
Missing character: There is no 【 ("3010) in font nullfont!
Missing character: There is no 导 ("5BFC) in font nullfont!
Missing character: There is no 入 ("5165) in font nullfont!
Missing character: There is no 加 ("52A0) in font nullfont!
Missing character: There is no 分 ("5206) in font nullfont!
Missing character: There is no 详 ("8BE6) in font nullfont!
Missing character: There is no 情 ("60C5) in font nullfont!
Missing character: There is no 】 ("3011) in font nullfont!
Missing character: There is no 至 ("81F3) in font nullfont!
Missing character: There is no 少 ("5C11) in font nullfont!
Missing character: There is no 要 ("8981) in font nullfont!
Missing character: There is no 求 ("6C42) in font nullfont!
Missing character: There is no E ("45) in font nullfont!
Missing character: There is no x ("78) in font nullfont!
Missing character: There is no c ("63) in font nullfont!
Missing character: There is no e ("65) in font nullfont!
Missing character: There is no l ("6C) in font nullfont!
Missing character: There is no 文 ("6587) in font nullfont!
Missing character: There is no 件 ("4EF6) in font nullfont!
Missing character: There is no 包 ("5305) in font nullfont!
Missing character: There is no 含 ("542B) in font nullfont!
Missing character: There is no 三 ("4E09) in font nullfont!
Missing character: There is no 列 ("5217) in font nullfont!
Missing character: There is no 内 ("5185) in font nullfont!
Missing character: There is no 容 ("5BB9) in font nullfont!
Missing character: There is no ： ("FF1A) in font nullfont!
Missing character: There is no 项 ("9879) in font nullfont!
Missing character: There is no 目 ("76EE) in font nullfont!
Missing character: There is no 类 ("7C7B) in font nullfont!
Missing character: There is no 型 ("578B) in font nullfont!
Missing character: There is no 、 ("3001) in font nullfont!
Missing character: There is no 奖 ("5956) in font nullfont!
Missing character: There is no 项 ("9879) in font nullfont!
Missing character: There is no 级 ("7EA7) in font nullfont!
Missing character: There is no 别 ("522B) in font nullfont!
Missing character: There is no 和 ("548C) in font nullfont!
Missing character: There is no 加 ("52A0) in font nullfont!
Missing character: There is no 分 ("5206) in font nullfont!
Missing character: There is no 规 ("89C4) in font nullfont!
Missing character: There is no 则 ("5219) in font nullfont!
Missing character: There is no 。 ("3002) in font nullfont!
Missing character: There is no 针 ("9488) in font nullfont!
Missing character: There is no 对 ("5BF9) in font nullfont!
Missing character: There is no 项 ("9879) in font nullfont!
Missing character: There is no 目 ("76EE) in font nullfont!
Missing character: There is no 类 ("7C7B) in font nullfont!
Missing character: There is no 型 ("578B) in font nullfont!
Missing character: There is no 可 ("53EF) in font nullfont!
Missing character: There is no 能 ("80FD) in font nullfont!
Missing character: There is no 存 ("5B58) in font nullfont!
Missing character: There is no 在 ("5728) in font nullfont!
Missing character: There is no 的 ("7684) in font nullfont!
Missing character: There is no 加 ("52A0) in font nullfont!
Missing character: There is no 分 ("5206) in font nullfont!
Missing character: There is no 上 ("4E0A) in font nullfont!
Missing character: There is no 限 ("9650) in font nullfont!
Missing character: There is no ， ("FF0C) in font nullfont!
Missing character: There is no 可 ("53EF) in font nullfont!
Missing character: There is no 在 ("5728) in font nullfont!
Missing character: There is no E ("45) in font nullfont!
Missing character: There is no x ("78) in font nullfont!
Missing character: There is no c ("63) in font nullfont!
Missing character: There is no e ("65) in font nullfont!
Missing character: There is no l ("6C) in font nullfont!
Missing character: There is no 第 ("7B2C) in font nullfont!
Missing character: There is no 四 ("56DB) in font nullfont!
Missing character: There is no 列 ("5217) in font nullfont!
Missing character: There is no 为 ("4E3A) in font nullfont!
Missing character: There is no 每 ("6BCF) in font nullfont!
Missing character: There is no 类 ("7C7B) in font nullfont!
Missing character: There is no 项 ("9879) in font nullfont!
Missing character: There is no 目 ("76EE) in font nullfont!
Missing character: There is no 设 ("8BBE) in font nullfont!
Missing character: There is no 置 ("7F6E) in font nullfont!
Missing character: There is no 统 ("7EDF) in font nullfont!
Missing character: There is no 计 ("8BA1) in font nullfont!
Missing character: There is no 分 ("5206) in font nullfont!
Missing character: There is no 数 ("6570) in font nullfont!
Missing character: There is no 上 ("4E0A) in font nullfont!
Missing character: There is no 限 ("9650) in font nullfont!
Missing character: There is no ， ("FF0C) in font nullfont!
Missing character: There is no 无 ("65E0) in font nullfont!
Missing character: There is no 则 ("5219) in font nullfont!
Missing character: There is no 默 ("9ED8) in font nullfont!
Missing character: There is no 认 ("8BA4) in font nullfont!
Missing character: There is no 6 ("36) in font nullfont!
Missing character: There is no 分 ("5206) in font nullfont!
Missing character: There is no 。 ("3002) in font nullfont!
Missing character: There is no 如 ("5982) in font nullfont!
Missing character: There is no 果 ("679C) in font nullfont!
Missing character: There is no 存 ("5B58) in font nullfont!
Missing character: There is no 在 ("5728) in font nullfont!
Missing character: There is no 同 ("540C) in font nullfont!
Missing character: There is no 一 ("4E00) in font nullfont!
Missing character: There is no 项 ("9879) in font nullfont!
Missing character: There is no 目 ("76EE) in font nullfont!
Missing character: There is no 类 ("7C7B) in font nullfont!
Missing character: There is no 型 ("578B) in font nullfont!
Missing character: There is no 的 ("7684) in font nullfont!
Missing character: There is no 加 ("52A0) in font nullfont!
Missing character: There is no 分 ("5206) in font nullfont!
Missing character: There is no 上 ("4E0A) in font nullfont!
Missing character: There is no 限 ("9650) in font nullfont!
Missing character: There is no 不 ("4E0D) in font nullfont!
Missing character: There is no 同 ("540C) in font nullfont!
Missing character: There is no ， ("FF0C) in font nullfont!
Missing character: There is no 则 ("5219) in font nullfont!
Missing character: There is no 采 ("91C7) in font nullfont!
Missing character: There is no 用 ("7528) in font nullfont!
Missing character: There is no 第 ("7B2C) in font nullfont!
Missing character: There is no 一 ("4E00) in font nullfont!
Missing character: There is no 次 ("6B21) in font nullfont!
Missing character: There is no 该 ("8BE5) in font nullfont!
Missing character: There is no 项 ("9879) in font nullfont!
Missing character: There is no 目 ("76EE) in font nullfont!
Missing character: There is no 类 ("7C7B) in font nullfont!
Missing character: There is no 型 ("578B) in font nullfont!
Missing character: There is no 出 ("51FA) in font nullfont!
Missing character: There is no 现 ("73B0) in font nullfont!
Missing character: There is no 时 ("65F6) in font nullfont!
Missing character: There is no 对 ("5BF9) in font nullfont!
Missing character: There is no 应 ("5E94) in font nullfont!
Missing character: There is no 的 ("7684) in font nullfont!
Missing character: There is no 分 ("5206) in font nullfont!
Missing character: There is no 数 ("6570) in font nullfont!
Missing character: There is no 上 ("4E0A) in font nullfont!
Missing character: There is no 限 ("9650) in font nullfont!
Missing character: There is no 。 ("3002) in font nullfont!

Overfull \hbox (20.0pt too wide) in paragraph at lines 43--46
[]
 []

! Undefined control sequence.
l.47 \textcolor
               {mygreen}{
The control sequence at the end of the top line
of your error message was never \def'ed. If you have
misspelled it (e.g., `\hobx'), type `I' and the correct
spelling (e.g., `I\hbox'). Otherwise just continue,
and I'll forget about whatever was undefined.


! LaTeX Error: Missing \begin{document}.

See the LaTeX manual or LaTeX Companion for explanation.
Type  H <return>  for immediate help.
 ...                                              
                                                  
l.47 \textcolor{m
                 ygreen}{
You're in trouble here.  Try typing  <return>  to proceed.
If that doesn't work, type  X <return>  to quit.

Missing character: There is no m ("6D) in font nullfont!
Missing character: There is no y ("79) in font nullfont!
Missing character: There is no g ("67) in font nullfont!
Missing character: There is no r ("72) in font nullfont!
Missing character: There is no e ("65) in font nullfont!
Missing character: There is no e ("65) in font nullfont!
Missing character: There is no n ("6E) in font nullfont!
Missing character: There is no 加 ("52A0) in font nullfont!
Missing character: There is no 分 ("5206) in font nullfont!
Missing character: There is no 详 ("8BE6) in font nullfont!
Missing character: There is no 情 ("60C5) in font nullfont!
Missing character: There is no E ("45) in font nullfont!
Missing character: There is no x ("78) in font nullfont!
Missing character: There is no c ("63) in font nullfont!
Missing character: There is no e ("65) in font nullfont!
Missing character: There is no l ("6C) in font nullfont!
Missing character: There is no 参 ("53C2) in font nullfont!
Missing character: There is no 考 ("8003) in font nullfont!
Missing character: There is no 示 ("793A) in font nullfont!
Missing character: There is no 例 ("4F8B) in font nullfont!
Missing character: There is no 如 ("5982) in font nullfont!
Missing character: There is no 图 ("56FE) in font nullfont!
! Undefined control sequence.
<write> ... `fig:版本3.0的加分详情参考示例' on page \thepage 
                                                  \space undefined\on@line .^^J
l.48 ^^I加分详情Excel参考示例如图\ref{fig:版本3.0的加分详情参考示例}
                                               所示，要求列顺序和抬头文字如图一致，分别为“项目类型”，“...
The control sequence at the end of the top line
of your error message was never \def'ed. If you have
misspelled it (e.g., `\hobx'), type `I' and the correct
spelling (e.g., `I\hbox'). Otherwise just continue,
and I'll forget about whatever was undefined.


LaTeX Warning: Reference `fig:版本3.0的加分详情参考示例' on page  undefined on input line 
48.

Missing character: There is no 所 ("6240) in font nullfont!
Missing character: There is no 示 ("793A) in font nullfont!
Missing character: There is no ， ("FF0C) in font nullfont!
Missing character: There is no 要 ("8981) in font nullfont!
Missing character: There is no 求 ("6C42) in font nullfont!
Missing character: There is no 列 ("5217) in font nullfont!
Missing character: There is no 顺 ("987A) in font nullfont!
Missing character: There is no 序 ("5E8F) in font nullfont!
Missing character: There is no 和 ("548C) in font nullfont!
Missing character: There is no 抬 ("62AC) in font nullfont!
Missing character: There is no 头 ("5934) in font nullfont!
Missing character: There is no 文 ("6587) in font nullfont!
Missing character: There is no 字 ("5B57) in font nullfont!
Missing character: There is no 如 ("5982) in font nullfont!
Missing character: There is no 图 ("56FE) in font nullfont!
Missing character: There is no 一 ("4E00) in font nullfont!
Missing character: There is no 致 ("81F4) in font nullfont!
Missing character: There is no ， ("FF0C) in font nullfont!
Missing character: There is no 分 ("5206) in font nullfont!
Missing character: There is no 别 ("522B) in font nullfont!
Missing character: There is no 为 ("4E3A) in font nullfont!
Missing character: There is no “ ("201C) in font nullfont!
Missing character: There is no 项 ("9879) in font nullfont!
Missing character: There is no 目 ("76EE) in font nullfont!
Missing character: There is no 类 ("7C7B) in font nullfont!
Missing character: There is no 型 ("578B) in font nullfont!
Missing character: There is no ” ("201D) in font nullfont!
Missing character: There is no ， ("FF0C) in font nullfont!
Missing character: There is no “ ("201C) in font nullfont!
Missing character: There is no 奖 ("5956) in font nullfont!
Missing character: There is no 项 ("9879) in font nullfont!
Missing character: There is no 级 ("7EA7) in font nullfont!
Missing character: There is no 别 ("522B) in font nullfont!
Missing character: There is no ” ("201D) in font nullfont!
Missing character: There is no ， ("FF0C) in font nullfont!
Missing character: There is no “ ("201C) in font nullfont!
Missing character: There is no 加 ("52A0) in font nullfont!
Missing character: There is no 分 ("5206) in font nullfont!
Missing character: There is no ” ("201D) in font nullfont!
Missing character: There is no ， ("FF0C) in font nullfont!
Missing character: There is no “ ("201C) in font nullfont!
Missing character: There is no 加 ("52A0) in font nullfont!
Missing character: There is no 分 ("5206) in font nullfont!
Missing character: There is no 上 ("4E0A) in font nullfont!
Missing character: There is no 限 ("9650) in font nullfont!
Missing character: There is no ” ("201D) in font nullfont!
Missing character: There is no 。 ("3002) in font nullfont!
Missing character: There is no 如 ("5982) in font nullfont!
Missing character: There is no 若 ("82E5) in font nullfont!
Missing character: There is no 不 ("4E0D) in font nullfont!
Missing character: There is no 提 ("63D0) in font nullfont!
Missing character: There is no 供 ("4F9B) in font nullfont!
Missing character: There is no 加 ("52A0) in font nullfont!
Missing character: There is no 分 ("5206) in font nullfont!
Missing character: There is no 上 ("4E0A) in font nullfont!
Missing character: There is no 限 ("9650) in font nullfont!
Missing character: There is no ， ("FF0C) in font nullfont!
Missing character: There is no 则 ("5219) in font nullfont!
Missing character: There is no 默 ("9ED8) in font nullfont!
Missing character: There is no 认 ("8BA4) in font nullfont!
Missing character: There is no 每 ("6BCF) in font nullfont!
Missing character: There is no 个 ("4E2A) in font nullfont!
Missing character: There is no 项 ("9879) in font nullfont!
Missing character: There is no 目 ("76EE) in font nullfont!
Missing character: There is no 类 ("7C7B) in font nullfont!
Missing character: There is no 型 ("578B) in font nullfont!
Missing character: There is no 的 ("7684) in font nullfont!
Missing character: There is no 加 ("52A0) in font nullfont!
Missing character: There is no 分 ("5206) in font nullfont!
Missing character: There is no 上 ("4E0A) in font nullfont!
Missing character: There is no 限 ("9650) in font nullfont!
Missing character: There is no 为 ("4E3A) in font nullfont!
Missing character: There is no 6 ("36) in font nullfont!
Missing character: There is no 分 ("5206) in font nullfont!
Missing character: There is no 。 ("3002) in font nullfont!

! LaTeX Error: Environment figure undefined.

See the LaTeX manual or LaTeX Companion for explanation.
Type  H <return>  for immediate help.
 ...                                              
                                                  
l.50 \begin{figure}
                   [h]
Your command was ignored.
Type  I <command> <return>  to replace it with another command,
or  <return>  to continue without it.

Missing character: There is no [ ("5B) in font nullfont!
Missing character: There is no h ("68) in font nullfont!
Missing character: There is no ] ("5D) in font nullfont!
! Undefined control sequence.
l.52 ^^I\includegraphics
                        [width=0.7\linewidth]{fig/3.0加分详情参考示例}
The control sequence at the end of the top line
of your error message was never \def'ed. If you have
misspelled it (e.g., `\hobx'), type `I' and the correct
spelling (e.g., `I\hbox'). Otherwise just continue,
and I'll forget about whatever was undefined.

Missing character: There is no [ ("5B) in font nullfont!
Missing character: There is no w ("77) in font nullfont!
Missing character: There is no i ("69) in font nullfont!
Missing character: There is no d ("64) in font nullfont!
Missing character: There is no t ("74) in font nullfont!
Missing character: There is no h ("68) in font nullfont!
Missing character: There is no = ("3D) in font nullfont!
Missing character: There is no 0 ("30) in font nullfont!
Missing character: There is no . ("2E) in font nullfont!
Missing character: There is no 7 ("37) in font nullfont!
! Missing number, treated as zero.
<to be read again> 
                   ]
l.52 ^^I\includegraphics[width=0.7\linewidth]
                                             {fig/3.0加分详情参考示例}
A number should have been here; I inserted `0'.
(If you can't figure out why I needed to see a number,
look up `weird error' in the index to The TeXbook.)

! Illegal unit of measure (pt inserted).
<to be read again> 
                   ]
l.52 ^^I\includegraphics[width=0.7\linewidth]
                                             {fig/3.0加分详情参考示例}
Dimensions can be in units of em, ex, in, pt, pc,
cm, mm, dd, cc, bp, or sp; but yours is a new one!
I'll assume that you meant to say pt, for printer's points.
To recover gracefully from this error, it's best to
delete the erroneous units; e.g., type `2' to delete
two letters. (See Chapter 27 of The TeXbook.)

Missing character: There is no ] ("5D) in font nullfont!
Missing character: There is no f ("66) in font nullfont!
Missing character: There is no i ("69) in font nullfont!
Missing character: There is no g ("67) in font nullfont!
Missing character: There is no / ("2F) in font nullfont!
Missing character: There is no 3 ("33) in font nullfont!
Missing character: There is no . ("2E) in font nullfont!
Missing character: There is no 0 ("30) in font nullfont!
Missing character: There is no 加 ("52A0) in font nullfont!
Missing character: There is no 分 ("5206) in font nullfont!
Missing character: There is no 详 ("8BE6) in font nullfont!
Missing character: There is no 情 ("60C5) in font nullfont!
Missing character: There is no 参 ("53C2) in font nullfont!
Missing character: There is no 考 ("8003) in font nullfont!
Missing character: There is no 示 ("793A) in font nullfont!
Missing character: There is no 例 ("4F8B) in font nullfont!

! LaTeX Error: \caption outside float.

See the LaTeX manual or LaTeX Companion for explanation.
Type  H <return>  for immediate help.
 ...                                              
                                                  
l.53 ^^I\caption
                {版本V3.0的加分详情参考示例}
You're in trouble here.  Try typing  <return>  to proceed.
If that doesn't work, type  X <return>  to quit.

Missing character: There is no 版 ("7248) in font nullfont!
Missing character: There is no 本 ("672C) in font nullfont!
Missing character: There is no V ("56) in font nullfont!
Missing character: There is no 3 ("33) in font nullfont!
Missing character: There is no . ("2E) in font nullfont!
Missing character: There is no 0 ("30) in font nullfont!
Missing character: There is no 的 ("7684) in font nullfont!
Missing character: There is no 加 ("52A0) in font nullfont!
Missing character: There is no 分 ("5206) in font nullfont!
Missing character: There is no 详 ("8BE6) in font nullfont!
Missing character: There is no 情 ("60C5) in font nullfont!
Missing character: There is no 参 ("53C2) in font nullfont!
Missing character: There is no 考 ("8003) in font nullfont!
Missing character: There is no 示 ("793A) in font nullfont!
Missing character: There is no 例 ("4F8B) in font nullfont!

! LaTeX Error: \begin{document} ended by \end{figure}.

See the LaTeX manual or LaTeX Companion for explanation.
Type  H <return>  for immediate help.
 ...                                              
                                                  
l.55 \end{figure}
                 
Your command was ignored.
Type  I <command> <return>  to replace it with another command,
or  <return>  to continue without it.


Overfull \hbox (20.0pt too wide) in paragraph at lines 47--56
[]
 []


Overfull \hbox (10.86pt too wide) in paragraph at lines 47--56
[]
 []

! Undefined control sequence.
l.57 \section
             {注册}
The control sequence at the end of the top line
of your error message was never \def'ed. If you have
misspelled it (e.g., `\hobx'), type `I' and the correct
spelling (e.g., `I\hbox'). Otherwise just continue,
and I'll forget about whatever was undefined.


! LaTeX Error: Missing \begin{document}.

See the LaTeX manual or LaTeX Companion for explanation.
Type  H <return>  for immediate help.
 ...                                              
                                                  
l.57 \section{注
               册}
You're in trouble here.  Try typing  <return>  to proceed.
If that doesn't work, type  X <return>  to quit.

Missing character: There is no 注 ("6CE8) in font nullfont!
Missing character: There is no 册 ("518C) in font nullfont!
Missing character: There is no “ ("201C) in font nullfont!
Missing character: There is no 注 ("6CE8) in font nullfont!
Missing character: There is no 册 ("518C) in font nullfont!
Missing character: There is no ” ("201D) in font nullfont!
Missing character: There is no 功 ("529F) in font nullfont!
Missing character: There is no 能 ("80FD) in font nullfont!
Missing character: There is no 为 ("4E3A) in font nullfont!
Missing character: There is no 导 ("5BFC) in font nullfont!
Missing character: There is no 航 ("822A) in font nullfont!
Missing character: There is no 栏 ("680F) in font nullfont!
Missing character: There is no 第 ("7B2C) in font nullfont!
Missing character: There is no 一 ("4E00) in font nullfont!
Missing character: There is no 个 ("4E2A) in font nullfont!
Missing character: There is no 功 ("529F) in font nullfont!
Missing character: There is no 能 ("80FD) in font nullfont!
Missing character: There is no 按 ("6309) in font nullfont!
Missing character: There is no 钮 ("94AE) in font nullfont!
Missing character: There is no ， ("FF0C) in font nullfont!
Missing character: There is no 点 ("70B9) in font nullfont!
Missing character: There is no 击 ("51FB) in font nullfont!
Missing character: There is no 后 ("540E) in font nullfont!
Missing character: There is no 如 ("5982) in font nullfont!
Missing character: There is no 图 ("56FE) in font nullfont!
! Undefined control sequence.
<write> ... Reference `fig:注册界面' on page \thepage 
                                                  \space undefined\on@line .^^J
l.58 “注册”功能为导航栏第一个功能按钮，点击后如图\ref{fig:注册界面}
                                          所示。第一次使用本软件请注册账号，在未登录情况下，无法使用文件导入功...
The control sequence at the end of the top line
of your error message was never \def'ed. If you have
misspelled it (e.g., `\hobx'), type `I' and the correct
spelling (e.g., `I\hbox'). Otherwise just continue,
and I'll forget about whatever was undefined.


LaTeX Warning: Reference `fig:注册界面' on page  undefined on input line 58.

Missing character: There is no 所 ("6240) in font nullfont!
Missing character: There is no 示 ("793A) in font nullfont!
Missing character: There is no 。 ("3002) in font nullfont!
Missing character: There is no 第 ("7B2C) in font nullfont!
Missing character: There is no 一 ("4E00) in font nullfont!
Missing character: There is no 次 ("6B21) in font nullfont!
Missing character: There is no 使 ("4F7F) in font nullfont!
Missing character: There is no 用 ("7528) in font nullfont!
Missing character: There is no 本 ("672C) in font nullfont!
Missing character: There is no 软 ("8F6F) in font nullfont!
Missing character: There is no 件 ("4EF6) in font nullfont!
Missing character: There is no 请 ("8BF7) in font nullfont!
Missing character: There is no 注 ("6CE8) in font nullfont!
Missing character: There is no 册 ("518C) in font nullfont!
Missing character: There is no 账 ("8D26) in font nullfont!
Missing character: There is no 号 ("53F7) in font nullfont!
Missing character: There is no ， ("FF0C) in font nullfont!
Missing character: There is no 在 ("5728) in font nullfont!
Missing character: There is no 未 ("672A) in font nullfont!
Missing character: There is no 登 ("767B) in font nullfont!
Missing character: There is no 录 ("5F55) in font nullfont!
Missing character: There is no 情 ("60C5) in font nullfont!
Missing character: There is no 况 ("51B5) in font nullfont!
Missing character: There is no 下 ("4E0B) in font nullfont!
Missing character: There is no ， ("FF0C) in font nullfont!
Missing character: There is no 无 ("65E0) in font nullfont!
Missing character: There is no 法 ("6CD5) in font nullfont!
Missing character: There is no 使 ("4F7F) in font nullfont!
Missing character: There is no 用 ("7528) in font nullfont!
Missing character: There is no 文 ("6587) in font nullfont!
Missing character: There is no 件 ("4EF6) in font nullfont!
Missing character: There is no 导 ("5BFC) in font nullfont!
Missing character: There is no 入 ("5165) in font nullfont!
Missing character: There is no 功 ("529F) in font nullfont!
Missing character: There is no 能 ("80FD) in font nullfont!
Missing character: There is no ， ("FF0C) in font nullfont!
Missing character: There is no 即 ("5373) in font nullfont!
Missing character: There is no 不 ("4E0D) in font nullfont!
Missing character: There is no 能 ("80FD) in font nullfont!
Missing character: There is no 借 ("501F) in font nullfont!
Missing character: There is no 助 ("52A9) in font nullfont!
Missing character: There is no 本 ("672C) in font nullfont!
Missing character: There is no 软 ("8F6F) in font nullfont!
Missing character: There is no 件 ("4EF6) in font nullfont!
Missing character: There is no 开 ("5F00) in font nullfont!
Missing character: There is no 展 ("5C55) in font nullfont!
Missing character: There is no 评 ("8BC4) in font nullfont!
Missing character: There is no 审 ("5BA1) in font nullfont!
Missing character: There is no 工 ("5DE5) in font nullfont!
Missing character: There is no 作 ("4F5C) in font nullfont!
Missing character: There is no ， ("FF0C) in font nullfont!
Missing character: There is no 会 ("4F1A) in font nullfont!
Missing character: There is no 有 ("6709) in font nullfont!
Missing character: There is no 如 ("5982) in font nullfont!
Missing character: There is no 图 ("56FE) in font nullfont!
! Undefined control sequence.
<write> ...Reference `fig:未登录警告' on page \thepage 
                                                  \space undefined\on@line .^^J
l.58 ...用文件导入功能，即不能借助本软件开展评审工作，会有如图\ref{fig:未登录警告}
                                                  所示弹窗提醒用户登录。
The control sequence at the end of the top line
of your error message was never \def'ed. If you have
misspelled it (e.g., `\hobx'), type `I' and the correct
spelling (e.g., `I\hbox'). Otherwise just continue,
and I'll forget about whatever was undefined.


LaTeX Warning: Reference `fig:未登录警告' on page  undefined on input line 58.

Missing character: There is no 所 ("6240) in font nullfont!
Missing character: There is no 示 ("793A) in font nullfont!
Missing character: There is no 弹 ("5F39) in font nullfont!
Missing character: There is no 窗 ("7A97) in font nullfont!
Missing character: There is no 提 ("63D0) in font nullfont!
Missing character: There is no 醒 ("9192) in font nullfont!
Missing character: There is no 用 ("7528) in font nullfont!
Missing character: There is no 户 ("6237) in font nullfont!
Missing character: There is no 登 ("767B) in font nullfont!
Missing character: There is no 录 ("5F55) in font nullfont!
Missing character: There is no 。 ("3002) in font nullfont!

! LaTeX Error: Environment figure undefined.

See the LaTeX manual or LaTeX Companion for explanation.
Type  H <return>  for immediate help.
 ...                                              
                                                  
l.59 \begin{figure}
                   [H]
Your command was ignored.
Type  I <command> <return>  to replace it with another command,
or  <return>  to continue without it.

Missing character: There is no [ ("5B) in font nullfont!
Missing character: There is no H ("48) in font nullfont!
Missing character: There is no ] ("5D) in font nullfont!
! Undefined control sequence.
l.63 ^^I^^I\includegraphics
                           [width=\linewidth]{fig/注册界面}
The control sequence at the end of the top line
of your error message was never \def'ed. If you have
misspelled it (e.g., `\hobx'), type `I' and the correct
spelling (e.g., `I\hbox'). Otherwise just continue,
and I'll forget about whatever was undefined.

Missing character: There is no [ ("5B) in font nullfont!
Missing character: There is no w ("77) in font nullfont!
Missing character: There is no i ("69) in font nullfont!
Missing character: There is no d ("64) in font nullfont!
Missing character: There is no t ("74) in font nullfont!
Missing character: There is no h ("68) in font nullfont!
Missing character: There is no = ("3D) in font nullfont!
! Missing number, treated as zero.
<to be read again> 
                   ]
l.63 ^^I^^I\includegraphics[width=\linewidth]
                                             {fig/注册界面}
A number should have been here; I inserted `0'.
(If you can't figure out why I needed to see a number,
look up `weird error' in the index to The TeXbook.)

! Illegal unit of measure (pt inserted).
<to be read again> 
                   ]
l.63 ^^I^^I\includegraphics[width=\linewidth]
                                             {fig/注册界面}
Dimensions can be in units of em, ex, in, pt, pc,
cm, mm, dd, cc, bp, or sp; but yours is a new one!
I'll assume that you meant to say pt, for printer's points.
To recover gracefully from this error, it's best to
delete the erroneous units; e.g., type `2' to delete
two letters. (See Chapter 27 of The TeXbook.)

Missing character: There is no ] ("5D) in font nullfont!
Missing character: There is no f ("66) in font nullfont!
Missing character: There is no i ("69) in font nullfont!
Missing character: There is no g ("67) in font nullfont!
Missing character: There is no / ("2F) in font nullfont!
Missing character: There is no 注 ("6CE8) in font nullfont!
Missing character: There is no 册 ("518C) in font nullfont!
Missing character: There is no 界 ("754C) in font nullfont!
Missing character: There is no 面 ("9762) in font nullfont!

! LaTeX Error: \caption outside float.

See the LaTeX manual or LaTeX Companion for explanation.
Type  H <return>  for immediate help.
 ...                                              
                                                  
l.64 ^^I^^I\caption
                   {用户注册界面}
You're in trouble here.  Try typing  <return>  to proceed.
If that doesn't work, type  X <return>  to quit.

Missing character: There is no 用 ("7528) in font nullfont!
Missing character: There is no 户 ("6237) in font nullfont!
Missing character: There is no 注 ("6CE8) in font nullfont!
Missing character: There is no 册 ("518C) in font nullfont!
Missing character: There is no 界 ("754C) in font nullfont!
Missing character: There is no 面 ("9762) in font nullfont!
LaTeX Font Info:    External font `cmex10' loaded for size
(Font)              <7> on input line 66.
LaTeX Font Info:    External font `cmex10' loaded for size
(Font)              <5> on input line 66.
! Undefined control sequence.
l.70 ^^I^^I\includegraphics
                           [width=0.75\linewidth]{fig/未登录无法导入文件警告}
The control sequence at the end of the top line
of your error message was never \def'ed. If you have
misspelled it (e.g., `\hobx'), type `I' and the correct
spelling (e.g., `I\hbox'). Otherwise just continue,
and I'll forget about whatever was undefined.

Missing character: There is no [ ("5B) in font nullfont!
Missing character: There is no w ("77) in font nullfont!
Missing character: There is no i ("69) in font nullfont!
Missing character: There is no d ("64) in font nullfont!
Missing character: There is no t ("74) in font nullfont!
Missing character: There is no h ("68) in font nullfont!
Missing character: There is no = ("3D) in font nullfont!
Missing character: There is no 0 ("30) in font nullfont!
Missing character: There is no . ("2E) in font nullfont!
Missing character: There is no 7 ("37) in font nullfont!
Missing character: There is no 5 ("35) in font nullfont!
! Missing number, treated as zero.
<to be read again> 
                   ]
l.70 ^^I^^I\includegraphics[width=0.75\linewidth]
                                                 {fig/未登录无法导入文件警告}
A number should have been here; I inserted `0'.
(If you can't figure out why I needed to see a number,
look up `weird error' in the index to The TeXbook.)

! Illegal unit of measure (pt inserted).
<to be read again> 
                   ]
l.70 ^^I^^I\includegraphics[width=0.75\linewidth]
                                                 {fig/未登录无法导入文件警告}
Dimensions can be in units of em, ex, in, pt, pc,
cm, mm, dd, cc, bp, or sp; but yours is a new one!
I'll assume that you meant to say pt, for printer's points.
To recover gracefully from this error, it's best to
delete the erroneous units; e.g., type `2' to delete
two letters. (See Chapter 27 of The TeXbook.)

Missing character: There is no ] ("5D) in font nullfont!
Missing character: There is no f ("66) in font nullfont!
Missing character: There is no i ("69) in font nullfont!
Missing character: There is no g ("67) in font nullfont!
Missing character: There is no / ("2F) in font nullfont!
Missing character: There is no 未 ("672A) in font nullfont!
Missing character: There is no 登 ("767B) in font nullfont!
Missing character: There is no 录 ("5F55) in font nullfont!
Missing character: There is no 无 ("65E0) in font nullfont!
Missing character: There is no 法 ("6CD5) in font nullfont!
Missing character: There is no 导 ("5BFC) in font nullfont!
Missing character: There is no 入 ("5165) in font nullfont!
Missing character: There is no 文 ("6587) in font nullfont!
Missing character: There is no 件 ("4EF6) in font nullfont!
Missing character: There is no 警 ("8B66) in font nullfont!
Missing character: There is no 告 ("544A) in font nullfont!

! LaTeX Error: \caption outside float.

See the LaTeX manual or LaTeX Companion for explanation.
Type  H <return>  for immediate help.
 ...                                              
                                                  
l.71 ^^I^^I\caption
                   {未登录无法导入文件警告提示}
You're in trouble here.  Try typing  <return>  to proceed.
If that doesn't work, type  X <return>  to quit.

Missing character: There is no 未 ("672A) in font nullfont!
Missing character: There is no 登 ("767B) in font nullfont!
Missing character: There is no 录 ("5F55) in font nullfont!
Missing character: There is no 无 ("65E0) in font nullfont!
Missing character: There is no 法 ("6CD5) in font nullfont!
Missing character: There is no 导 ("5BFC) in font nullfont!
Missing character: There is no 入 ("5165) in font nullfont!
Missing character: There is no 文 ("6587) in font nullfont!
Missing character: There is no 件 ("4EF6) in font nullfont!
Missing character: There is no 警 ("8B66) in font nullfont!
Missing character: There is no 告 ("544A) in font nullfont!
Missing character: There is no 提 ("63D0) in font nullfont!
Missing character: There is no 示 ("793A) in font nullfont!

! LaTeX Error: \begin{document} ended by \end{figure}.

See the LaTeX manual or LaTeX Companion for explanation.
Type  H <return>  for immediate help.
 ...                                              
                                                  
l.74 \end{figure}
                 
Your command was ignored.
Type  I <command> <return>  to replace it with another command,
or  <return>  to continue without it.


Overfull \hbox (20.0pt too wide) in paragraph at lines 57--75
[]
 []


Overfull \hbox (21.72pt too wide) in paragraph at lines 57--75
[][]
 []


! LaTeX Error: Missing \begin{document}.

See the LaTeX manual or LaTeX Companion for explanation.
Type  H <return>  for immediate help.
 ...                                              
                                                  
l.77 注
      册账户时，需要输入用户名和密码，用户名可以是文字、数字、字母、符号诸如此类的文本内容，密码同样支持。如果在注册时缺少两者之一，会弹窗警告如图...

You're in trouble here.  Try typing  <return>  to proceed.
If that doesn't work, type  X <return>  to quit.

Missing character: There is no 注 ("6CE8) in font nullfont!
Missing character: There is no 册 ("518C) in font nullfont!
Missing character: There is no 账 ("8D26) in font nullfont!
Missing character: There is no 户 ("6237) in font nullfont!
Missing character: There is no 时 ("65F6) in font nullfont!
Missing character: There is no ， ("FF0C) in font nullfont!
Missing character: There is no 需 ("9700) in font nullfont!
Missing character: There is no 要 ("8981) in font nullfont!
Missing character: There is no 输 ("8F93) in font nullfont!
Missing character: There is no 入 ("5165) in font nullfont!
Missing character: There is no 用 ("7528) in font nullfont!
Missing character: There is no 户 ("6237) in font nullfont!
Missing character: There is no 名 ("540D) in font nullfont!
Missing character: There is no 和 ("548C) in font nullfont!
Missing character: There is no 密 ("5BC6) in font nullfont!
Missing character: There is no 码 ("7801) in font nullfont!
Missing character: There is no ， ("FF0C) in font nullfont!
Missing character: There is no 用 ("7528) in font nullfont!
Missing character: There is no 户 ("6237) in font nullfont!
Missing character: There is no 名 ("540D) in font nullfont!
Missing character: There is no 可 ("53EF) in font nullfont!
Missing character: There is no 以 ("4EE5) in font nullfont!
Missing character: There is no 是 ("662F) in font nullfont!
Missing character: There is no 文 ("6587) in font nullfont!
Missing character: There is no 字 ("5B57) in font nullfont!
Missing character: There is no 、 ("3001) in font nullfont!
Missing character: There is no 数 ("6570) in font nullfont!
Missing character: There is no 字 ("5B57) in font nullfont!
Missing character: There is no 、 ("3001) in font nullfont!
Missing character: There is no 字 ("5B57) in font nullfont!
Missing character: There is no 母 ("6BCD) in font nullfont!
Missing character: There is no 、 ("3001) in font nullfont!
Missing character: There is no 符 ("7B26) in font nullfont!
Missing character: There is no 号 ("53F7) in font nullfont!
Missing character: There is no 诸 ("8BF8) in font nullfont!
Missing character: There is no 如 ("5982) in font nullfont!
Missing character: There is no 此 ("6B64) in font nullfont!
Missing character: There is no 类 ("7C7B) in font nullfont!
Missing character: There is no 的 ("7684) in font nullfont!
Missing character: There is no 文 ("6587) in font nullfont!
Missing character: There is no 本 ("672C) in font nullfont!
Missing character: There is no 内 ("5185) in font nullfont!
Missing character: There is no 容 ("5BB9) in font nullfont!
Missing character: There is no ， ("FF0C) in font nullfont!
Missing character: There is no 密 ("5BC6) in font nullfont!
Missing character: There is no 码 ("7801) in font nullfont!
Missing character: There is no 同 ("540C) in font nullfont!
Missing character: There is no 样 ("6837) in font nullfont!
Missing character: There is no 支 ("652F) in font nullfont!
Missing character: There is no 持 ("6301) in font nullfont!
Missing character: There is no 。 ("3002) in font nullfont!
Missing character: There is no 如 ("5982) in font nullfont!
Missing character: There is no 果 ("679C) in font nullfont!
Missing character: There is no 在 ("5728) in font nullfont!
Missing character: There is no 注 ("6CE8) in font nullfont!
Missing character: There is no 册 ("518C) in font nullfont!
Missing character: There is no 时 ("65F6) in font nullfont!
Missing character: There is no 缺 ("7F3A) in font nullfont!
Missing character: There is no 少 ("5C11) in font nullfont!
Missing character: There is no 两 ("4E24) in font nullfont!
Missing character: There is no 者 ("8005) in font nullfont!
Missing character: There is no 之 ("4E4B) in font nullfont!
Missing character: There is no 一 ("4E00) in font nullfont!
Missing character: There is no ， ("FF0C) in font nullfont!
Missing character: There is no 会 ("4F1A) in font nullfont!
Missing character: There is no 弹 ("5F39) in font nullfont!
Missing character: There is no 窗 ("7A97) in font nullfont!
Missing character: There is no 警 ("8B66) in font nullfont!
Missing character: There is no 告 ("544A) in font nullfont!
Missing character: There is no 如 ("5982) in font nullfont!
Missing character: There is no 图 ("56FE) in font nullfont!
! Undefined control sequence.
<write> ...erence `fig:注册错误警告界面' on page \thepage 
                                                  \space undefined\on@line .^^J
l.77 ...样支持。如果在注册时缺少两者之一，会弹窗警告如图\ref{fig:注册错误警告界面}
                                                  所示。当注册用户名为已注册用户时，会提示“该账户已存...
The control sequence at the end of the top line
of your error message was never \def'ed. If you have
misspelled it (e.g., `\hobx'), type `I' and the correct
spelling (e.g., `I\hbox'). Otherwise just continue,
and I'll forget about whatever was undefined.


LaTeX Warning: Reference `fig:注册错误警告界面' on page  undefined on input line 77.

Missing character: There is no 所 ("6240) in font nullfont!
Missing character: There is no 示 ("793A) in font nullfont!
Missing character: There is no 。 ("3002) in font nullfont!
Missing character: There is no 当 ("5F53) in font nullfont!
Missing character: There is no 注 ("6CE8) in font nullfont!
Missing character: There is no 册 ("518C) in font nullfont!
Missing character: There is no 用 ("7528) in font nullfont!
Missing character: There is no 户 ("6237) in font nullfont!
Missing character: There is no 名 ("540D) in font nullfont!
Missing character: There is no 为 ("4E3A) in font nullfont!
Missing character: There is no 已 ("5DF2) in font nullfont!
Missing character: There is no 注 ("6CE8) in font nullfont!
Missing character: There is no 册 ("518C) in font nullfont!
Missing character: There is no 用 ("7528) in font nullfont!
Missing character: There is no 户 ("6237) in font nullfont!
Missing character: There is no 时 ("65F6) in font nullfont!
Missing character: There is no ， ("FF0C) in font nullfont!
Missing character: There is no 会 ("4F1A) in font nullfont!
Missing character: There is no 提 ("63D0) in font nullfont!
Missing character: There is no 示 ("793A) in font nullfont!
Missing character: There is no “ ("201C) in font nullfont!
Missing character: There is no 该 ("8BE5) in font nullfont!
Missing character: There is no 账 ("8D26) in font nullfont!
Missing character: There is no 户 ("6237) in font nullfont!
Missing character: There is no 已 ("5DF2) in font nullfont!
Missing character: There is no 存 ("5B58) in font nullfont!
Missing character: There is no 在 ("5728) in font nullfont!
Missing character: There is no ” ("201D) in font nullfont!
Missing character: There is no ， ("FF0C) in font nullfont!
Missing character: There is no 如 ("5982) in font nullfont!
Missing character: There is no 图 ("56FE) in font nullfont!
! Undefined control sequence.
<write> ...eference `fig:重复注册警告' on page \thepage 
                                                  \space undefined\on@line .^^J
l.77 ...册用户名为已注册用户时，会提示“该账户已存在”，如图\ref{fig:重复注册警告}
                                                  所示。\textbf{请第一次注册时，妥善记录和保存...
The control sequence at the end of the top line
of your error message was never \def'ed. If you have
misspelled it (e.g., `\hobx'), type `I' and the correct
spelling (e.g., `I\hbox'). Otherwise just continue,
and I'll forget about whatever was undefined.


LaTeX Warning: Reference `fig:重复注册警告' on page  undefined on input line 77.

Missing character: There is no 所 ("6240) in font nullfont!
Missing character: There is no 示 ("793A) in font nullfont!
Missing character: There is no 。 ("3002) in font nullfont!
Missing character: There is no 请 (U+8BF7) in font [lmroman10-bold]:mapping=tex-
text;!
Missing character: There is no 第 (U+7B2C) in font [lmroman10-bold]:mapping=tex-
text;!
Missing character: There is no 一 (U+4E00) in font [lmroman10-bold]:mapping=tex-
text;!
Missing character: There is no 次 (U+6B21) in font [lmroman10-bold]:mapping=tex-
text;!
Missing character: There is no 注 (U+6CE8) in font [lmroman10-bold]:mapping=tex-
text;!
Missing character: There is no 册 (U+518C) in font [lmroman10-bold]:mapping=tex-
text;!
Missing character: There is no 时 (U+65F6) in font [lmroman10-bold]:mapping=tex-
text;!
Missing character: There is no ， (U+FF0C) in font [lmroman10-bold]:mapping=tex-
text;!
Missing character: There is no 妥 (U+59A5) in font [lmroman10-bold]:mapping=tex-
text;!
Missing character: There is no 善 (U+5584) in font [lmroman10-bold]:mapping=tex-
text;!
Missing character: There is no 记 (U+8BB0) in font [lmroman10-bold]:mapping=tex-
text;!
Missing character: There is no 录 (U+5F55) in font [lmroman10-bold]:mapping=tex-
text;!
Missing character: There is no 和 (U+548C) in font [lmroman10-bold]:mapping=tex-
text;!
Missing character: There is no 保 (U+4FDD) in font [lmroman10-bold]:mapping=tex-
text;!
Missing character: There is no 存 (U+5B58) in font [lmroman10-bold]:mapping=tex-
text;!
Missing character: There is no 用 (U+7528) in font [lmroman10-bold]:mapping=tex-
text;!
Missing character: There is no 户 (U+6237) in font [lmroman10-bold]:mapping=tex-
text;!
Missing character: There is no 名 (U+540D) in font [lmroman10-bold]:mapping=tex-
text;!
Missing character: There is no 和 (U+548C) in font [lmroman10-bold]:mapping=tex-
text;!
Missing character: There is no 密 (U+5BC6) in font [lmroman10-bold]:mapping=tex-
text;!
Missing character: There is no 码 (U+7801) in font [lmroman10-bold]:mapping=tex-
text;!
Missing character: There is no 。 (U+3002) in font [lmroman10-bold]:mapping=tex-
text;!

! LaTeX Error: Environment figure undefined.

See the LaTeX manual or LaTeX Companion for explanation.
Type  H <return>  for immediate help.
 ...                                              
                                                  
l.78 \begin{figure}
                   [H]
Your command was ignored.
Type  I <command> <return>  to replace it with another command,
or  <return>  to continue without it.

Missing character: There is no [ ("5B) in font nullfont!
Missing character: There is no H ("48) in font nullfont!
Missing character: There is no ] ("5D) in font nullfont!
! Undefined control sequence.
l.82 ^^I^^I\includegraphics
                           [width=\linewidth]{fig/注册错误警告界面}
The control sequence at the end of the top line
of your error message was never \def'ed. If you have
misspelled it (e.g., `\hobx'), type `I' and the correct
spelling (e.g., `I\hbox'). Otherwise just continue,
and I'll forget about whatever was undefined.

Missing character: There is no [ ("5B) in font nullfont!
Missing character: There is no w ("77) in font nullfont!
Missing character: There is no i ("69) in font nullfont!
Missing character: There is no d ("64) in font nullfont!
Missing character: There is no t ("74) in font nullfont!
Missing character: There is no h ("68) in font nullfont!
Missing character: There is no = ("3D) in font nullfont!
! Missing number, treated as zero.
<to be read again> 
                   ]
l.82 ^^I^^I\includegraphics[width=\linewidth]
                                             {fig/注册错误警告界面}
A number should have been here; I inserted `0'.
(If you can't figure out why I needed to see a number,
look up `weird error' in the index to The TeXbook.)

! Illegal unit of measure (pt inserted).
<to be read again> 
                   ]
l.82 ^^I^^I\includegraphics[width=\linewidth]
                                             {fig/注册错误警告界面}
Dimensions can be in units of em, ex, in, pt, pc,
cm, mm, dd, cc, bp, or sp; but yours is a new one!
I'll assume that you meant to say pt, for printer's points.
To recover gracefully from this error, it's best to
delete the erroneous units; e.g., type `2' to delete
two letters. (See Chapter 27 of The TeXbook.)

Missing character: There is no ] ("5D) in font nullfont!
Missing character: There is no f ("66) in font nullfont!
Missing character: There is no i ("69) in font nullfont!
Missing character: There is no g ("67) in font nullfont!
Missing character: There is no / ("2F) in font nullfont!
Missing character: There is no 注 ("6CE8) in font nullfont!
Missing character: There is no 册 ("518C) in font nullfont!
Missing character: There is no 错 ("9519) in font nullfont!
Missing character: There is no 误 ("8BEF) in font nullfont!
Missing character: There is no 警 ("8B66) in font nullfont!
Missing character: There is no 告 ("544A) in font nullfont!
Missing character: There is no 界 ("754C) in font nullfont!
Missing character: There is no 面 ("9762) in font nullfont!

! LaTeX Error: \caption outside float.

See the LaTeX manual or LaTeX Companion for explanation.
Type  H <return>  for immediate help.
 ...                                              
                                                  
l.83 ^^I^^I\caption
                   {注册错误警告界面}
You're in trouble here.  Try typing  <return>  to proceed.
If that doesn't work, type  X <return>  to quit.

Missing character: There is no 注 ("6CE8) in font nullfont!
Missing character: There is no 册 ("518C) in font nullfont!
Missing character: There is no 错 ("9519) in font nullfont!
Missing character: There is no 误 ("8BEF) in font nullfont!
Missing character: There is no 警 ("8B66) in font nullfont!
Missing character: There is no 告 ("544A) in font nullfont!
Missing character: There is no 界 ("754C) in font nullfont!
Missing character: There is no 面 ("9762) in font nullfont!
! Undefined control sequence.
l.89 ^^I^^I\includegraphics
                           [width=0.85\linewidth]{fig/重复注册警告}
The control sequence at the end of the top line
of your error message was never \def'ed. If you have
misspelled it (e.g., `\hobx'), type `I' and the correct
spelling (e.g., `I\hbox'). Otherwise just continue,
and I'll forget about whatever was undefined.

Missing character: There is no [ ("5B) in font nullfont!
Missing character: There is no w ("77) in font nullfont!
Missing character: There is no i ("69) in font nullfont!
Missing character: There is no d ("64) in font nullfont!
Missing character: There is no t ("74) in font nullfont!
Missing character: There is no h ("68) in font nullfont!
Missing character: There is no = ("3D) in font nullfont!
Missing character: There is no 0 ("30) in font nullfont!
Missing character: There is no . ("2E) in font nullfont!
Missing character: There is no 8 ("38) in font nullfont!
Missing character: There is no 5 ("35) in font nullfont!
! Missing number, treated as zero.
<to be read again> 
                   ]
l.89 ^^I^^I\includegraphics[width=0.85\linewidth]
                                                 {fig/重复注册警告}
A number should have been here; I inserted `0'.
(If you can't figure out why I needed to see a number,
look up `weird error' in the index to The TeXbook.)

! Illegal unit of measure (pt inserted).
<to be read again> 
                   ]
l.89 ^^I^^I\includegraphics[width=0.85\linewidth]
                                                 {fig/重复注册警告}
Dimensions can be in units of em, ex, in, pt, pc,
cm, mm, dd, cc, bp, or sp; but yours is a new one!
I'll assume that you meant to say pt, for printer's points.
To recover gracefully from this error, it's best to
delete the erroneous units; e.g., type `2' to delete
two letters. (See Chapter 27 of The TeXbook.)

Missing character: There is no ] ("5D) in font nullfont!
Missing character: There is no f ("66) in font nullfont!
Missing character: There is no i ("69) in font nullfont!
Missing character: There is no g ("67) in font nullfont!
Missing character: There is no / ("2F) in font nullfont!
Missing character: There is no 重 ("91CD) in font nullfont!
Missing character: There is no 复 ("590D) in font nullfont!
Missing character: There is no 注 ("6CE8) in font nullfont!
Missing character: There is no 册 ("518C) in font nullfont!
Missing character: There is no 警 ("8B66) in font nullfont!
Missing character: There is no 告 ("544A) in font nullfont!

! LaTeX Error: \caption outside float.

See the LaTeX manual or LaTeX Companion for explanation.
Type  H <return>  for immediate help.
 ...                                              
                                                  
l.90 ^^I^^I\caption
                   {重复注册警告}
You're in trouble here.  Try typing  <return>  to proceed.
If that doesn't work, type  X <return>  to quit.

Missing character: There is no 重 ("91CD) in font nullfont!
Missing character: There is no 复 ("590D) in font nullfont!
Missing character: There is no 注 ("6CE8) in font nullfont!
Missing character: There is no 册 ("518C) in font nullfont!
Missing character: There is no 警 ("8B66) in font nullfont!
Missing character: There is no 告 ("544A) in font nullfont!

! LaTeX Error: \begin{document} ended by \end{figure}.

See the LaTeX manual or LaTeX Companion for explanation.
Type  H <return>  for immediate help.
 ...                                              
                                                  
l.93 \end{figure}
                 
Your command was ignored.
Type  I <command> <return>  to replace it with another command,
or  <return>  to continue without it.


Overfull \hbox (103.32pt too wide) in paragraph at lines 77--94
[][][]\TU/lmr/bx/n/10 请第一次注册时，妥善记录和保存用户名和密码。
 []

! Undefined control sequence.
l.95 \section
             {登录}
The control sequence at the end of the top line
of your error message was never \def'ed. If you have
misspelled it (e.g., `\hobx'), type `I' and the correct
spelling (e.g., `I\hbox'). Otherwise just continue,
and I'll forget about whatever was undefined.


! LaTeX Error: Missing \begin{document}.

See the LaTeX manual or LaTeX Companion for explanation.
Type  H <return>  for immediate help.
 ...                                              
                                                  
l.95 \section{登
               录}
You're in trouble here.  Try typing  <return>  to proceed.
If that doesn't work, type  X <return>  to quit.

Missing character: There is no 登 ("767B) in font nullfont!
Missing character: There is no 录 ("5F55) in font nullfont!
Missing character: There is no “ ("201C) in font nullfont!
Missing character: There is no 登 ("767B) in font nullfont!
Missing character: There is no 录 ("5F55) in font nullfont!
Missing character: There is no ” ("201D) in font nullfont!
Missing character: There is no 功 ("529F) in font nullfont!
Missing character: There is no 能 ("80FD) in font nullfont!
Missing character: There is no 为 ("4E3A) in font nullfont!
Missing character: There is no 导 ("5BFC) in font nullfont!
Missing character: There is no 航 ("822A) in font nullfont!
Missing character: There is no 栏 ("680F) in font nullfont!
Missing character: There is no 第 ("7B2C) in font nullfont!
Missing character: There is no 二 ("4E8C) in font nullfont!
Missing character: There is no 个 ("4E2A) in font nullfont!
Missing character: There is no 功 ("529F) in font nullfont!
Missing character: There is no 能 ("80FD) in font nullfont!
Missing character: There is no 按 ("6309) in font nullfont!
Missing character: There is no 钮 ("94AE) in font nullfont!
Missing character: There is no ， ("FF0C) in font nullfont!
Missing character: There is no 点 ("70B9) in font nullfont!
Missing character: There is no 击 ("51FB) in font nullfont!
Missing character: There is no 后 ("540E) in font nullfont!
Missing character: There is no 如 ("5982) in font nullfont!
Missing character: There is no 图 ("56FE) in font nullfont!
! Undefined control sequence.
<write> ... Reference `fig:登录界面' on page \thepage 
                                                  \space undefined\on@line .^^J
l.96 “登录”功能为导航栏第二个功能按钮，点击后如图\ref{fig:登录界面}
                                          所示。在未登录情况下，无法使用文件导入功能，即不能借助本软件开展评审...
The control sequence at the end of the top line
of your error message was never \def'ed. If you have
misspelled it (e.g., `\hobx'), type `I' and the correct
spelling (e.g., `I\hbox'). Otherwise just continue,
and I'll forget about whatever was undefined.


LaTeX Warning: Reference `fig:登录界面' on page  undefined on input line 96.

Missing character: There is no 所 ("6240) in font nullfont!
Missing character: There is no 示 ("793A) in font nullfont!
Missing character: There is no 。 ("3002) in font nullfont!
Missing character: There is no 在 ("5728) in font nullfont!
Missing character: There is no 未 ("672A) in font nullfont!
Missing character: There is no 登 ("767B) in font nullfont!
Missing character: There is no 录 ("5F55) in font nullfont!
Missing character: There is no 情 ("60C5) in font nullfont!
Missing character: There is no 况 ("51B5) in font nullfont!
Missing character: There is no 下 ("4E0B) in font nullfont!
Missing character: There is no ， ("FF0C) in font nullfont!
Missing character: There is no 无 ("65E0) in font nullfont!
Missing character: There is no 法 ("6CD5) in font nullfont!
Missing character: There is no 使 ("4F7F) in font nullfont!
Missing character: There is no 用 ("7528) in font nullfont!
Missing character: There is no 文 ("6587) in font nullfont!
Missing character: There is no 件 ("4EF6) in font nullfont!
Missing character: There is no 导 ("5BFC) in font nullfont!
Missing character: There is no 入 ("5165) in font nullfont!
Missing character: There is no 功 ("529F) in font nullfont!
Missing character: There is no 能 ("80FD) in font nullfont!
Missing character: There is no ， ("FF0C) in font nullfont!
Missing character: There is no 即 ("5373) in font nullfont!
Missing character: There is no 不 ("4E0D) in font nullfont!
Missing character: There is no 能 ("80FD) in font nullfont!
Missing character: There is no 借 ("501F) in font nullfont!
Missing character: There is no 助 ("52A9) in font nullfont!
Missing character: There is no 本 ("672C) in font nullfont!
Missing character: There is no 软 ("8F6F) in font nullfont!
Missing character: There is no 件 ("4EF6) in font nullfont!
Missing character: There is no 开 ("5F00) in font nullfont!
Missing character: There is no 展 ("5C55) in font nullfont!
Missing character: There is no 评 ("8BC4) in font nullfont!
Missing character: There is no 审 ("5BA1) in font nullfont!
Missing character: There is no 工 ("5DE5) in font nullfont!
Missing character: There is no 作 ("4F5C) in font nullfont!
Missing character: There is no ， ("FF0C) in font nullfont!
Missing character: There is no 会 ("4F1A) in font nullfont!
Missing character: There is no 有 ("6709) in font nullfont!
Missing character: There is no 如 ("5982) in font nullfont!
Missing character: There is no 图 ("56FE) in font nullfont!
! Undefined control sequence.
<write> ...eference `fig:未登录警告1' on page \thepage 
                                                  \space undefined\on@line .^^J
l.96 ...文件导入功能，即不能借助本软件开展评审工作，会有如图\ref{fig:未登录警告1}
                                                  所示弹窗提醒用户登录。
The control sequence at the end of the top line
of your error message was never \def'ed. If you have
misspelled it (e.g., `\hobx'), type `I' and the correct
spelling (e.g., `I\hbox'). Otherwise just continue,
and I'll forget about whatever was undefined.


LaTeX Warning: Reference `fig:未登录警告1' on page  undefined on input line 96.

Missing character: There is no 所 ("6240) in font nullfont!
Missing character: There is no 示 ("793A) in font nullfont!
Missing character: There is no 弹 ("5F39) in font nullfont!
Missing character: There is no 窗 ("7A97) in font nullfont!
Missing character: There is no 提 ("63D0) in font nullfont!
Missing character: There is no 醒 ("9192) in font nullfont!
Missing character: There is no 用 ("7528) in font nullfont!
Missing character: There is no 户 ("6237) in font nullfont!
Missing character: There is no 登 ("767B) in font nullfont!
Missing character: There is no 录 ("5F55) in font nullfont!
Missing character: There is no 。 ("3002) in font nullfont!

Overfull \hbox (20.0pt too wide) in paragraph at lines 95--97
[]
 []


Overfull \hbox (21.72pt too wide) in paragraph at lines 95--97
[][] 
 []


! LaTeX Error: Environment figure undefined.

See the LaTeX manual or LaTeX Companion for explanation.
Type  H <return>  for immediate help.
 ...                                              
                                                  
l.99 \begin{figure}
                   [H]
Your command was ignored.
Type  I <command> <return>  to replace it with another command,
or  <return>  to continue without it.


! LaTeX Error: Missing \begin{document}.

See the LaTeX manual or LaTeX Companion for explanation.
Type  H <return>  for immediate help.
 ...                                              
                                                  
l.99 \begin{figure}[
                    H]
You're in trouble here.  Try typing  <return>  to proceed.
If that doesn't work, type  X <return>  to quit.

Missing character: There is no [ ("5B) in font nullfont!
Missing character: There is no H ("48) in font nullfont!
Missing character: There is no ] ("5D) in font nullfont!
! Undefined control sequence.
l.103 ^^I^^I\includegraphics
                            [width=\linewidth]{fig/登录界面}
The control sequence at the end of the top line
of your error message was never \def'ed. If you have
misspelled it (e.g., `\hobx'), type `I' and the correct
spelling (e.g., `I\hbox'). Otherwise just continue,
and I'll forget about whatever was undefined.

Missing character: There is no [ ("5B) in font nullfont!
Missing character: There is no w ("77) in font nullfont!
Missing character: There is no i ("69) in font nullfont!
Missing character: There is no d ("64) in font nullfont!
Missing character: There is no t ("74) in font nullfont!
Missing character: There is no h ("68) in font nullfont!
Missing character: There is no = ("3D) in font nullfont!
! Missing number, treated as zero.
<to be read again> 
                   ]
l.103 ^^I^^I\includegraphics[width=\linewidth]
                                              {fig/登录界面}
A number should have been here; I inserted `0'.
(If you can't figure out why I needed to see a number,
look up `weird error' in the index to The TeXbook.)

! Illegal unit of measure (pt inserted).
<to be read again> 
                   ]
l.103 ^^I^^I\includegraphics[width=\linewidth]
                                              {fig/登录界面}
Dimensions can be in units of em, ex, in, pt, pc,
cm, mm, dd, cc, bp, or sp; but yours is a new one!
I'll assume that you meant to say pt, for printer's points.
To recover gracefully from this error, it's best to
delete the erroneous units; e.g., type `2' to delete
two letters. (See Chapter 27 of The TeXbook.)

Missing character: There is no ] ("5D) in font nullfont!
Missing character: There is no f ("66) in font nullfont!
Missing character: There is no i ("69) in font nullfont!
Missing character: There is no g ("67) in font nullfont!
Missing character: There is no / ("2F) in font nullfont!
Missing character: There is no 登 ("767B) in font nullfont!
Missing character: There is no 录 ("5F55) in font nullfont!
Missing character: There is no 界 ("754C) in font nullfont!
Missing character: There is no 面 ("9762) in font nullfont!

! LaTeX Error: \caption outside float.

See the LaTeX manual or LaTeX Companion for explanation.
Type  H <return>  for immediate help.
 ...                                              
                                                  
l.104 ^^I^^I\caption
                    {用户登录界面}
You're in trouble here.  Try typing  <return>  to proceed.
If that doesn't work, type  X <return>  to quit.

Missing character: There is no 用 ("7528) in font nullfont!
Missing character: There is no 户 ("6237) in font nullfont!
Missing character: There is no 登 ("767B) in font nullfont!
Missing character: There is no 录 ("5F55) in font nullfont!
Missing character: There is no 界 ("754C) in font nullfont!
Missing character: There is no 面 ("9762) in font nullfont!
! Undefined control sequence.
l.110 ^^I^^I\includegraphics
                            [width=0.7\linewidth]{fig/未登录无法导入文件警告}
The control sequence at the end of the top line
of your error message was never \def'ed. If you have
misspelled it (e.g., `\hobx'), type `I' and the correct
spelling (e.g., `I\hbox'). Otherwise just continue,
and I'll forget about whatever was undefined.

Missing character: There is no [ ("5B) in font nullfont!
Missing character: There is no w ("77) in font nullfont!
Missing character: There is no i ("69) in font nullfont!
Missing character: There is no d ("64) in font nullfont!
Missing character: There is no t ("74) in font nullfont!
Missing character: There is no h ("68) in font nullfont!
Missing character: There is no = ("3D) in font nullfont!
Missing character: There is no 0 ("30) in font nullfont!
Missing character: There is no . ("2E) in font nullfont!
Missing character: There is no 7 ("37) in font nullfont!
! Missing number, treated as zero.
<to be read again> 
                   ]
l.110 ^^I^^I\includegraphics[width=0.7\linewidth]
                                                 {fig/未登录无法导入文件警告}
A number should have been here; I inserted `0'.
(If you can't figure out why I needed to see a number,
look up `weird error' in the index to The TeXbook.)

! Illegal unit of measure (pt inserted).
<to be read again> 
                   ]
l.110 ^^I^^I\includegraphics[width=0.7\linewidth]
                                                 {fig/未登录无法导入文件警告}
Dimensions can be in units of em, ex, in, pt, pc,
cm, mm, dd, cc, bp, or sp; but yours is a new one!
I'll assume that you meant to say pt, for printer's points.
To recover gracefully from this error, it's best to
delete the erroneous units; e.g., type `2' to delete
two letters. (See Chapter 27 of The TeXbook.)

Missing character: There is no ] ("5D) in font nullfont!
Missing character: There is no f ("66) in font nullfont!
Missing character: There is no i ("69) in font nullfont!
Missing character: There is no g ("67) in font nullfont!
Missing character: There is no / ("2F) in font nullfont!
Missing character: There is no 未 ("672A) in font nullfont!
Missing character: There is no 登 ("767B) in font nullfont!
Missing character: There is no 录 ("5F55) in font nullfont!
Missing character: There is no 无 ("65E0) in font nullfont!
Missing character: There is no 法 ("6CD5) in font nullfont!
Missing character: There is no 导 ("5BFC) in font nullfont!
Missing character: There is no 入 ("5165) in font nullfont!
Missing character: There is no 文 ("6587) in font nullfont!
Missing character: There is no 件 ("4EF6) in font nullfont!
Missing character: There is no 警 ("8B66) in font nullfont!
Missing character: There is no 告 ("544A) in font nullfont!

! LaTeX Error: \caption outside float.

See the LaTeX manual or LaTeX Companion for explanation.
Type  H <return>  for immediate help.
 ...                                              
                                                  
l.111 ^^I^^I\caption
                    {未登录无法导入文件警告提示}
You're in trouble here.  Try typing  <return>  to proceed.
If that doesn't work, type  X <return>  to quit.

Missing character: There is no 未 ("672A) in font nullfont!
Missing character: There is no 登 ("767B) in font nullfont!
Missing character: There is no 录 ("5F55) in font nullfont!
Missing character: There is no 无 ("65E0) in font nullfont!
Missing character: There is no 法 ("6CD5) in font nullfont!
Missing character: There is no 导 ("5BFC) in font nullfont!
Missing character: There is no 入 ("5165) in font nullfont!
Missing character: There is no 文 ("6587) in font nullfont!
Missing character: There is no 件 ("4EF6) in font nullfont!
Missing character: There is no 警 ("8B66) in font nullfont!
Missing character: There is no 告 ("544A) in font nullfont!
Missing character: There is no 提 ("63D0) in font nullfont!
Missing character: There is no 示 ("793A) in font nullfont!

! LaTeX Error: \begin{document} ended by \end{figure}.

See the LaTeX manual or LaTeX Companion for explanation.
Type  H <return>  for immediate help.
 ...                                              
                                                  
l.114 \end{figure}
                  
Your command was ignored.
Type  I <command> <return>  to replace it with another command,
or  <return>  to continue without it.


Overfull \hbox (20.0pt too wide) in paragraph at lines 99--115
[]
 []


! LaTeX Error: Missing \begin{document}.

See the LaTeX manual or LaTeX Companion for explanation.
Type  H <return>  for immediate help.
 ...                                              
                                                  
l.118 登
       录账户时，需要输入用户名和密码。如果在登录时缺少两者之一，会弹窗警告如图\ref{fig:登录错误警告界面}所示。如果输入的用户名不存在，...

You're in trouble here.  Try typing  <return>  to proceed.
If that doesn't work, type  X <return>  to quit.

Missing character: There is no 登 ("767B) in font nullfont!
Missing character: There is no 录 ("5F55) in font nullfont!
Missing character: There is no 账 ("8D26) in font nullfont!
Missing character: There is no 户 ("6237) in font nullfont!
Missing character: There is no 时 ("65F6) in font nullfont!
Missing character: There is no ， ("FF0C) in font nullfont!
Missing character: There is no 需 ("9700) in font nullfont!
Missing character: There is no 要 ("8981) in font nullfont!
Missing character: There is no 输 ("8F93) in font nullfont!
Missing character: There is no 入 ("5165) in font nullfont!
Missing character: There is no 用 ("7528) in font nullfont!
Missing character: There is no 户 ("6237) in font nullfont!
Missing character: There is no 名 ("540D) in font nullfont!
Missing character: There is no 和 ("548C) in font nullfont!
Missing character: There is no 密 ("5BC6) in font nullfont!
Missing character: There is no 码 ("7801) in font nullfont!
Missing character: There is no 。 ("3002) in font nullfont!
Missing character: There is no 如 ("5982) in font nullfont!
Missing character: There is no 果 ("679C) in font nullfont!
Missing character: There is no 在 ("5728) in font nullfont!
Missing character: There is no 登 ("767B) in font nullfont!
Missing character: There is no 录 ("5F55) in font nullfont!
Missing character: There is no 时 ("65F6) in font nullfont!
Missing character: There is no 缺 ("7F3A) in font nullfont!
Missing character: There is no 少 ("5C11) in font nullfont!
Missing character: There is no 两 ("4E24) in font nullfont!
Missing character: There is no 者 ("8005) in font nullfont!
Missing character: There is no 之 ("4E4B) in font nullfont!
Missing character: There is no 一 ("4E00) in font nullfont!
Missing character: There is no ， ("FF0C) in font nullfont!
Missing character: There is no 会 ("4F1A) in font nullfont!
Missing character: There is no 弹 ("5F39) in font nullfont!
Missing character: There is no 窗 ("7A97) in font nullfont!
Missing character: There is no 警 ("8B66) in font nullfont!
Missing character: There is no 告 ("544A) in font nullfont!
Missing character: There is no 如 ("5982) in font nullfont!
Missing character: There is no 图 ("56FE) in font nullfont!
! Undefined control sequence.
<write> ...erence `fig:登录错误警告界面' on page \thepage 
                                                  \space undefined\on@line .^^J
l.118 ...密码。如果在登录时缺少两者之一，会弹窗警告如图\ref{fig:登录错误警告界面}
                                                  所示。如果输入的用户名不存在，会如图\ref{fig...
The control sequence at the end of the top line
of your error message was never \def'ed. If you have
misspelled it (e.g., `\hobx'), type `I' and the correct
spelling (e.g., `I\hbox'). Otherwise just continue,
and I'll forget about whatever was undefined.


LaTeX Warning: Reference `fig:登录错误警告界面' on page  undefined on input line 118.

Missing character: There is no 所 ("6240) in font nullfont!
Missing character: There is no 示 ("793A) in font nullfont!
Missing character: There is no 。 ("3002) in font nullfont!
Missing character: There is no 如 ("5982) in font nullfont!
Missing character: There is no 果 ("679C) in font nullfont!
Missing character: There is no 输 ("8F93) in font nullfont!
Missing character: There is no 入 ("5165) in font nullfont!
Missing character: There is no 的 ("7684) in font nullfont!
Missing character: There is no 用 ("7528) in font nullfont!
Missing character: There is no 户 ("6237) in font nullfont!
Missing character: There is no 名 ("540D) in font nullfont!
Missing character: There is no 不 ("4E0D) in font nullfont!
Missing character: There is no 存 ("5B58) in font nullfont!
Missing character: There is no 在 ("5728) in font nullfont!
Missing character: There is no ， ("FF0C) in font nullfont!
Missing character: There is no 会 ("4F1A) in font nullfont!
Missing character: There is no 如 ("5982) in font nullfont!
Missing character: There is no 图 ("56FE) in font nullfont!
! Undefined control sequence.
<write> ...erence `fig:用户名不存在提醒' on page \thepage 
                                                  \space undefined\on@line .^^J
l.118 ...警告界面}所示。如果输入的用户名不存在，会如图\ref{fig:用户名不存在提醒}
                                                  所示弹窗提示用户名不存在，请用户进行注册或检查是否存...
The control sequence at the end of the top line
of your error message was never \def'ed. If you have
misspelled it (e.g., `\hobx'), type `I' and the correct
spelling (e.g., `I\hbox'). Otherwise just continue,
and I'll forget about whatever was undefined.


LaTeX Warning: Reference `fig:用户名不存在提醒' on page  undefined on input line 118.

Missing character: There is no 所 ("6240) in font nullfont!
Missing character: There is no 示 ("793A) in font nullfont!
Missing character: There is no 弹 ("5F39) in font nullfont!
Missing character: There is no 窗 ("7A97) in font nullfont!
Missing character: There is no 提 ("63D0) in font nullfont!
Missing character: There is no 示 ("793A) in font nullfont!
Missing character: There is no 用 ("7528) in font nullfont!
Missing character: There is no 户 ("6237) in font nullfont!
Missing character: There is no 名 ("540D) in font nullfont!
Missing character: There is no 不 ("4E0D) in font nullfont!
Missing character: There is no 存 ("5B58) in font nullfont!
Missing character: There is no 在 ("5728) in font nullfont!
Missing character: There is no ， ("FF0C) in font nullfont!
Missing character: There is no 请 ("8BF7) in font nullfont!
Missing character: There is no 用 ("7528) in font nullfont!
Missing character: There is no 户 ("6237) in font nullfont!
Missing character: There is no 进 ("8FDB) in font nullfont!
Missing character: There is no 行 ("884C) in font nullfont!
Missing character: There is no 注 ("6CE8) in font nullfont!
Missing character: There is no 册 ("518C) in font nullfont!
Missing character: There is no 或 ("6216) in font nullfont!
Missing character: There is no 检 ("68C0) in font nullfont!
Missing character: There is no 查 ("67E5) in font nullfont!
Missing character: There is no 是 ("662F) in font nullfont!
Missing character: There is no 否 ("5426) in font nullfont!
Missing character: There is no 存 ("5B58) in font nullfont!
Missing character: There is no 在 ("5728) in font nullfont!
Missing character: There is no 输 ("8F93) in font nullfont!
Missing character: There is no 入 ("5165) in font nullfont!
Missing character: There is no 错 ("9519) in font nullfont!
Missing character: There is no 误 ("8BEF) in font nullfont!
Missing character: There is no 的 ("7684) in font nullfont!
Missing character: There is no 情 ("60C5) in font nullfont!
Missing character: There is no 况 ("51B5) in font nullfont!
Missing character: There is no 。 ("3002) in font nullfont!

! LaTeX Error: Environment figure undefined.

See the LaTeX manual or LaTeX Companion for explanation.
Type  H <return>  for immediate help.
 ...                                              
                                                  
l.119 \begin{figure}
                    [H]
Your command was ignored.
Type  I <command> <return>  to replace it with another command,
or  <return>  to continue without it.

Missing character: There is no [ ("5B) in font nullfont!
Missing character: There is no H ("48) in font nullfont!
Missing character: There is no ] ("5D) in font nullfont!
! Undefined control sequence.
l.123 ^^I^^I\includegraphics
                            [width=\linewidth]{fig/登录错误警告界面}
The control sequence at the end of the top line
of your error message was never \def'ed. If you have
misspelled it (e.g., `\hobx'), type `I' and the correct
spelling (e.g., `I\hbox'). Otherwise just continue,
and I'll forget about whatever was undefined.

Missing character: There is no [ ("5B) in font nullfont!
Missing character: There is no w ("77) in font nullfont!
Missing character: There is no i ("69) in font nullfont!
Missing character: There is no d ("64) in font nullfont!
Missing character: There is no t ("74) in font nullfont!
Missing character: There is no h ("68) in font nullfont!
Missing character: There is no = ("3D) in font nullfont!
! Missing number, treated as zero.
<to be read again> 
                   ]
l.123 ^^I^^I\includegraphics[width=\linewidth]
                                              {fig/登录错误警告界面}
A number should have been here; I inserted `0'.
(If you can't figure out why I needed to see a number,
look up `weird error' in the index to The TeXbook.)

! Illegal unit of measure (pt inserted).
<to be read again> 
                   ]
l.123 ^^I^^I\includegraphics[width=\linewidth]
                                              {fig/登录错误警告界面}
Dimensions can be in units of em, ex, in, pt, pc,
cm, mm, dd, cc, bp, or sp; but yours is a new one!
I'll assume that you meant to say pt, for printer's points.
To recover gracefully from this error, it's best to
delete the erroneous units; e.g., type `2' to delete
two letters. (See Chapter 27 of The TeXbook.)

Missing character: There is no ] ("5D) in font nullfont!
Missing character: There is no f ("66) in font nullfont!
Missing character: There is no i ("69) in font nullfont!
Missing character: There is no g ("67) in font nullfont!
Missing character: There is no / ("2F) in font nullfont!
Missing character: There is no 登 ("767B) in font nullfont!
Missing character: There is no 录 ("5F55) in font nullfont!
Missing character: There is no 错 ("9519) in font nullfont!
Missing character: There is no 误 ("8BEF) in font nullfont!
Missing character: There is no 警 ("8B66) in font nullfont!
Missing character: There is no 告 ("544A) in font nullfont!
Missing character: There is no 界 ("754C) in font nullfont!
Missing character: There is no 面 ("9762) in font nullfont!

! LaTeX Error: \caption outside float.

See the LaTeX manual or LaTeX Companion for explanation.
Type  H <return>  for immediate help.
 ...                                              
                                                  
l.124 ^^I^^I\caption
                    {登录错误警告界面}
You're in trouble here.  Try typing  <return>  to proceed.
If that doesn't work, type  X <return>  to quit.

Missing character: There is no 登 ("767B) in font nullfont!
Missing character: There is no 录 ("5F55) in font nullfont!
Missing character: There is no 错 ("9519) in font nullfont!
Missing character: There is no 误 ("8BEF) in font nullfont!
Missing character: There is no 警 ("8B66) in font nullfont!
Missing character: There is no 告 ("544A) in font nullfont!
Missing character: There is no 界 ("754C) in font nullfont!
Missing character: There is no 面 ("9762) in font nullfont!
! Undefined control sequence.
l.130 ^^I^^I\includegraphics
                            [width=0.85\linewidth]{fig/用户不存在提醒}
The control sequence at the end of the top line
of your error message was never \def'ed. If you have
misspelled it (e.g., `\hobx'), type `I' and the correct
spelling (e.g., `I\hbox'). Otherwise just continue,
and I'll forget about whatever was undefined.

Missing character: There is no [ ("5B) in font nullfont!
Missing character: There is no w ("77) in font nullfont!
Missing character: There is no i ("69) in font nullfont!
Missing character: There is no d ("64) in font nullfont!
Missing character: There is no t ("74) in font nullfont!
Missing character: There is no h ("68) in font nullfont!
Missing character: There is no = ("3D) in font nullfont!
Missing character: There is no 0 ("30) in font nullfont!
Missing character: There is no . ("2E) in font nullfont!
Missing character: There is no 8 ("38) in font nullfont!
Missing character: There is no 5 ("35) in font nullfont!
! Missing number, treated as zero.
<to be read again> 
                   ]
l.130 ^^I^^I\includegraphics[width=0.85\linewidth]
                                                  {fig/用户不存在提醒}
A number should have been here; I inserted `0'.
(If you can't figure out why I needed to see a number,
look up `weird error' in the index to The TeXbook.)

! Illegal unit of measure (pt inserted).
<to be read again> 
                   ]
l.130 ^^I^^I\includegraphics[width=0.85\linewidth]
                                                  {fig/用户不存在提醒}
Dimensions can be in units of em, ex, in, pt, pc,
cm, mm, dd, cc, bp, or sp; but yours is a new one!
I'll assume that you meant to say pt, for printer's points.
To recover gracefully from this error, it's best to
delete the erroneous units; e.g., type `2' to delete
two letters. (See Chapter 27 of The TeXbook.)

Missing character: There is no ] ("5D) in font nullfont!
Missing character: There is no f ("66) in font nullfont!
Missing character: There is no i ("69) in font nullfont!
Missing character: There is no g ("67) in font nullfont!
Missing character: There is no / ("2F) in font nullfont!
Missing character: There is no 用 ("7528) in font nullfont!
Missing character: There is no 户 ("6237) in font nullfont!
Missing character: There is no 不 ("4E0D) in font nullfont!
Missing character: There is no 存 ("5B58) in font nullfont!
Missing character: There is no 在 ("5728) in font nullfont!
Missing character: There is no 提 ("63D0) in font nullfont!
Missing character: There is no 醒 ("9192) in font nullfont!

! LaTeX Error: \caption outside float.

See the LaTeX manual or LaTeX Companion for explanation.
Type  H <return>  for immediate help.
 ...                                              
                                                  
l.131 ^^I^^I\caption
                    {用户名不存在提醒}
You're in trouble here.  Try typing  <return>  to proceed.
If that doesn't work, type  X <return>  to quit.

Missing character: There is no 用 ("7528) in font nullfont!
Missing character: There is no 户 ("6237) in font nullfont!
Missing character: There is no 名 ("540D) in font nullfont!
Missing character: There is no 不 ("4E0D) in font nullfont!
Missing character: There is no 存 ("5B58) in font nullfont!
Missing character: There is no 在 ("5728) in font nullfont!
Missing character: There is no 提 ("63D0) in font nullfont!
Missing character: There is no 醒 ("9192) in font nullfont!

! LaTeX Error: \begin{document} ended by \end{figure}.

See the LaTeX manual or LaTeX Companion for explanation.
Type  H <return>  for immediate help.
 ...                                              
                                                  
l.134 \end{figure}
                  ^^I^^I
Your command was ignored.
Type  I <command> <return>  to replace it with another command,
or  <return>  to continue without it.


Overfull \hbox (41.72pt too wide) in paragraph at lines 118--135
[][][]
 []


! LaTeX Error: Missing \begin{document}.

See the LaTeX manual or LaTeX Companion for explanation.
Type  H <return>  for immediate help.
 ...                                              
                                                  
l.137 如
       果出现密码输入错误的情况，会如图\ref{fig:密码错误提醒}所示弹窗提示密码输入错误。本软件为用户提供同用户名三次密码输入的机会，若三...

You're in trouble here.  Try typing  <return>  to proceed.
If that doesn't work, type  X <return>  to quit.

Missing character: There is no 如 ("5982) in font nullfont!
Missing character: There is no 果 ("679C) in font nullfont!
Missing character: There is no 出 ("51FA) in font nullfont!
Missing character: There is no 现 ("73B0) in font nullfont!
Missing character: There is no 密 ("5BC6) in font nullfont!
Missing character: There is no 码 ("7801) in font nullfont!
Missing character: There is no 输 ("8F93) in font nullfont!
Missing character: There is no 入 ("5165) in font nullfont!
Missing character: There is no 错 ("9519) in font nullfont!
Missing character: There is no 误 ("8BEF) in font nullfont!
Missing character: There is no 的 ("7684) in font nullfont!
Missing character: There is no 情 ("60C5) in font nullfont!
Missing character: There is no 况 ("51B5) in font nullfont!
Missing character: There is no ， ("FF0C) in font nullfont!
Missing character: There is no 会 ("4F1A) in font nullfont!
Missing character: There is no 如 ("5982) in font nullfont!
Missing character: There is no 图 ("56FE) in font nullfont!
! Undefined control sequence.
<write> ...eference `fig:密码错误提醒' on page \thepage 
                                                  \space undefined\on@line .^^J
l.137 如果出现密码输入错误的情况，会如图\ref{fig:密码错误提醒}
                                       所示弹窗提示密码输入错误。本软件为用户提供同用户名三次密码输入的机会，若三...
The control sequence at the end of the top line
of your error message was never \def'ed. If you have
misspelled it (e.g., `\hobx'), type `I' and the correct
spelling (e.g., `I\hbox'). Otherwise just continue,
and I'll forget about whatever was undefined.


LaTeX Warning: Reference `fig:密码错误提醒' on page  undefined on input line 137.

Missing character: There is no 所 ("6240) in font nullfont!
Missing character: There is no 示 ("793A) in font nullfont!
Missing character: There is no 弹 ("5F39) in font nullfont!
Missing character: There is no 窗 ("7A97) in font nullfont!
Missing character: There is no 提 ("63D0) in font nullfont!
Missing character: There is no 示 ("793A) in font nullfont!
Missing character: There is no 密 ("5BC6) in font nullfont!
Missing character: There is no 码 ("7801) in font nullfont!
Missing character: There is no 输 ("8F93) in font nullfont!
Missing character: There is no 入 ("5165) in font nullfont!
Missing character: There is no 错 ("9519) in font nullfont!
Missing character: There is no 误 ("8BEF) in font nullfont!
Missing character: There is no 。 ("3002) in font nullfont!
Missing character: There is no 本 ("672C) in font nullfont!
Missing character: There is no 软 ("8F6F) in font nullfont!
Missing character: There is no 件 ("4EF6) in font nullfont!
Missing character: There is no 为 ("4E3A) in font nullfont!
Missing character: There is no 用 ("7528) in font nullfont!
Missing character: There is no 户 ("6237) in font nullfont!
Missing character: There is no 提 ("63D0) in font nullfont!
Missing character: There is no 供 ("4F9B) in font nullfont!
Missing character: There is no 同 ("540C) in font nullfont!
Missing character: There is no 用 ("7528) in font nullfont!
Missing character: There is no 户 ("6237) in font nullfont!
Missing character: There is no 名 ("540D) in font nullfont!
Missing character: There is no 三 ("4E09) in font nullfont!
Missing character: There is no 次 ("6B21) in font nullfont!
Missing character: There is no 密 ("5BC6) in font nullfont!
Missing character: There is no 码 ("7801) in font nullfont!
Missing character: There is no 输 ("8F93) in font nullfont!
Missing character: There is no 入 ("5165) in font nullfont!
Missing character: There is no 的 ("7684) in font nullfont!
Missing character: There is no 机 ("673A) in font nullfont!
Missing character: There is no 会 ("4F1A) in font nullfont!
Missing character: There is no ， ("FF0C) in font nullfont!
Missing character: There is no 若 ("82E5) in font nullfont!
Missing character: There is no 三 ("4E09) in font nullfont!
Missing character: There is no 次 ("6B21) in font nullfont!
Missing character: There is no 输 ("8F93) in font nullfont!
Missing character: There is no 入 ("5165) in font nullfont!
Missing character: There is no 密 ("5BC6) in font nullfont!
Missing character: There is no 码 ("7801) in font nullfont!
Missing character: There is no 都 ("90FD) in font nullfont!
Missing character: There is no 错 ("9519) in font nullfont!
Missing character: There is no 误 ("8BEF) in font nullfont!
Missing character: There is no ， ("FF0C) in font nullfont!
Missing character: There is no 会 ("4F1A) in font nullfont!
Missing character: There is no 将 ("5C06) in font nullfont!
Missing character: There is no 锁 ("9501) in font nullfont!
Missing character: There is no 定 ("5B9A) in font nullfont!
Missing character: There is no 当 ("5F53) in font nullfont!
Missing character: There is no 前 ("524D) in font nullfont!
Missing character: There is no 用 ("7528) in font nullfont!
Missing character: There is no 户 ("6237) in font nullfont!
Missing character: There is no 名 ("540D) in font nullfont!
Missing character: There is no ， ("FF0C) in font nullfont!
Missing character: There is no 如 ("5982) in font nullfont!
Missing character: There is no 图 ("56FE) in font nullfont!
! Undefined control sequence.
<write> ...erence `fig:账户锁定错误界面' on page \thepage 
                                                  \space undefined\on@line .^^J
l.137 ...若三次输入密码都错误，会将锁定当前用户名，如图\ref{fig:账户锁定错误界面}
                                                  所示，需在输入管理员密码（解锁密码）后才能解锁用户。...
The control sequence at the end of the top line
of your error message was never \def'ed. If you have
misspelled it (e.g., `\hobx'), type `I' and the correct
spelling (e.g., `I\hbox'). Otherwise just continue,
and I'll forget about whatever was undefined.


LaTeX Warning: Reference `fig:账户锁定错误界面' on page  undefined on input line 137.

Missing character: There is no 所 ("6240) in font nullfont!
Missing character: There is no 示 ("793A) in font nullfont!
Missing character: There is no ， ("FF0C) in font nullfont!
Missing character: There is no 需 ("9700) in font nullfont!
Missing character: There is no 在 ("5728) in font nullfont!
Missing character: There is no 输 ("8F93) in font nullfont!
Missing character: There is no 入 ("5165) in font nullfont!
Missing character: There is no 管 ("7BA1) in font nullfont!
Missing character: There is no 理 ("7406) in font nullfont!
Missing character: There is no 员 ("5458) in font nullfont!
Missing character: There is no 密 ("5BC6) in font nullfont!
Missing character: There is no 码 ("7801) in font nullfont!
Missing character: There is no （ ("FF08) in font nullfont!
Missing character: There is no 解 ("89E3) in font nullfont!
Missing character: There is no 锁 ("9501) in font nullfont!
Missing character: There is no 密 ("5BC6) in font nullfont!
Missing character: There is no 码 ("7801) in font nullfont!
Missing character: There is no ） ("FF09) in font nullfont!
Missing character: There is no 后 ("540E) in font nullfont!
Missing character: There is no 才 ("624D) in font nullfont!
Missing character: There is no 能 ("80FD) in font nullfont!
Missing character: There is no 解 ("89E3) in font nullfont!
Missing character: There is no 锁 ("9501) in font nullfont!
Missing character: There is no 用 ("7528) in font nullfont!
Missing character: There is no 户 ("6237) in font nullfont!
Missing character: There is no 。 ("3002) in font nullfont!
Missing character: There is no 本 (U+672C) in font [lmroman10-bold]:mapping=tex-
text;!
Missing character: There is no 软 (U+8F6F) in font [lmroman10-bold]:mapping=tex-
text;!
Missing character: There is no 件 (U+4EF6) in font [lmroman10-bold]:mapping=tex-
text;!
Missing character: There is no 管 (U+7BA1) in font [lmroman10-bold]:mapping=tex-
text;!
Missing character: There is no 理 (U+7406) in font [lmroman10-bold]:mapping=tex-
text;!
Missing character: There is no 员 (U+5458) in font [lmroman10-bold]:mapping=tex-
text;!
Missing character: There is no 密 (U+5BC6) in font [lmroman10-bold]:mapping=tex-
text;!
Missing character: There is no 码 (U+7801) in font [lmroman10-bold]:mapping=tex-
text;!
Missing character: There is no （ (U+FF08) in font [lmroman10-bold]:mapping=tex-
text;!
Missing character: There is no 解 (U+89E3) in font [lmroman10-bold]:mapping=tex-
text;!
Missing character: There is no 锁 (U+9501) in font [lmroman10-bold]:mapping=tex-
text;!
Missing character: There is no 密 (U+5BC6) in font [lmroman10-bold]:mapping=tex-
text;!
Missing character: There is no 码 (U+7801) in font [lmroman10-bold]:mapping=tex-
text;!
Missing character: There is no ） (U+FF09) in font [lmroman10-bold]:mapping=tex-
text;!
Missing character: There is no 暂 (U+6682) in font [lmroman10-bold]:mapping=tex-
text;!
Missing character: There is no 定 (U+5B9A) in font [lmroman10-bold]:mapping=tex-
text;!
Missing character: There is no 为 (U+4E3A) in font [lmroman10-bold]:mapping=tex-
text;!
Missing character: There is no ， (U+FF0C) in font [lmroman10-bold]:mapping=tex-
text;!
Missing character: There is no 账 (U+8D26) in font [lmroman10-bold]:mapping=tex-
text;!
Missing character: There is no 户 (U+6237) in font [lmroman10-bold]:mapping=tex-
text;!
Missing character: There is no 解 (U+89E3) in font [lmroman10-bold]:mapping=tex-
text;!
Missing character: There is no 锁 (U+9501) in font [lmroman10-bold]:mapping=tex-
text;!
Missing character: There is no 成 (U+6210) in font [lmroman10-bold]:mapping=tex-
text;!
Missing character: There is no 功 (U+529F) in font [lmroman10-bold]:mapping=tex-
text;!
Missing character: There is no 界 (U+754C) in font [lmroman10-bold]:mapping=tex-
text;!
Missing character: There is no 面 (U+9762) in font [lmroman10-bold]:mapping=tex-
text;!
Missing character: There is no 如 (U+5982) in font [lmroman10-bold]:mapping=tex-
text;!
Missing character: There is no 图 (U+56FE) in font [lmroman10-bold]:mapping=tex-
text;!
! Undefined control sequence.
<write> ...fig:账号解锁deblocking界面' on page \thepage 
                                                  \space undefined\on@line .^^J
l.137 ...”，账户解锁成功界面如图\ref{fig:账号解锁deblocking界面}所示}
                                                  。
The control sequence at the end of the top line
of your error message was never \def'ed. If you have
misspelled it (e.g., `\hobx'), type `I' and the correct
spelling (e.g., `I\hbox'). Otherwise just continue,
and I'll forget about whatever was undefined.


LaTeX Warning: Reference `fig:账号解锁deblocking界面' on page  undefined on input lin
e 137.

Missing character: There is no 所 (U+6240) in font [lmroman10-bold]:mapping=tex-
text;!
Missing character: There is no 示 (U+793A) in font [lmroman10-bold]:mapping=tex-
text;!
Missing character: There is no 。 ("3002) in font nullfont!

Overfull \hbox (201.50002pt too wide) in paragraph at lines 137--138
[][][]\TU/lmr/bx/n/10 本软件管理员密码（解锁密码）暂定为“deblocking”，账户解锁成功界面如图[]所示 
 []


! LaTeX Error: Environment figure undefined.

See the LaTeX manual or LaTeX Companion for explanation.
Type  H <return>  for immediate help.
 ...                                              
                                                  
l.139 \begin{figure}
                    [H]
Your command was ignored.
Type  I <command> <return>  to replace it with another command,
or  <return>  to continue without it.


! LaTeX Error: Missing \begin{document}.

See the LaTeX manual or LaTeX Companion for explanation.
Type  H <return>  for immediate help.
 ...                                              
                                                  
l.139 \begin{figure}[
                     H]
You're in trouble here.  Try typing  <return>  to proceed.
If that doesn't work, type  X <return>  to quit.

Missing character: There is no [ ("5B) in font nullfont!
Missing character: There is no H ("48) in font nullfont!
Missing character: There is no ] ("5D) in font nullfont!
! Undefined control sequence.
l.143 ^^I^^I\includegraphics
                            [width=\linewidth]{fig/密码错误提醒}
The control sequence at the end of the top line
of your error message was never \def'ed. If you have
misspelled it (e.g., `\hobx'), type `I' and the correct
spelling (e.g., `I\hbox'). Otherwise just continue,
and I'll forget about whatever was undefined.

Missing character: There is no [ ("5B) in font nullfont!
Missing character: There is no w ("77) in font nullfont!
Missing character: There is no i ("69) in font nullfont!
Missing character: There is no d ("64) in font nullfont!
Missing character: There is no t ("74) in font nullfont!
Missing character: There is no h ("68) in font nullfont!
Missing character: There is no = ("3D) in font nullfont!
! Missing number, treated as zero.
<to be read again> 
                   ]
l.143 ^^I^^I\includegraphics[width=\linewidth]
                                              {fig/密码错误提醒}
A number should have been here; I inserted `0'.
(If you can't figure out why I needed to see a number,
look up `weird error' in the index to The TeXbook.)

! Illegal unit of measure (pt inserted).
<to be read again> 
                   ]
l.143 ^^I^^I\includegraphics[width=\linewidth]
                                              {fig/密码错误提醒}
Dimensions can be in units of em, ex, in, pt, pc,
cm, mm, dd, cc, bp, or sp; but yours is a new one!
I'll assume that you meant to say pt, for printer's points.
To recover gracefully from this error, it's best to
delete the erroneous units; e.g., type `2' to delete
two letters. (See Chapter 27 of The TeXbook.)

Missing character: There is no ] ("5D) in font nullfont!
Missing character: There is no f ("66) in font nullfont!
Missing character: There is no i ("69) in font nullfont!
Missing character: There is no g ("67) in font nullfont!
Missing character: There is no / ("2F) in font nullfont!
Missing character: There is no 密 ("5BC6) in font nullfont!
Missing character: There is no 码 ("7801) in font nullfont!
Missing character: There is no 错 ("9519) in font nullfont!
Missing character: There is no 误 ("8BEF) in font nullfont!
Missing character: There is no 提 ("63D0) in font nullfont!
Missing character: There is no 醒 ("9192) in font nullfont!

! LaTeX Error: \caption outside float.

See the LaTeX manual or LaTeX Companion for explanation.
Type  H <return>  for immediate help.
 ...                                              
                                                  
l.144 ^^I^^I\caption
                    {密码输入错误界面}
You're in trouble here.  Try typing  <return>  to proceed.
If that doesn't work, type  X <return>  to quit.

Missing character: There is no 密 ("5BC6) in font nullfont!
Missing character: There is no 码 ("7801) in font nullfont!
Missing character: There is no 输 ("8F93) in font nullfont!
Missing character: There is no 入 ("5165) in font nullfont!
Missing character: There is no 错 ("9519) in font nullfont!
Missing character: There is no 误 ("8BEF) in font nullfont!
Missing character: There is no 界 ("754C) in font nullfont!
Missing character: There is no 面 ("9762) in font nullfont!
! Undefined control sequence.
l.150 ^^I^^I\includegraphics
                            [width=\linewidth]{fig/账户锁定界面}
The control sequence at the end of the top line
of your error message was never \def'ed. If you have
misspelled it (e.g., `\hobx'), type `I' and the correct
spelling (e.g., `I\hbox'). Otherwise just continue,
and I'll forget about whatever was undefined.

Missing character: There is no [ ("5B) in font nullfont!
Missing character: There is no w ("77) in font nullfont!
Missing character: There is no i ("69) in font nullfont!
Missing character: There is no d ("64) in font nullfont!
Missing character: There is no t ("74) in font nullfont!
Missing character: There is no h ("68) in font nullfont!
Missing character: There is no = ("3D) in font nullfont!
! Missing number, treated as zero.
<to be read again> 
                   ]
l.150 ^^I^^I\includegraphics[width=\linewidth]
                                              {fig/账户锁定界面}
A number should have been here; I inserted `0'.
(If you can't figure out why I needed to see a number,
look up `weird error' in the index to The TeXbook.)

! Illegal unit of measure (pt inserted).
<to be read again> 
                   ]
l.150 ^^I^^I\includegraphics[width=\linewidth]
                                              {fig/账户锁定界面}
Dimensions can be in units of em, ex, in, pt, pc,
cm, mm, dd, cc, bp, or sp; but yours is a new one!
I'll assume that you meant to say pt, for printer's points.
To recover gracefully from this error, it's best to
delete the erroneous units; e.g., type `2' to delete
two letters. (See Chapter 27 of The TeXbook.)

Missing character: There is no ] ("5D) in font nullfont!
Missing character: There is no f ("66) in font nullfont!
Missing character: There is no i ("69) in font nullfont!
Missing character: There is no g ("67) in font nullfont!
Missing character: There is no / ("2F) in font nullfont!
Missing character: There is no 账 ("8D26) in font nullfont!
Missing character: There is no 户 ("6237) in font nullfont!
Missing character: There is no 锁 ("9501) in font nullfont!
Missing character: There is no 定 ("5B9A) in font nullfont!
Missing character: There is no 界 ("754C) in font nullfont!
Missing character: There is no 面 ("9762) in font nullfont!

! LaTeX Error: \caption outside float.

See the LaTeX manual or LaTeX Companion for explanation.
Type  H <return>  for immediate help.
 ...                                              
                                                  
l.151 ^^I^^I\caption
                    {账户锁定错误界面}
You're in trouble here.  Try typing  <return>  to proceed.
If that doesn't work, type  X <return>  to quit.

Missing character: There is no 账 ("8D26) in font nullfont!
Missing character: There is no 户 ("6237) in font nullfont!
Missing character: There is no 锁 ("9501) in font nullfont!
Missing character: There is no 定 ("5B9A) in font nullfont!
Missing character: There is no 错 ("9519) in font nullfont!
Missing character: There is no 误 ("8BEF) in font nullfont!
Missing character: There is no 界 ("754C) in font nullfont!
Missing character: There is no 面 ("9762) in font nullfont!
! Undefined control sequence.
l.157 ^^I^^I\includegraphics
                            [width=0.95\linewidth]{fig/账号解锁deblocking界面}
The control sequence at the end of the top line
of your error message was never \def'ed. If you have
misspelled it (e.g., `\hobx'), type `I' and the correct
spelling (e.g., `I\hbox'). Otherwise just continue,
and I'll forget about whatever was undefined.

Missing character: There is no [ ("5B) in font nullfont!
Missing character: There is no w ("77) in font nullfont!
Missing character: There is no i ("69) in font nullfont!
Missing character: There is no d ("64) in font nullfont!
Missing character: There is no t ("74) in font nullfont!
Missing character: There is no h ("68) in font nullfont!
Missing character: There is no = ("3D) in font nullfont!
Missing character: There is no 0 ("30) in font nullfont!
Missing character: There is no . ("2E) in font nullfont!
Missing character: There is no 9 ("39) in font nullfont!
Missing character: There is no 5 ("35) in font nullfont!
! Missing number, treated as zero.
<to be read again> 
                   ]
l.157 ^^I^^I\includegraphics[width=0.95\linewidth]
                                                  {fig/账号解锁deblocking界面}
A number should have been here; I inserted `0'.
(If you can't figure out why I needed to see a number,
look up `weird error' in the index to The TeXbook.)

! Illegal unit of measure (pt inserted).
<to be read again> 
                   ]
l.157 ^^I^^I\includegraphics[width=0.95\linewidth]
                                                  {fig/账号解锁deblocking界面}
Dimensions can be in units of em, ex, in, pt, pc,
cm, mm, dd, cc, bp, or sp; but yours is a new one!
I'll assume that you meant to say pt, for printer's points.
To recover gracefully from this error, it's best to
delete the erroneous units; e.g., type `2' to delete
two letters. (See Chapter 27 of The TeXbook.)

Missing character: There is no ] ("5D) in font nullfont!
Missing character: There is no f ("66) in font nullfont!
Missing character: There is no i ("69) in font nullfont!
Missing character: There is no g ("67) in font nullfont!
Missing character: There is no / ("2F) in font nullfont!
Missing character: There is no 账 ("8D26) in font nullfont!
Missing character: There is no 号 ("53F7) in font nullfont!
Missing character: There is no 解 ("89E3) in font nullfont!
Missing character: There is no 锁 ("9501) in font nullfont!
Missing character: There is no d ("64) in font nullfont!
Missing character: There is no e ("65) in font nullfont!
Missing character: There is no b ("62) in font nullfont!
Missing character: There is no l ("6C) in font nullfont!
Missing character: There is no o ("6F) in font nullfont!
Missing character: There is no c ("63) in font nullfont!
Missing character: There is no k ("6B) in font nullfont!
Missing character: There is no i ("69) in font nullfont!
Missing character: There is no n ("6E) in font nullfont!
Missing character: There is no g ("67) in font nullfont!
Missing character: There is no 界 ("754C) in font nullfont!
Missing character: There is no 面 ("9762) in font nullfont!

! LaTeX Error: \caption outside float.

See the LaTeX manual or LaTeX Companion for explanation.
Type  H <return>  for immediate help.
 ...                                              
                                                  
l.158 ^^I^^I\caption
                    {账号解锁界面}
You're in trouble here.  Try typing  <return>  to proceed.
If that doesn't work, type  X <return>  to quit.

Missing character: There is no 账 ("8D26) in font nullfont!
Missing character: There is no 号 ("53F7) in font nullfont!
Missing character: There is no 解 ("89E3) in font nullfont!
Missing character: There is no 锁 ("9501) in font nullfont!
Missing character: There is no 界 ("754C) in font nullfont!
Missing character: There is no 面 ("9762) in font nullfont!

! LaTeX Error: \begin{document} ended by \end{figure}.

See the LaTeX manual or LaTeX Companion for explanation.
Type  H <return>  for immediate help.
 ...                                              
                                                  
l.161 \end{figure}
                  ^^I
Your command was ignored.
Type  I <command> <return>  to replace it with another command,
or  <return>  to continue without it.


Overfull \hbox (20.0pt too wide) in paragraph at lines 139--162
[]
 []

! Undefined control sequence.
l.163 \section
              {关于}
The control sequence at the end of the top line
of your error message was never \def'ed. If you have
misspelled it (e.g., `\hobx'), type `I' and the correct
spelling (e.g., `I\hbox'). Otherwise just continue,
and I'll forget about whatever was undefined.


! LaTeX Error: Missing \begin{document}.

See the LaTeX manual or LaTeX Companion for explanation.
Type  H <return>  for immediate help.
 ...                                              
                                                  
l.163 \section{关
                于}
You're in trouble here.  Try typing  <return>  to proceed.
If that doesn't work, type  X <return>  to quit.

Missing character: There is no 关 ("5173) in font nullfont!
Missing character: There is no 于 ("4E8E) in font nullfont!
Missing character: There is no “ ("201C) in font nullfont!
Missing character: There is no 关 ("5173) in font nullfont!
Missing character: There is no 于 ("4E8E) in font nullfont!
Missing character: There is no ” ("201D) in font nullfont!
Missing character: There is no 功 ("529F) in font nullfont!
Missing character: There is no 能 ("80FD) in font nullfont!
Missing character: There is no 为 ("4E3A) in font nullfont!
Missing character: There is no 导 ("5BFC) in font nullfont!
Missing character: There is no 航 ("822A) in font nullfont!
Missing character: There is no 栏 ("680F) in font nullfont!
Missing character: There is no 第 ("7B2C) in font nullfont!
Missing character: There is no 三 ("4E09) in font nullfont!
Missing character: There is no 个 ("4E2A) in font nullfont!
Missing character: There is no 功 ("529F) in font nullfont!
Missing character: There is no 能 ("80FD) in font nullfont!
Missing character: There is no 按 ("6309) in font nullfont!
Missing character: There is no 钮 ("94AE) in font nullfont!
Missing character: There is no ， ("FF0C) in font nullfont!
Missing character: There is no 点 ("70B9) in font nullfont!
Missing character: There is no 击 ("51FB) in font nullfont!
Missing character: There is no 后 ("540E) in font nullfont!
Missing character: There is no 如 ("5982) in font nullfont!
Missing character: There is no 图 ("56FE) in font nullfont!
! Undefined control sequence.
<write> ... Reference `fig:关于界面' on page \thepage 
                                                  \space undefined\on@line .^^J
l.164 “关于”功能为导航栏第三个功能按钮，点击后如图\ref{fig:关于界面}
                                           所示，将展示本软件的版权所有信息，后续会根据实际需求继续增设内容，...
The control sequence at the end of the top line
of your error message was never \def'ed. If you have
misspelled it (e.g., `\hobx'), type `I' and the correct
spelling (e.g., `I\hbox'). Otherwise just continue,
and I'll forget about whatever was undefined.


LaTeX Warning: Reference `fig:关于界面' on page  undefined on input line 164.

Missing character: There is no 所 ("6240) in font nullfont!
Missing character: There is no 示 ("793A) in font nullfont!
Missing character: There is no ， ("FF0C) in font nullfont!
Missing character: There is no 将 ("5C06) in font nullfont!
Missing character: There is no 展 ("5C55) in font nullfont!
Missing character: There is no 示 ("793A) in font nullfont!
Missing character: There is no 本 ("672C) in font nullfont!
Missing character: There is no 软 ("8F6F) in font nullfont!
Missing character: There is no 件 ("4EF6) in font nullfont!
Missing character: There is no 的 ("7684) in font nullfont!
Missing character: There is no 版 ("7248) in font nullfont!
Missing character: There is no 权 ("6743) in font nullfont!
Missing character: There is no 所 ("6240) in font nullfont!
Missing character: There is no 有 ("6709) in font nullfont!
Missing character: There is no 信 ("4FE1) in font nullfont!
Missing character: There is no 息 ("606F) in font nullfont!
Missing character: There is no ， ("FF0C) in font nullfont!
Missing character: There is no 后 ("540E) in font nullfont!
Missing character: There is no 续 ("7EED) in font nullfont!
Missing character: There is no 会 ("4F1A) in font nullfont!
Missing character: There is no 根 ("6839) in font nullfont!
Missing character: There is no 据 ("636E) in font nullfont!
Missing character: There is no 实 ("5B9E) in font nullfont!
Missing character: There is no 际 ("9645) in font nullfont!
Missing character: There is no 需 ("9700) in font nullfont!
Missing character: There is no 求 ("6C42) in font nullfont!
Missing character: There is no 继 ("7EE7) in font nullfont!
Missing character: There is no 续 ("7EED) in font nullfont!
Missing character: There is no 增 ("589E) in font nullfont!
Missing character: There is no 设 ("8BBE) in font nullfont!
Missing character: There is no 内 ("5185) in font nullfont!
Missing character: There is no 容 ("5BB9) in font nullfont!
Missing character: There is no ， ("FF0C) in font nullfont!
Missing character: There is no 以 ("4EE5) in font nullfont!
Missing character: There is no 便 ("4FBF) in font nullfont!
Missing character: There is no 更 ("66F4) in font nullfont!
Missing character: There is no 好 ("597D) in font nullfont!
Missing character: There is no 地 ("5730) in font nullfont!
Missing character: There is no 宣 ("5BA3) in font nullfont!
Missing character: There is no 传 ("4F20) in font nullfont!
Missing character: There is no 本 ("672C) in font nullfont!
Missing character: There is no 软 ("8F6F) in font nullfont!
Missing character: There is no 件 ("4EF6) in font nullfont!
Missing character: There is no 。 ("3002) in font nullfont!

Overfull \hbox (20.0pt too wide) in paragraph at lines 163--165
[]
 []


Overfull \hbox (10.86pt too wide) in paragraph at lines 163--165
[] 
 []


! LaTeX Error: Missing \begin{document}.

See the LaTeX manual or LaTeX Companion for explanation.
Type  H <return>  for immediate help.
 ...                                              
                                                  
l.166 ...所有人未出现修改，使用说明书的关于界面不进行更新，而实际代码和程序会进行更新。}}
                                                  
You're in trouble here.  Try typing  <return>  to proceed.
If that doesn't work, type  X <return>  to quit.

! Undefined control sequence.
<recently read> \textcolor 
                           
l.166 ...所有人未出现修改，使用说明书的关于界面不进行更新，而实际代码和程序会进行更新。}}
                                                  
The control sequence at the end of the top line
of your error message was never \def'ed. If you have
misspelled it (e.g., `\hobx'), type `I' and the correct
spelling (e.g., `I\hbox'). Otherwise just continue,
and I'll forget about whatever was undefined.

Missing character: There is no 考 (U+8003) in font [lmroman10-bold]:mapping=tex-
text;!
Missing character: There is no 虑 (U+8651) in font [lmroman10-bold]:mapping=tex-
text;!
Missing character: There is no 到 (U+5230) in font [lmroman10-bold]:mapping=tex-
text;!
Missing character: There is no 版 (U+7248) in font [lmroman10-bold]:mapping=tex-
text;!
Missing character: There is no 本 (U+672C) in font [lmroman10-bold]:mapping=tex-
text;!
Missing character: There is no 更 (U+66F4) in font [lmroman10-bold]:mapping=tex-
text;!
Missing character: There is no 新 (U+65B0) in font [lmroman10-bold]:mapping=tex-
text;!
Missing character: There is no 问 (U+95EE) in font [lmroman10-bold]:mapping=tex-
text;!
Missing character: There is no 题 (U+9898) in font [lmroman10-bold]:mapping=tex-
text;!
Missing character: There is no ， (U+FF0C) in font [lmroman10-bold]:mapping=tex-
text;!
Missing character: There is no 即 (U+5373) in font [lmroman10-bold]:mapping=tex-
text;!
Missing character: There is no 版 (U+7248) in font [lmroman10-bold]:mapping=tex-
text;!
Missing character: There is no 本 (U+672C) in font [lmroman10-bold]:mapping=tex-
text;!
Missing character: There is no 号 (U+53F7) in font [lmroman10-bold]:mapping=tex-
text;!
Missing character: There is no 会 (U+4F1A) in font [lmroman10-bold]:mapping=tex-
text;!
Missing character: There is no 进 (U+8FDB) in font [lmroman10-bold]:mapping=tex-
text;!
Missing character: There is no 行 (U+884C) in font [lmroman10-bold]:mapping=tex-
text;!
Missing character: There is no 更 (U+66F4) in font [lmroman10-bold]:mapping=tex-
text;!
Missing character: There is no 新 (U+65B0) in font [lmroman10-bold]:mapping=tex-
text;!
Missing character: There is no ， (U+FF0C) in font [lmroman10-bold]:mapping=tex-
text;!
Missing character: There is no 但 (U+4F46) in font [lmroman10-bold]:mapping=tex-
text;!
Missing character: There is no 如 (U+5982) in font [lmroman10-bold]:mapping=tex-
text;!
Missing character: There is no 若 (U+82E5) in font [lmroman10-bold]:mapping=tex-
text;!
Missing character: There is no 版 (U+7248) in font [lmroman10-bold]:mapping=tex-
text;!
Missing character: There is no 权 (U+6743) in font [lmroman10-bold]:mapping=tex-
text;!
Missing character: There is no 所 (U+6240) in font [lmroman10-bold]:mapping=tex-
text;!
Missing character: There is no 有 (U+6709) in font [lmroman10-bold]:mapping=tex-
text;!
Missing character: There is no 人 (U+4EBA) in font [lmroman10-bold]:mapping=tex-
text;!
Missing character: There is no 未 (U+672A) in font [lmroman10-bold]:mapping=tex-
text;!
Missing character: There is no 出 (U+51FA) in font [lmroman10-bold]:mapping=tex-
text;!
Missing character: There is no 现 (U+73B0) in font [lmroman10-bold]:mapping=tex-
text;!
Missing character: There is no 修 (U+4FEE) in font [lmroman10-bold]:mapping=tex-
text;!
Missing character: There is no 改 (U+6539) in font [lmroman10-bold]:mapping=tex-
text;!
Missing character: There is no ， (U+FF0C) in font [lmroman10-bold]:mapping=tex-
text;!
Missing character: There is no 使 (U+4F7F) in font [lmroman10-bold]:mapping=tex-
text;!
Missing character: There is no 用 (U+7528) in font [lmroman10-bold]:mapping=tex-
text;!
Missing character: There is no 说 (U+8BF4) in font [lmroman10-bold]:mapping=tex-
text;!
Missing character: There is no 明 (U+660E) in font [lmroman10-bold]:mapping=tex-
text;!
Missing character: There is no 书 (U+4E66) in font [lmroman10-bold]:mapping=tex-
text;!
Missing character: There is no 的 (U+7684) in font [lmroman10-bold]:mapping=tex-
text;!
Missing character: There is no 关 (U+5173) in font [lmroman10-bold]:mapping=tex-
text;!
Missing character: There is no 于 (U+4E8E) in font [lmroman10-bold]:mapping=tex-
text;!
Missing character: There is no 界 (U+754C) in font [lmroman10-bold]:mapping=tex-
text;!
Missing character: There is no 面 (U+9762) in font [lmroman10-bold]:mapping=tex-
text;!
Missing character: There is no 不 (U+4E0D) in font [lmroman10-bold]:mapping=tex-
text;!
Missing character: There is no 进 (U+8FDB) in font [lmroman10-bold]:mapping=tex-
text;!
Missing character: There is no 行 (U+884C) in font [lmroman10-bold]:mapping=tex-
text;!
Missing character: There is no 更 (U+66F4) in font [lmroman10-bold]:mapping=tex-
text;!
Missing character: There is no 新 (U+65B0) in font [lmroman10-bold]:mapping=tex-
text;!
Missing character: There is no ， (U+FF0C) in font [lmroman10-bold]:mapping=tex-
text;!
Missing character: There is no 而 (U+800C) in font [lmroman10-bold]:mapping=tex-
text;!
Missing character: There is no 实 (U+5B9E) in font [lmroman10-bold]:mapping=tex-
text;!
Missing character: There is no 际 (U+9645) in font [lmroman10-bold]:mapping=tex-
text;!
Missing character: There is no 代 (U+4EE3) in font [lmroman10-bold]:mapping=tex-
text;!
Missing character: There is no 码 (U+7801) in font [lmroman10-bold]:mapping=tex-
text;!
Missing character: There is no 和 (U+548C) in font [lmroman10-bold]:mapping=tex-
text;!
Missing character: There is no 程 (U+7A0B) in font [lmroman10-bold]:mapping=tex-
text;!
Missing character: There is no 序 (U+5E8F) in font [lmroman10-bold]:mapping=tex-
text;!
Missing character: There is no 会 (U+4F1A) in font [lmroman10-bold]:mapping=tex-
text;!
Missing character: There is no 进 (U+8FDB) in font [lmroman10-bold]:mapping=tex-
text;!
Missing character: There is no 行 (U+884C) in font [lmroman10-bold]:mapping=tex-
text;!
Missing character: There is no 更 (U+66F4) in font [lmroman10-bold]:mapping=tex-
text;!
Missing character: There is no 新 (U+65B0) in font [lmroman10-bold]:mapping=tex-
text;!
Missing character: There is no 。 (U+3002) in font [lmroman10-bold]:mapping=tex-
text;!

! LaTeX Error: Environment figure undefined.

See the LaTeX manual or LaTeX Companion for explanation.
Type  H <return>  for immediate help.
 ...                                              
                                                  
l.167 \begin{figure}
                    [H]
Your command was ignored.
Type  I <command> <return>  to replace it with another command,
or  <return>  to continue without it.

Missing character: There is no [ ("5B) in font nullfont!
Missing character: There is no H ("48) in font nullfont!
Missing character: There is no ] ("5D) in font nullfont!
! Undefined control sequence.
l.169 ^^I\includegraphics
                         [width=0.5\linewidth]{fig/关于界面}
The control sequence at the end of the top line
of your error message was never \def'ed. If you have
misspelled it (e.g., `\hobx'), type `I' and the correct
spelling (e.g., `I\hbox'). Otherwise just continue,
and I'll forget about whatever was undefined.

Missing character: There is no [ ("5B) in font nullfont!
Missing character: There is no w ("77) in font nullfont!
Missing character: There is no i ("69) in font nullfont!
Missing character: There is no d ("64) in font nullfont!
Missing character: There is no t ("74) in font nullfont!
Missing character: There is no h ("68) in font nullfont!
Missing character: There is no = ("3D) in font nullfont!
Missing character: There is no 0 ("30) in font nullfont!
Missing character: There is no . ("2E) in font nullfont!
Missing character: There is no 5 ("35) in font nullfont!
! Missing number, treated as zero.
<to be read again> 
                   ]
l.169 ^^I\includegraphics[width=0.5\linewidth]
                                              {fig/关于界面}
A number should have been here; I inserted `0'.
(If you can't figure out why I needed to see a number,
look up `weird error' in the index to The TeXbook.)

! Illegal unit of measure (pt inserted).
<to be read again> 
                   ]
l.169 ^^I\includegraphics[width=0.5\linewidth]
                                              {fig/关于界面}
Dimensions can be in units of em, ex, in, pt, pc,
cm, mm, dd, cc, bp, or sp; but yours is a new one!
I'll assume that you meant to say pt, for printer's points.
To recover gracefully from this error, it's best to
delete the erroneous units; e.g., type `2' to delete
two letters. (See Chapter 27 of The TeXbook.)

Missing character: There is no ] ("5D) in font nullfont!
Missing character: There is no f ("66) in font nullfont!
Missing character: There is no i ("69) in font nullfont!
Missing character: There is no g ("67) in font nullfont!
Missing character: There is no / ("2F) in font nullfont!
Missing character: There is no 关 ("5173) in font nullfont!
Missing character: There is no 于 ("4E8E) in font nullfont!
Missing character: There is no 界 ("754C) in font nullfont!
Missing character: There is no 面 ("9762) in font nullfont!

! LaTeX Error: \caption outside float.

See the LaTeX manual or LaTeX Companion for explanation.
Type  H <return>  for immediate help.
 ...                                              
                                                  
l.170 ^^I\caption
                 {关于界面}
You're in trouble here.  Try typing  <return>  to proceed.
If that doesn't work, type  X <return>  to quit.

Missing character: There is no 关 ("5173) in font nullfont!
Missing character: There is no 于 ("4E8E) in font nullfont!
Missing character: There is no 界 ("754C) in font nullfont!
Missing character: There is no 面 ("9762) in font nullfont!

! LaTeX Error: \begin{document} ended by \end{figure}.

See the LaTeX manual or LaTeX Companion for explanation.
Type  H <return>  for immediate help.
 ...                                              
                                                  
l.172 \end{figure}
                  
Your command was ignored.
Type  I <command> <return>  to replace it with another command,
or  <return>  to continue without it.


Overfull \hbox (241.95pt too wide) in paragraph at lines 166--173
[]\TU/lmr/bx/n/10 mygreen考虑到版本更新问题，即版本号会进行更新，但如若版权所有人未出现修改，使用说明书的关于界面不进行更新，而实际代
码和程序会进行更新。
 []

! Undefined control sequence.
l.174 \section
              {帮助}
The control sequence at the end of the top line
of your error message was never \def'ed. If you have
misspelled it (e.g., `\hobx'), type `I' and the correct
spelling (e.g., `I\hbox'). Otherwise just continue,
and I'll forget about whatever was undefined.


! LaTeX Error: Missing \begin{document}.

See the LaTeX manual or LaTeX Companion for explanation.
Type  H <return>  for immediate help.
 ...                                              
                                                  
l.174 \section{帮
                助}
You're in trouble here.  Try typing  <return>  to proceed.
If that doesn't work, type  X <return>  to quit.

Missing character: There is no 帮 ("5E2E) in font nullfont!
Missing character: There is no 助 ("52A9) in font nullfont!
Missing character: There is no “ ("201C) in font nullfont!
Missing character: There is no 帮 ("5E2E) in font nullfont!
Missing character: There is no 助 ("52A9) in font nullfont!
Missing character: There is no ” ("201D) in font nullfont!
Missing character: There is no 功 ("529F) in font nullfont!
Missing character: There is no 能 ("80FD) in font nullfont!
Missing character: There is no 为 ("4E3A) in font nullfont!
Missing character: There is no 导 ("5BFC) in font nullfont!
Missing character: There is no 航 ("822A) in font nullfont!
Missing character: There is no 栏 ("680F) in font nullfont!
Missing character: There is no 第 ("7B2C) in font nullfont!
Missing character: There is no 四 ("56DB) in font nullfont!
Missing character: There is no 个 ("4E2A) in font nullfont!
Missing character: There is no 功 ("529F) in font nullfont!
Missing character: There is no 能 ("80FD) in font nullfont!
Missing character: There is no 按 ("6309) in font nullfont!
Missing character: There is no 钮 ("94AE) in font nullfont!
Missing character: There is no ， ("FF0C) in font nullfont!
Missing character: There is no 点 ("70B9) in font nullfont!
Missing character: There is no 击 ("51FB) in font nullfont!
Missing character: There is no 后 ("540E) in font nullfont!
Missing character: There is no 如 ("5982) in font nullfont!
Missing character: There is no 图 ("56FE) in font nullfont!
! Undefined control sequence.
<write> ... Reference `fig:帮助界面' on page \thepage 
                                                  \space undefined\on@line .^^J
l.175 “帮助”功能为导航栏第四个功能按钮，点击后如图\ref{fig:帮助界面}
                                           所示，将展示简要的使用说明，后续会根据软件反馈继续增设内容，以提供...
The control sequence at the end of the top line
of your error message was never \def'ed. If you have
misspelled it (e.g., `\hobx'), type `I' and the correct
spelling (e.g., `I\hbox'). Otherwise just continue,
and I'll forget about whatever was undefined.


LaTeX Warning: Reference `fig:帮助界面' on page  undefined on input line 175.

Missing character: There is no 所 ("6240) in font nullfont!
Missing character: There is no 示 ("793A) in font nullfont!
Missing character: There is no ， ("FF0C) in font nullfont!
Missing character: There is no 将 ("5C06) in font nullfont!
Missing character: There is no 展 ("5C55) in font nullfont!
Missing character: There is no 示 ("793A) in font nullfont!
Missing character: There is no 简 ("7B80) in font nullfont!
Missing character: There is no 要 ("8981) in font nullfont!
Missing character: There is no 的 ("7684) in font nullfont!
Missing character: There is no 使 ("4F7F) in font nullfont!
Missing character: There is no 用 ("7528) in font nullfont!
Missing character: There is no 说 ("8BF4) in font nullfont!
Missing character: There is no 明 ("660E) in font nullfont!
Missing character: There is no ， ("FF0C) in font nullfont!
Missing character: There is no 后 ("540E) in font nullfont!
Missing character: There is no 续 ("7EED) in font nullfont!
Missing character: There is no 会 ("4F1A) in font nullfont!
Missing character: There is no 根 ("6839) in font nullfont!
Missing character: There is no 据 ("636E) in font nullfont!
Missing character: There is no 软 ("8F6F) in font nullfont!
Missing character: There is no 件 ("4EF6) in font nullfont!
Missing character: There is no 反 ("53CD) in font nullfont!
Missing character: There is no 馈 ("9988) in font nullfont!
Missing character: There is no 继 ("7EE7) in font nullfont!
Missing character: There is no 续 ("7EED) in font nullfont!
Missing character: There is no 增 ("589E) in font nullfont!
Missing character: There is no 设 ("8BBE) in font nullfont!
Missing character: There is no 内 ("5185) in font nullfont!
Missing character: There is no 容 ("5BB9) in font nullfont!
Missing character: There is no ， ("FF0C) in font nullfont!
Missing character: There is no 以 ("4EE5) in font nullfont!
Missing character: There is no 提 ("63D0) in font nullfont!
Missing character: There is no 供 ("4F9B) in font nullfont!
Missing character: There is no 用 ("7528) in font nullfont!
Missing character: There is no 户 ("6237) in font nullfont!
Missing character: There is no 更 ("66F4) in font nullfont!
Missing character: There is no 好 ("597D) in font nullfont!
Missing character: There is no 的 ("7684) in font nullfont!
Missing character: There is no 服 ("670D) in font nullfont!
Missing character: There is no 务 ("52A1) in font nullfont!
Missing character: There is no 。 ("3002) in font nullfont!

! LaTeX Error: Environment figure undefined.

See the LaTeX manual or LaTeX Companion for explanation.
Type  H <return>  for immediate help.
 ...                                              
                                                  
l.176 \begin{figure}
                    [H]
Your command was ignored.
Type  I <command> <return>  to replace it with another command,
or  <return>  to continue without it.

Missing character: There is no [ ("5B) in font nullfont!
Missing character: There is no H ("48) in font nullfont!
Missing character: There is no ] ("5D) in font nullfont!
! Undefined control sequence.
l.178 ^^I\includegraphics
                         [width=0.5\linewidth]{fig/帮助界面}
The control sequence at the end of the top line
of your error message was never \def'ed. If you have
misspelled it (e.g., `\hobx'), type `I' and the correct
spelling (e.g., `I\hbox'). Otherwise just continue,
and I'll forget about whatever was undefined.

Missing character: There is no [ ("5B) in font nullfont!
Missing character: There is no w ("77) in font nullfont!
Missing character: There is no i ("69) in font nullfont!
Missing character: There is no d ("64) in font nullfont!
Missing character: There is no t ("74) in font nullfont!
Missing character: There is no h ("68) in font nullfont!
Missing character: There is no = ("3D) in font nullfont!
Missing character: There is no 0 ("30) in font nullfont!
Missing character: There is no . ("2E) in font nullfont!
Missing character: There is no 5 ("35) in font nullfont!
! Missing number, treated as zero.
<to be read again> 
                   ]
l.178 ^^I\includegraphics[width=0.5\linewidth]
                                              {fig/帮助界面}
A number should have been here; I inserted `0'.
(If you can't figure out why I needed to see a number,
look up `weird error' in the index to The TeXbook.)

! Illegal unit of measure (pt inserted).
<to be read again> 
                   ]
l.178 ^^I\includegraphics[width=0.5\linewidth]
                                              {fig/帮助界面}
Dimensions can be in units of em, ex, in, pt, pc,
cm, mm, dd, cc, bp, or sp; but yours is a new one!
I'll assume that you meant to say pt, for printer's points.
To recover gracefully from this error, it's best to
delete the erroneous units; e.g., type `2' to delete
two letters. (See Chapter 27 of The TeXbook.)

Missing character: There is no ] ("5D) in font nullfont!
Missing character: There is no f ("66) in font nullfont!
Missing character: There is no i ("69) in font nullfont!
Missing character: There is no g ("67) in font nullfont!
Missing character: There is no / ("2F) in font nullfont!
Missing character: There is no 帮 ("5E2E) in font nullfont!
Missing character: There is no 助 ("52A9) in font nullfont!
Missing character: There is no 界 ("754C) in font nullfont!
Missing character: There is no 面 ("9762) in font nullfont!

! LaTeX Error: \caption outside float.

See the LaTeX manual or LaTeX Companion for explanation.
Type  H <return>  for immediate help.
 ...                                              
                                                  
l.179 ^^I\caption
                 {帮助界面}
You're in trouble here.  Try typing  <return>  to proceed.
If that doesn't work, type  X <return>  to quit.

Missing character: There is no 帮 ("5E2E) in font nullfont!
Missing character: There is no 助 ("52A9) in font nullfont!
Missing character: There is no 界 ("754C) in font nullfont!
Missing character: There is no 面 ("9762) in font nullfont!

! LaTeX Error: \begin{document} ended by \end{figure}.

See the LaTeX manual or LaTeX Companion for explanation.
Type  H <return>  for immediate help.
 ...                                              
                                                  
l.181 \end{figure}
                  
Your command was ignored.
Type  I <command> <return>  to replace it with another command,
or  <return>  to continue without it.


Overfull \hbox (20.0pt too wide) in paragraph at lines 174--182
[]
 []


Overfull \hbox (10.86pt too wide) in paragraph at lines 174--182
[]
 []

! Undefined control sequence.
l.183 \section
              {模板}
The control sequence at the end of the top line
of your error message was never \def'ed. If you have
misspelled it (e.g., `\hobx'), type `I' and the correct
spelling (e.g., `I\hbox'). Otherwise just continue,
and I'll forget about whatever was undefined.


! LaTeX Error: Missing \begin{document}.

See the LaTeX manual or LaTeX Companion for explanation.
Type  H <return>  for immediate help.
 ...                                              
                                                  
l.183 \section{模
                板}
You're in trouble here.  Try typing  <return>  to proceed.
If that doesn't work, type  X <return>  to quit.

Missing character: There is no 模 ("6A21) in font nullfont!
Missing character: There is no 板 ("677F) in font nullfont!
Missing character: There is no “ ("201C) in font nullfont!
Missing character: There is no 模 ("6A21) in font nullfont!
Missing character: There is no 板 ("677F) in font nullfont!
Missing character: There is no ” ("201D) in font nullfont!
Missing character: There is no 功 ("529F) in font nullfont!
Missing character: There is no 能 ("80FD) in font nullfont!
Missing character: There is no 为 ("4E3A) in font nullfont!
Missing character: There is no 导 ("5BFC) in font nullfont!
Missing character: There is no 航 ("822A) in font nullfont!
Missing character: There is no 栏 ("680F) in font nullfont!
Missing character: There is no 第 ("7B2C) in font nullfont!
Missing character: There is no 五 ("4E94) in font nullfont!
Missing character: There is no 个 ("4E2A) in font nullfont!
Missing character: There is no 功 ("529F) in font nullfont!
Missing character: There is no 能 ("80FD) in font nullfont!
Missing character: There is no 按 ("6309) in font nullfont!
Missing character: There is no 钮 ("94AE) in font nullfont!
Missing character: There is no ， ("FF0C) in font nullfont!
Missing character: There is no 点 ("70B9) in font nullfont!
Missing character: There is no 击 ("51FB) in font nullfont!
Missing character: There is no 后 ("540E) in font nullfont!
Missing character: There is no 如 ("5982) in font nullfont!
Missing character: There is no 图 ("56FE) in font nullfont!
! Undefined control sequence.
<write> ... Reference `fig:模板保存' on page \thepage 
                                                  \space undefined\on@line .^^J
l.184 “模板”功能为导航栏第五个功能按钮，点击后如图\ref{fig:模板保存}
                                           所示，选择模板文件保存的位置即可。默认模板文件保存格式为“temp...
The control sequence at the end of the top line
of your error message was never \def'ed. If you have
misspelled it (e.g., `\hobx'), type `I' and the correct
spelling (e.g., `I\hbox'). Otherwise just continue,
and I'll forget about whatever was undefined.


LaTeX Warning: Reference `fig:模板保存' on page  undefined on input line 184.

Missing character: There is no 所 ("6240) in font nullfont!
Missing character: There is no 示 ("793A) in font nullfont!
Missing character: There is no ， ("FF0C) in font nullfont!
Missing character: There is no 选 ("9009) in font nullfont!
Missing character: There is no 择 ("62E9) in font nullfont!
Missing character: There is no 模 ("6A21) in font nullfont!
Missing character: There is no 板 ("677F) in font nullfont!
Missing character: There is no 文 ("6587) in font nullfont!
Missing character: There is no 件 ("4EF6) in font nullfont!
Missing character: There is no 保 ("4FDD) in font nullfont!
Missing character: There is no 存 ("5B58) in font nullfont!
Missing character: There is no 的 ("7684) in font nullfont!
Missing character: There is no 位 ("4F4D) in font nullfont!
Missing character: There is no 置 ("7F6E) in font nullfont!
Missing character: There is no 即 ("5373) in font nullfont!
Missing character: There is no 可 ("53EF) in font nullfont!
Missing character: There is no 。 ("3002) in font nullfont!
Missing character: There is no 默 ("9ED8) in font nullfont!
Missing character: There is no 认 ("8BA4) in font nullfont!
Missing character: There is no 模 ("6A21) in font nullfont!
Missing character: There is no 板 ("677F) in font nullfont!
Missing character: There is no 文 ("6587) in font nullfont!
Missing character: There is no 件 ("4EF6) in font nullfont!
Missing character: There is no 保 ("4FDD) in font nullfont!
Missing character: There is no 存 ("5B58) in font nullfont!
Missing character: There is no 格 ("683C) in font nullfont!
Missing character: There is no 式 ("5F0F) in font nullfont!
Missing character: There is no 为 ("4E3A) in font nullfont!
Missing character: There is no “ ("201C) in font nullfont!
Missing character: There is no t ("74) in font nullfont!
Missing character: There is no e ("65) in font nullfont!
Missing character: There is no m ("6D) in font nullfont!
Missing character: There is no p ("70) in font nullfont!
Missing character: There is no l ("6C) in font nullfont!
Missing character: There is no a ("61) in font nullfont!
Missing character: There is no t ("74) in font nullfont!
Missing character: There is no e ("65) in font nullfont!
Missing character: There is no . ("2E) in font nullfont!
Missing character: There is no x ("78) in font nullfont!
Missing character: There is no l ("6C) in font nullfont!
Missing character: There is no s ("73) in font nullfont!
Missing character: There is no x ("78) in font nullfont!
Missing character: There is no ” ("201D) in font nullfont!
Missing character: There is no ， ("FF0C) in font nullfont!
Missing character: There is no 默 ("9ED8) in font nullfont!
Missing character: There is no 认 ("8BA4) in font nullfont!
Missing character: There is no 模 ("6A21) in font nullfont!
Missing character: There is no 板 ("677F) in font nullfont!
Missing character: There is no 文 ("6587) in font nullfont!
Missing character: There is no 件 ("4EF6) in font nullfont!
Missing character: There is no 保 ("4FDD) in font nullfont!
Missing character: There is no 存 ("5B58) in font nullfont!
Missing character: There is no 位 ("4F4D) in font nullfont!
Missing character: There is no 置 ("7F6E) in font nullfont!
Missing character: There is no 为 ("4E3A) in font nullfont!
Missing character: There is no 软 ("8F6F) in font nullfont!
Missing character: There is no 件 ("4EF6) in font nullfont!
Missing character: There is no 所 ("6240) in font nullfont!
Missing character: There is no 在 ("5728) in font nullfont!
Missing character: There is no 目 ("76EE) in font nullfont!
Missing character: There is no 录 ("5F55) in font nullfont!
Missing character: There is no 。 ("3002) in font nullfont!

! LaTeX Error: Environment figure undefined.

See the LaTeX manual or LaTeX Companion for explanation.
Type  H <return>  for immediate help.
 ...                                              
                                                  
l.185 \begin{figure}
                    [H]
Your command was ignored.
Type  I <command> <return>  to replace it with another command,
or  <return>  to continue without it.

Missing character: There is no [ ("5B) in font nullfont!
Missing character: There is no H ("48) in font nullfont!
Missing character: There is no ] ("5D) in font nullfont!
! Undefined control sequence.
l.187 ^^I\includegraphics
                         [width=0.5\linewidth]{fig/模板保存}
The control sequence at the end of the top line
of your error message was never \def'ed. If you have
misspelled it (e.g., `\hobx'), type `I' and the correct
spelling (e.g., `I\hbox'). Otherwise just continue,
and I'll forget about whatever was undefined.

Missing character: There is no [ ("5B) in font nullfont!
Missing character: There is no w ("77) in font nullfont!
Missing character: There is no i ("69) in font nullfont!
Missing character: There is no d ("64) in font nullfont!
Missing character: There is no t ("74) in font nullfont!
Missing character: There is no h ("68) in font nullfont!
Missing character: There is no = ("3D) in font nullfont!
Missing character: There is no 0 ("30) in font nullfont!
Missing character: There is no . ("2E) in font nullfont!
Missing character: There is no 5 ("35) in font nullfont!
! Missing number, treated as zero.
<to be read again> 
                   ]
l.187 ^^I\includegraphics[width=0.5\linewidth]
                                              {fig/模板保存}
A number should have been here; I inserted `0'.
(If you can't figure out why I needed to see a number,
look up `weird error' in the index to The TeXbook.)

! Illegal unit of measure (pt inserted).
<to be read again> 
                   ]
l.187 ^^I\includegraphics[width=0.5\linewidth]
                                              {fig/模板保存}
Dimensions can be in units of em, ex, in, pt, pc,
cm, mm, dd, cc, bp, or sp; but yours is a new one!
I'll assume that you meant to say pt, for printer's points.
To recover gracefully from this error, it's best to
delete the erroneous units; e.g., type `2' to delete
two letters. (See Chapter 27 of The TeXbook.)

Missing character: There is no ] ("5D) in font nullfont!
Missing character: There is no f ("66) in font nullfont!
Missing character: There is no i ("69) in font nullfont!
Missing character: There is no g ("67) in font nullfont!
Missing character: There is no / ("2F) in font nullfont!
Missing character: There is no 模 ("6A21) in font nullfont!
Missing character: There is no 板 ("677F) in font nullfont!
Missing character: There is no 保 ("4FDD) in font nullfont!
Missing character: There is no 存 ("5B58) in font nullfont!

! LaTeX Error: \caption outside float.

See the LaTeX manual or LaTeX Companion for explanation.
Type  H <return>  for immediate help.
 ...                                              
                                                  
l.188 ^^I\caption
                 {模板保存界面}
You're in trouble here.  Try typing  <return>  to proceed.
If that doesn't work, type  X <return>  to quit.

Missing character: There is no 模 ("6A21) in font nullfont!
Missing character: There is no 板 ("677F) in font nullfont!
Missing character: There is no 保 ("4FDD) in font nullfont!
Missing character: There is no 存 ("5B58) in font nullfont!
Missing character: There is no 界 ("754C) in font nullfont!
Missing character: There is no 面 ("9762) in font nullfont!

! LaTeX Error: \begin{document} ended by \end{figure}.

See the LaTeX manual or LaTeX Companion for explanation.
Type  H <return>  for immediate help.
 ...                                              
                                                  
l.190 \end{figure}
                  ^^I
Your command was ignored.
Type  I <command> <return>  to replace it with another command,
or  <return>  to continue without it.


Overfull \hbox (20.0pt too wide) in paragraph at lines 183--191
[]
 []


Overfull \hbox (10.86pt too wide) in paragraph at lines 183--191
[]
 []

! Undefined control sequence.
l.192 \section
              {浅色/深色模式}
The control sequence at the end of the top line
of your error message was never \def'ed. If you have
misspelled it (e.g., `\hobx'), type `I' and the correct
spelling (e.g., `I\hbox'). Otherwise just continue,
and I'll forget about whatever was undefined.


! LaTeX Error: Missing \begin{document}.

See the LaTeX manual or LaTeX Companion for explanation.
Type  H <return>  for immediate help.
 ...                                              
                                                  
l.192 \section{浅
                色/深色模式}
You're in trouble here.  Try typing  <return>  to proceed.
If that doesn't work, type  X <return>  to quit.

Missing character: There is no 浅 ("6D45) in font nullfont!
Missing character: There is no 色 ("8272) in font nullfont!
Missing character: There is no / ("2F) in font nullfont!
Missing character: There is no 深 ("6DF1) in font nullfont!
Missing character: There is no 色 ("8272) in font nullfont!
Missing character: There is no 模 ("6A21) in font nullfont!
Missing character: There is no 式 ("5F0F) in font nullfont!
Missing character: There is no “ ("201C) in font nullfont!
Missing character: There is no 浅 ("6D45) in font nullfont!
Missing character: There is no 色 ("8272) in font nullfont!
Missing character: There is no 模 ("6A21) in font nullfont!
Missing character: There is no 式 ("5F0F) in font nullfont!
Missing character: There is no ” ("201D) in font nullfont!
Missing character: There is no 和 ("548C) in font nullfont!
Missing character: There is no “ ("201C) in font nullfont!
Missing character: There is no 深 ("6DF1) in font nullfont!
Missing character: There is no 色 ("8272) in font nullfont!
Missing character: There is no 模 ("6A21) in font nullfont!
Missing character: There is no 式 ("5F0F) in font nullfont!
Missing character: There is no ” ("201D) in font nullfont!
Missing character: There is no 功 ("529F) in font nullfont!
Missing character: There is no 能 ("80FD) in font nullfont!
Missing character: There is no 为 ("4E3A) in font nullfont!
Missing character: There is no 导 ("5BFC) in font nullfont!
Missing character: There is no 航 ("822A) in font nullfont!
Missing character: There is no 栏 ("680F) in font nullfont!
Missing character: There is no 第 ("7B2C) in font nullfont!
Missing character: There is no 六 ("516D) in font nullfont!
Missing character: There is no 和 ("548C) in font nullfont!
Missing character: There is no 第 ("7B2C) in font nullfont!
Missing character: There is no 七 ("4E03) in font nullfont!
Missing character: There is no 个 ("4E2A) in font nullfont!
Missing character: There is no 功 ("529F) in font nullfont!
Missing character: There is no 能 ("80FD) in font nullfont!
Missing character: There is no 按 ("6309) in font nullfont!
Missing character: There is no 钮 ("94AE) in font nullfont!
Missing character: There is no ， ("FF0C) in font nullfont!
Missing character: There is no 点 ("70B9) in font nullfont!
Missing character: There is no 击 ("51FB) in font nullfont!
Missing character: There is no 后 ("540E) in font nullfont!
Missing character: There is no 分 ("5206) in font nullfont!
Missing character: There is no 别 ("522B) in font nullfont!
Missing character: There is no 如 ("5982) in font nullfont!
Missing character: There is no 图 ("56FE) in font nullfont!
! Undefined control sequence.
<write> ... Reference `fig:浅色界面' on page \thepage 
                                                  \space undefined\on@line .^^J
l.193 ...模式”功能为导航栏第六和第七个功能按钮，点击后分别如图\ref{fig:浅色界面}
                                                  和图\ref{fig:深色界面}所示，软件启动默认为...
The control sequence at the end of the top line
of your error message was never \def'ed. If you have
misspelled it (e.g., `\hobx'), type `I' and the correct
spelling (e.g., `I\hbox'). Otherwise just continue,
and I'll forget about whatever was undefined.


LaTeX Warning: Reference `fig:浅色界面' on page  undefined on input line 193.

Missing character: There is no 和 ("548C) in font nullfont!
Missing character: There is no 图 ("56FE) in font nullfont!
! Undefined control sequence.
<write> ... Reference `fig:深色界面' on page \thepage 
                                                  \space undefined\on@line .^^J
l.193 ...能按钮，点击后分别如图\ref{fig:浅色界面}和图\ref{fig:深色界面}
                                                  所示，软件启动默认为浅色模式，用户可视个人使用习惯切...
The control sequence at the end of the top line
of your error message was never \def'ed. If you have
misspelled it (e.g., `\hobx'), type `I' and the correct
spelling (e.g., `I\hbox'). Otherwise just continue,
and I'll forget about whatever was undefined.


LaTeX Warning: Reference `fig:深色界面' on page  undefined on input line 193.

Missing character: There is no 所 ("6240) in font nullfont!
Missing character: There is no 示 ("793A) in font nullfont!
Missing character: There is no ， ("FF0C) in font nullfont!
Missing character: There is no 软 ("8F6F) in font nullfont!
Missing character: There is no 件 ("4EF6) in font nullfont!
Missing character: There is no 启 ("542F) in font nullfont!
Missing character: There is no 动 ("52A8) in font nullfont!
Missing character: There is no 默 ("9ED8) in font nullfont!
Missing character: There is no 认 ("8BA4) in font nullfont!
Missing character: There is no 为 ("4E3A) in font nullfont!
Missing character: There is no 浅 ("6D45) in font nullfont!
Missing character: There is no 色 ("8272) in font nullfont!
Missing character: There is no 模 ("6A21) in font nullfont!
Missing character: There is no 式 ("5F0F) in font nullfont!
Missing character: There is no ， ("FF0C) in font nullfont!
Missing character: There is no 用 ("7528) in font nullfont!
Missing character: There is no 户 ("6237) in font nullfont!
Missing character: There is no 可 ("53EF) in font nullfont!
Missing character: There is no 视 ("89C6) in font nullfont!
Missing character: There is no 个 ("4E2A) in font nullfont!
Missing character: There is no 人 ("4EBA) in font nullfont!
Missing character: There is no 使 ("4F7F) in font nullfont!
Missing character: There is no 用 ("7528) in font nullfont!
Missing character: There is no 习 ("4E60) in font nullfont!
Missing character: There is no 惯 ("60EF) in font nullfont!
Missing character: There is no 切 ("5207) in font nullfont!
Missing character: There is no 换 ("6362) in font nullfont!
Missing character: There is no 浅 ("6D45) in font nullfont!
Missing character: There is no 色 ("8272) in font nullfont!
Missing character: There is no / ("2F) in font nullfont!
Missing character: There is no 深 ("6DF1) in font nullfont!
Missing character: There is no 色 ("8272) in font nullfont!
Missing character: There is no 模 ("6A21) in font nullfont!
Missing character: There is no 式 ("5F0F) in font nullfont!
Missing character: There is no 。 ("3002) in font nullfont!

Overfull \hbox (20.0pt too wide) in paragraph at lines 192--194
[]
 []


Overfull \hbox (21.72pt too wide) in paragraph at lines 192--194
[][] 
 []


! LaTeX Error: Environment figure undefined.

See the LaTeX manual or LaTeX Companion for explanation.
Type  H <return>  for immediate help.
 ...                                              
                                                  
l.196 \begin{figure}
                    [H]
Your command was ignored.
Type  I <command> <return>  to replace it with another command,
or  <return>  to continue without it.


! LaTeX Error: Missing \begin{document}.

See the LaTeX manual or LaTeX Companion for explanation.
Type  H <return>  for immediate help.
 ...                                              
                                                  
l.196 \begin{figure}[
                     H]
You're in trouble here.  Try typing  <return>  to proceed.
If that doesn't work, type  X <return>  to quit.

Missing character: There is no [ ("5B) in font nullfont!
Missing character: There is no H ("48) in font nullfont!
Missing character: There is no ] ("5D) in font nullfont!
! Undefined control sequence.
l.200 ^^I^^I\includegraphics
                            [width=\linewidth]{fig/浅色界面}
The control sequence at the end of the top line
of your error message was never \def'ed. If you have
misspelled it (e.g., `\hobx'), type `I' and the correct
spelling (e.g., `I\hbox'). Otherwise just continue,
and I'll forget about whatever was undefined.

Missing character: There is no [ ("5B) in font nullfont!
Missing character: There is no w ("77) in font nullfont!
Missing character: There is no i ("69) in font nullfont!
Missing character: There is no d ("64) in font nullfont!
Missing character: There is no t ("74) in font nullfont!
Missing character: There is no h ("68) in font nullfont!
Missing character: There is no = ("3D) in font nullfont!
! Missing number, treated as zero.
<to be read again> 
                   ]
l.200 ^^I^^I\includegraphics[width=\linewidth]
                                              {fig/浅色界面}
A number should have been here; I inserted `0'.
(If you can't figure out why I needed to see a number,
look up `weird error' in the index to The TeXbook.)

! Illegal unit of measure (pt inserted).
<to be read again> 
                   ]
l.200 ^^I^^I\includegraphics[width=\linewidth]
                                              {fig/浅色界面}
Dimensions can be in units of em, ex, in, pt, pc,
cm, mm, dd, cc, bp, or sp; but yours is a new one!
I'll assume that you meant to say pt, for printer's points.
To recover gracefully from this error, it's best to
delete the erroneous units; e.g., type `2' to delete
two letters. (See Chapter 27 of The TeXbook.)

Missing character: There is no ] ("5D) in font nullfont!
Missing character: There is no f ("66) in font nullfont!
Missing character: There is no i ("69) in font nullfont!
Missing character: There is no g ("67) in font nullfont!
Missing character: There is no / ("2F) in font nullfont!
Missing character: There is no 浅 ("6D45) in font nullfont!
Missing character: There is no 色 ("8272) in font nullfont!
Missing character: There is no 界 ("754C) in font nullfont!
Missing character: There is no 面 ("9762) in font nullfont!

! LaTeX Error: \caption outside float.

See the LaTeX manual or LaTeX Companion for explanation.
Type  H <return>  for immediate help.
 ...                                              
                                                  
l.201 ^^I^^I\caption
                    {浅色模式界面}
You're in trouble here.  Try typing  <return>  to proceed.
If that doesn't work, type  X <return>  to quit.

Missing character: There is no 浅 ("6D45) in font nullfont!
Missing character: There is no 色 ("8272) in font nullfont!
Missing character: There is no 模 ("6A21) in font nullfont!
Missing character: There is no 式 ("5F0F) in font nullfont!
Missing character: There is no 界 ("754C) in font nullfont!
Missing character: There is no 面 ("9762) in font nullfont!
! Undefined control sequence.
l.207 ^^I^^I\includegraphics
                            [width=\linewidth]{fig/深色模式}
The control sequence at the end of the top line
of your error message was never \def'ed. If you have
misspelled it (e.g., `\hobx'), type `I' and the correct
spelling (e.g., `I\hbox'). Otherwise just continue,
and I'll forget about whatever was undefined.

Missing character: There is no [ ("5B) in font nullfont!
Missing character: There is no w ("77) in font nullfont!
Missing character: There is no i ("69) in font nullfont!
Missing character: There is no d ("64) in font nullfont!
Missing character: There is no t ("74) in font nullfont!
Missing character: There is no h ("68) in font nullfont!
Missing character: There is no = ("3D) in font nullfont!
! Missing number, treated as zero.
<to be read again> 
                   ]
l.207 ^^I^^I\includegraphics[width=\linewidth]
                                              {fig/深色模式}
A number should have been here; I inserted `0'.
(If you can't figure out why I needed to see a number,
look up `weird error' in the index to The TeXbook.)

! Illegal unit of measure (pt inserted).
<to be read again> 
                   ]
l.207 ^^I^^I\includegraphics[width=\linewidth]
                                              {fig/深色模式}
Dimensions can be in units of em, ex, in, pt, pc,
cm, mm, dd, cc, bp, or sp; but yours is a new one!
I'll assume that you meant to say pt, for printer's points.
To recover gracefully from this error, it's best to
delete the erroneous units; e.g., type `2' to delete
two letters. (See Chapter 27 of The TeXbook.)

Missing character: There is no ] ("5D) in font nullfont!
Missing character: There is no f ("66) in font nullfont!
Missing character: There is no i ("69) in font nullfont!
Missing character: There is no g ("67) in font nullfont!
Missing character: There is no / ("2F) in font nullfont!
Missing character: There is no 深 ("6DF1) in font nullfont!
Missing character: There is no 色 ("8272) in font nullfont!
Missing character: There is no 模 ("6A21) in font nullfont!
Missing character: There is no 式 ("5F0F) in font nullfont!

! LaTeX Error: \caption outside float.

See the LaTeX manual or LaTeX Companion for explanation.
Type  H <return>  for immediate help.
 ...                                              
                                                  
l.208 ^^I^^I\caption
                    {深色模式界面}
You're in trouble here.  Try typing  <return>  to proceed.
If that doesn't work, type  X <return>  to quit.

Missing character: There is no 深 ("6DF1) in font nullfont!
Missing character: There is no 色 ("8272) in font nullfont!
Missing character: There is no 模 ("6A21) in font nullfont!
Missing character: There is no 式 ("5F0F) in font nullfont!
Missing character: There is no 界 ("754C) in font nullfont!
Missing character: There is no 面 ("9762) in font nullfont!

! LaTeX Error: \begin{document} ended by \end{figure}.

See the LaTeX manual or LaTeX Companion for explanation.
Type  H <return>  for immediate help.
 ...                                              
                                                  
l.211 \end{figure}
                  
Your command was ignored.
Type  I <command> <return>  to replace it with another command,
or  <return>  to continue without it.


Overfull \hbox (20.0pt too wide) in paragraph at lines 196--212
[]
 []

! Undefined control sequence.
l.213 \section
              {文件导入}
The control sequence at the end of the top line
of your error message was never \def'ed. If you have
misspelled it (e.g., `\hobx'), type `I' and the correct
spelling (e.g., `I\hbox'). Otherwise just continue,
and I'll forget about whatever was undefined.


! LaTeX Error: Missing \begin{document}.

See the LaTeX manual or LaTeX Companion for explanation.
Type  H <return>  for immediate help.
 ...                                              
                                                  
l.213 \section{文
                件导入}
You're in trouble here.  Try typing  <return>  to proceed.
If that doesn't work, type  X <return>  to quit.

Missing character: There is no 文 ("6587) in font nullfont!
Missing character: There is no 件 ("4EF6) in font nullfont!
Missing character: There is no 导 ("5BFC) in font nullfont!
Missing character: There is no 入 ("5165) in font nullfont!
Missing character: There is no 如 ("5982) in font nullfont!
Missing character: There is no 图 ("56FE) in font nullfont!
! Undefined control sequence.
<write> ...eference `fig:文件导入按钮' on page \thepage 
                                                  \space undefined\on@line .^^J
l.214 如图\ref{fig:文件导入按钮}
                        所示为文件导入按钮，点击后选取由申请加分项目人员递交的已填写的Excel文件即可。正确导入后的界面会如图...
The control sequence at the end of the top line
of your error message was never \def'ed. If you have
misspelled it (e.g., `\hobx'), type `I' and the correct
spelling (e.g., `I\hbox'). Otherwise just continue,
and I'll forget about whatever was undefined.


LaTeX Warning: Reference `fig:文件导入按钮' on page  undefined on input line 214.

Missing character: There is no 所 ("6240) in font nullfont!
Missing character: There is no 示 ("793A) in font nullfont!
Missing character: There is no 为 ("4E3A) in font nullfont!
Missing character: There is no 文 ("6587) in font nullfont!
Missing character: There is no 件 ("4EF6) in font nullfont!
Missing character: There is no 导 ("5BFC) in font nullfont!
Missing character: There is no 入 ("5165) in font nullfont!
Missing character: There is no 按 ("6309) in font nullfont!
Missing character: There is no 钮 ("94AE) in font nullfont!
Missing character: There is no ， ("FF0C) in font nullfont!
Missing character: There is no 点 ("70B9) in font nullfont!
Missing character: There is no 击 ("51FB) in font nullfont!
Missing character: There is no 后 ("540E) in font nullfont!
Missing character: There is no 选 ("9009) in font nullfont!
Missing character: There is no 取 ("53D6) in font nullfont!
Missing character: There is no 由 ("7531) in font nullfont!
Missing character: There is no 申 ("7533) in font nullfont!
Missing character: There is no 请 ("8BF7) in font nullfont!
Missing character: There is no 加 ("52A0) in font nullfont!
Missing character: There is no 分 ("5206) in font nullfont!
Missing character: There is no 项 ("9879) in font nullfont!
Missing character: There is no 目 ("76EE) in font nullfont!
Missing character: There is no 人 ("4EBA) in font nullfont!
Missing character: There is no 员 ("5458) in font nullfont!
Missing character: There is no 递 ("9012) in font nullfont!
Missing character: There is no 交 ("4EA4) in font nullfont!
Missing character: There is no 的 ("7684) in font nullfont!
Missing character: There is no 已 ("5DF2) in font nullfont!
Missing character: There is no 填 ("586B) in font nullfont!
Missing character: There is no 写 ("5199) in font nullfont!
Missing character: There is no 的 ("7684) in font nullfont!
Missing character: There is no E ("45) in font nullfont!
Missing character: There is no x ("78) in font nullfont!
Missing character: There is no c ("63) in font nullfont!
Missing character: There is no e ("65) in font nullfont!
Missing character: There is no l ("6C) in font nullfont!
Missing character: There is no 文 ("6587) in font nullfont!
Missing character: There is no 件 ("4EF6) in font nullfont!
Missing character: There is no 即 ("5373) in font nullfont!
Missing character: There is no 可 ("53EF) in font nullfont!
Missing character: There is no 。 ("3002) in font nullfont!
Missing character: There is no 正 ("6B63) in font nullfont!
Missing character: There is no 确 ("786E) in font nullfont!
Missing character: There is no 导 ("5BFC) in font nullfont!
Missing character: There is no 入 ("5165) in font nullfont!
Missing character: There is no 后 ("540E) in font nullfont!
Missing character: There is no 的 ("7684) in font nullfont!
Missing character: There is no 界 ("754C) in font nullfont!
Missing character: There is no 面 ("9762) in font nullfont!
Missing character: There is no 会 ("4F1A) in font nullfont!
Missing character: There is no 如 ("5982) in font nullfont!
Missing character: There is no 图 ("56FE) in font nullfont!
! Undefined control sequence.
<write> ...Reference `fig:文件已加载' on page \thepage 
                                                  \space undefined\on@line .^^J
l.214 ...的已填写的Excel文件即可。正确导入后的界面会如图\ref{fig:文件已加载}
                                                  所示弹窗提示“文件已加载”，评审界面也会更新至如图\...
The control sequence at the end of the top line
of your error message was never \def'ed. If you have
misspelled it (e.g., `\hobx'), type `I' and the correct
spelling (e.g., `I\hbox'). Otherwise just continue,
and I'll forget about whatever was undefined.


LaTeX Warning: Reference `fig:文件已加载' on page  undefined on input line 214.

Missing character: There is no 所 ("6240) in font nullfont!
Missing character: There is no 示 ("793A) in font nullfont!
Missing character: There is no 弹 ("5F39) in font nullfont!
Missing character: There is no 窗 ("7A97) in font nullfont!
Missing character: There is no 提 ("63D0) in font nullfont!
Missing character: There is no 示 ("793A) in font nullfont!
Missing character: There is no “ ("201C) in font nullfont!
Missing character: There is no 文 ("6587) in font nullfont!
Missing character: There is no 件 ("4EF6) in font nullfont!
Missing character: There is no 已 ("5DF2) in font nullfont!
Missing character: There is no 加 ("52A0) in font nullfont!
Missing character: There is no 载 ("8F7D) in font nullfont!
Missing character: There is no ” ("201D) in font nullfont!
Missing character: There is no ， ("FF0C) in font nullfont!
Missing character: There is no 评 ("8BC4) in font nullfont!
Missing character: There is no 审 ("5BA1) in font nullfont!
Missing character: There is no 界 ("754C) in font nullfont!
Missing character: There is no 面 ("9762) in font nullfont!
Missing character: There is no 也 ("4E5F) in font nullfont!
Missing character: There is no 会 ("4F1A) in font nullfont!
Missing character: There is no 更 ("66F4) in font nullfont!
Missing character: There is no 新 ("65B0) in font nullfont!
Missing character: There is no 至 ("81F3) in font nullfont!
Missing character: There is no 如 ("5982) in font nullfont!
Missing character: There is no 图 ("56FE) in font nullfont!
! Undefined control sequence.
<write> ...ence `fig:导入文件后的评审界面' on page \thepage 
                                                  \space undefined\on@line .^^J
l.214 ...提示“文件已加载”，评审界面也会更新至如图\ref{fig:导入文件后的评审界面}
                                                  所示，届时可看到递交人员的基本信息和加分项目信息。
The control sequence at the end of the top line
of your error message was never \def'ed. If you have
misspelled it (e.g., `\hobx'), type `I' and the correct
spelling (e.g., `I\hbox'). Otherwise just continue,
and I'll forget about whatever was undefined.


LaTeX Warning: Reference `fig:导入文件后的评审界面' on page  undefined on input line 214.


Missing character: There is no 所 ("6240) in font nullfont!
Missing character: There is no 示 ("793A) in font nullfont!
Missing character: There is no ， ("FF0C) in font nullfont!
Missing character: There is no 届 ("5C4A) in font nullfont!
Missing character: There is no 时 ("65F6) in font nullfont!
Missing character: There is no 可 ("53EF) in font nullfont!
Missing character: There is no 看 ("770B) in font nullfont!
Missing character: There is no 到 ("5230) in font nullfont!
Missing character: There is no 递 ("9012) in font nullfont!
Missing character: There is no 交 ("4EA4) in font nullfont!
Missing character: There is no 人 ("4EBA) in font nullfont!
Missing character: There is no 员 ("5458) in font nullfont!
Missing character: There is no 的 ("7684) in font nullfont!
Missing character: There is no 基 ("57FA) in font nullfont!
Missing character: There is no 本 ("672C) in font nullfont!
Missing character: There is no 信 ("4FE1) in font nullfont!
Missing character: There is no 息 ("606F) in font nullfont!
Missing character: There is no 和 ("548C) in font nullfont!
Missing character: There is no 加 ("52A0) in font nullfont!
Missing character: There is no 分 ("5206) in font nullfont!
Missing character: There is no 项 ("9879) in font nullfont!
Missing character: There is no 目 ("76EE) in font nullfont!
Missing character: There is no 信 ("4FE1) in font nullfont!
Missing character: There is no 息 ("606F) in font nullfont!
Missing character: There is no 。 ("3002) in font nullfont!

! LaTeX Error: Environment figure undefined.

See the LaTeX manual or LaTeX Companion for explanation.
Type  H <return>  for immediate help.
 ...                                              
                                                  
l.215 \begin{figure}
                    [h]
Your command was ignored.
Type  I <command> <return>  to replace it with another command,
or  <return>  to continue without it.

Missing character: There is no [ ("5B) in font nullfont!
Missing character: There is no h ("68) in font nullfont!
Missing character: There is no ] ("5D) in font nullfont!
! Undefined control sequence.
l.217 ^^I\includegraphics
                         [width=0.7\linewidth]{fig/文件导入按钮}
The control sequence at the end of the top line
of your error message was never \def'ed. If you have
misspelled it (e.g., `\hobx'), type `I' and the correct
spelling (e.g., `I\hbox'). Otherwise just continue,
and I'll forget about whatever was undefined.

Missing character: There is no [ ("5B) in font nullfont!
Missing character: There is no w ("77) in font nullfont!
Missing character: There is no i ("69) in font nullfont!
Missing character: There is no d ("64) in font nullfont!
Missing character: There is no t ("74) in font nullfont!
Missing character: There is no h ("68) in font nullfont!
Missing character: There is no = ("3D) in font nullfont!
Missing character: There is no 0 ("30) in font nullfont!
Missing character: There is no . ("2E) in font nullfont!
Missing character: There is no 7 ("37) in font nullfont!
! Missing number, treated as zero.
<to be read again> 
                   ]
l.217 ^^I\includegraphics[width=0.7\linewidth]
                                              {fig/文件导入按钮}
A number should have been here; I inserted `0'.
(If you can't figure out why I needed to see a number,
look up `weird error' in the index to The TeXbook.)

! Illegal unit of measure (pt inserted).
<to be read again> 
                   ]
l.217 ^^I\includegraphics[width=0.7\linewidth]
                                              {fig/文件导入按钮}
Dimensions can be in units of em, ex, in, pt, pc,
cm, mm, dd, cc, bp, or sp; but yours is a new one!
I'll assume that you meant to say pt, for printer's points.
To recover gracefully from this error, it's best to
delete the erroneous units; e.g., type `2' to delete
two letters. (See Chapter 27 of The TeXbook.)

Missing character: There is no ] ("5D) in font nullfont!
Missing character: There is no f ("66) in font nullfont!
Missing character: There is no i ("69) in font nullfont!
Missing character: There is no g ("67) in font nullfont!
Missing character: There is no / ("2F) in font nullfont!
Missing character: There is no 文 ("6587) in font nullfont!
Missing character: There is no 件 ("4EF6) in font nullfont!
Missing character: There is no 导 ("5BFC) in font nullfont!
Missing character: There is no 入 ("5165) in font nullfont!
Missing character: There is no 按 ("6309) in font nullfont!
Missing character: There is no 钮 ("94AE) in font nullfont!

! LaTeX Error: \caption outside float.

See the LaTeX manual or LaTeX Companion for explanation.
Type  H <return>  for immediate help.
 ...                                              
                                                  
l.218 ^^I\caption
                 {文件导入按钮}
You're in trouble here.  Try typing  <return>  to proceed.
If that doesn't work, type  X <return>  to quit.

Missing character: There is no 文 ("6587) in font nullfont!
Missing character: There is no 件 ("4EF6) in font nullfont!
Missing character: There is no 导 ("5BFC) in font nullfont!
Missing character: There is no 入 ("5165) in font nullfont!
Missing character: There is no 按 ("6309) in font nullfont!
Missing character: There is no 钮 ("94AE) in font nullfont!

! LaTeX Error: \begin{document} ended by \end{figure}.

See the LaTeX manual or LaTeX Companion for explanation.
Type  H <return>  for immediate help.
 ...                                              
                                                  
l.220 \end{figure}
                  
Your command was ignored.
Type  I <command> <return>  to replace it with another command,
or  <return>  to continue without it.


Overfull \hbox (20.0pt too wide) in paragraph at lines 213--221
[]
 []


Overfull \hbox (32.58pt too wide) in paragraph at lines 213--221
[][][]
 []


! LaTeX Error: Environment figure undefined.

See the LaTeX manual or LaTeX Companion for explanation.
Type  H <return>  for immediate help.
 ...                                              
                                                  
l.222 \begin{figure}
                    [H]
Your command was ignored.
Type  I <command> <return>  to replace it with another command,
or  <return>  to continue without it.


! LaTeX Error: Missing \begin{document}.

See the LaTeX manual or LaTeX Companion for explanation.
Type  H <return>  for immediate help.
 ...                                              
                                                  
l.222 \begin{figure}[
                     H]
You're in trouble here.  Try typing  <return>  to proceed.
If that doesn't work, type  X <return>  to quit.

Missing character: There is no [ ("5B) in font nullfont!
Missing character: There is no H ("48) in font nullfont!
Missing character: There is no ] ("5D) in font nullfont!
! Undefined control sequence.
l.226 ^^I^^I\includegraphics
                            [width=\linewidth]{fig/文件已加载}
The control sequence at the end of the top line
of your error message was never \def'ed. If you have
misspelled it (e.g., `\hobx'), type `I' and the correct
spelling (e.g., `I\hbox'). Otherwise just continue,
and I'll forget about whatever was undefined.

Missing character: There is no [ ("5B) in font nullfont!
Missing character: There is no w ("77) in font nullfont!
Missing character: There is no i ("69) in font nullfont!
Missing character: There is no d ("64) in font nullfont!
Missing character: There is no t ("74) in font nullfont!
Missing character: There is no h ("68) in font nullfont!
Missing character: There is no = ("3D) in font nullfont!
! Missing number, treated as zero.
<to be read again> 
                   ]
l.226 ^^I^^I\includegraphics[width=\linewidth]
                                              {fig/文件已加载}
A number should have been here; I inserted `0'.
(If you can't figure out why I needed to see a number,
look up `weird error' in the index to The TeXbook.)

! Illegal unit of measure (pt inserted).
<to be read again> 
                   ]
l.226 ^^I^^I\includegraphics[width=\linewidth]
                                              {fig/文件已加载}
Dimensions can be in units of em, ex, in, pt, pc,
cm, mm, dd, cc, bp, or sp; but yours is a new one!
I'll assume that you meant to say pt, for printer's points.
To recover gracefully from this error, it's best to
delete the erroneous units; e.g., type `2' to delete
two letters. (See Chapter 27 of The TeXbook.)

Missing character: There is no ] ("5D) in font nullfont!
Missing character: There is no f ("66) in font nullfont!
Missing character: There is no i ("69) in font nullfont!
Missing character: There is no g ("67) in font nullfont!
Missing character: There is no / ("2F) in font nullfont!
Missing character: There is no 文 ("6587) in font nullfont!
Missing character: There is no 件 ("4EF6) in font nullfont!
Missing character: There is no 已 ("5DF2) in font nullfont!
Missing character: There is no 加 ("52A0) in font nullfont!
Missing character: There is no 载 ("8F7D) in font nullfont!

! LaTeX Error: \caption outside float.

See the LaTeX manual or LaTeX Companion for explanation.
Type  H <return>  for immediate help.
 ...                                              
                                                  
l.227 ^^I^^I\caption
                    {文件已加载提醒}
You're in trouble here.  Try typing  <return>  to proceed.
If that doesn't work, type  X <return>  to quit.

Missing character: There is no 文 ("6587) in font nullfont!
Missing character: There is no 件 ("4EF6) in font nullfont!
Missing character: There is no 已 ("5DF2) in font nullfont!
Missing character: There is no 加 ("52A0) in font nullfont!
Missing character: There is no 载 ("8F7D) in font nullfont!
Missing character: There is no 提 ("63D0) in font nullfont!
Missing character: There is no 醒 ("9192) in font nullfont!
! Undefined control sequence.
l.233 ^^I^^I\includegraphics
                            [width=\linewidth]{fig/导入文件后的评审界面}
The control sequence at the end of the top line
of your error message was never \def'ed. If you have
misspelled it (e.g., `\hobx'), type `I' and the correct
spelling (e.g., `I\hbox'). Otherwise just continue,
and I'll forget about whatever was undefined.

Missing character: There is no [ ("5B) in font nullfont!
Missing character: There is no w ("77) in font nullfont!
Missing character: There is no i ("69) in font nullfont!
Missing character: There is no d ("64) in font nullfont!
Missing character: There is no t ("74) in font nullfont!
Missing character: There is no h ("68) in font nullfont!
Missing character: There is no = ("3D) in font nullfont!
! Missing number, treated as zero.
<to be read again> 
                   ]
l.233 ^^I^^I\includegraphics[width=\linewidth]
                                              {fig/导入文件后的评审界面}
A number should have been here; I inserted `0'.
(If you can't figure out why I needed to see a number,
look up `weird error' in the index to The TeXbook.)

! Illegal unit of measure (pt inserted).
<to be read again> 
                   ]
l.233 ^^I^^I\includegraphics[width=\linewidth]
                                              {fig/导入文件后的评审界面}
Dimensions can be in units of em, ex, in, pt, pc,
cm, mm, dd, cc, bp, or sp; but yours is a new one!
I'll assume that you meant to say pt, for printer's points.
To recover gracefully from this error, it's best to
delete the erroneous units; e.g., type `2' to delete
two letters. (See Chapter 27 of The TeXbook.)

Missing character: There is no ] ("5D) in font nullfont!
Missing character: There is no f ("66) in font nullfont!
Missing character: There is no i ("69) in font nullfont!
Missing character: There is no g ("67) in font nullfont!
Missing character: There is no / ("2F) in font nullfont!
Missing character: There is no 导 ("5BFC) in font nullfont!
Missing character: There is no 入 ("5165) in font nullfont!
Missing character: There is no 文 ("6587) in font nullfont!
Missing character: There is no 件 ("4EF6) in font nullfont!
Missing character: There is no 后 ("540E) in font nullfont!
Missing character: There is no 的 ("7684) in font nullfont!
Missing character: There is no 评 ("8BC4) in font nullfont!
Missing character: There is no 审 ("5BA1) in font nullfont!
Missing character: There is no 界 ("754C) in font nullfont!
Missing character: There is no 面 ("9762) in font nullfont!

! LaTeX Error: \caption outside float.

See the LaTeX manual or LaTeX Companion for explanation.
Type  H <return>  for immediate help.
 ...                                              
                                                  
l.234 ^^I^^I\caption
                    {导入文件后的评审界面}
You're in trouble here.  Try typing  <return>  to proceed.
If that doesn't work, type  X <return>  to quit.

Missing character: There is no 导 ("5BFC) in font nullfont!
Missing character: There is no 入 ("5165) in font nullfont!
Missing character: There is no 文 ("6587) in font nullfont!
Missing character: There is no 件 ("4EF6) in font nullfont!
Missing character: There is no 后 ("540E) in font nullfont!
Missing character: There is no 的 ("7684) in font nullfont!
Missing character: There is no 评 ("8BC4) in font nullfont!
Missing character: There is no 审 ("5BA1) in font nullfont!
Missing character: There is no 界 ("754C) in font nullfont!
Missing character: There is no 面 ("9762) in font nullfont!

! LaTeX Error: \begin{document} ended by \end{figure}.

See the LaTeX manual or LaTeX Companion for explanation.
Type  H <return>  for immediate help.
 ...                                              
                                                  
l.237 \end{figure}
                  
Your command was ignored.
Type  I <command> <return>  to replace it with another command,
or  <return>  to continue without it.


Overfull \hbox (20.0pt too wide) in paragraph at lines 222--238
[]
 []

! Undefined control sequence.
l.240 \textcolor
                {mygreen}{
The control sequence at the end of the top line
of your error message was never \def'ed. If you have
misspelled it (e.g., `\hobx'), type `I' and the correct
spelling (e.g., `I\hbox'). Otherwise just continue,
and I'll forget about whatever was undefined.


! LaTeX Error: Missing \begin{document}.

See the LaTeX manual or LaTeX Companion for explanation.
Type  H <return>  for immediate help.
 ...                                              
                                                  
l.240 \textcolor{m
                  ygreen}{
You're in trouble here.  Try typing  <return>  to proceed.
If that doesn't work, type  X <return>  to quit.

Missing character: There is no m ("6D) in font nullfont!
Missing character: There is no y ("79) in font nullfont!
Missing character: There is no g ("67) in font nullfont!
Missing character: There is no r ("72) in font nullfont!
Missing character: There is no e ("65) in font nullfont!
Missing character: There is no e ("65) in font nullfont!
Missing character: There is no n ("6E) in font nullfont!
Missing character: There is no 版 ("7248) in font nullfont!
Missing character: There is no 本 ("672C) in font nullfont!
Missing character: There is no V ("56) in font nullfont!
Missing character: There is no 3 ("33) in font nullfont!
Missing character: There is no . ("2E) in font nullfont!
Missing character: There is no 0 ("30) in font nullfont!
Missing character: There is no 更 ("66F4) in font nullfont!
Missing character: There is no 新 ("65B0) in font nullfont!
Missing character: There is no 的 ("7684) in font nullfont!
Missing character: There is no 内 ("5185) in font nullfont!
Missing character: There is no 容 ("5BB9) in font nullfont!
Missing character: There is no 有 ("6709) in font nullfont!
Missing character: There is no ： ("FF1A) in font nullfont!
Missing character: There is no 【 ("3010) in font nullfont!
Missing character: There is no 批 ("6279) in font nullfont!
Missing character: There is no 量 ("91CF) in font nullfont!
Missing character: There is no 导 ("5BFC) in font nullfont!
Missing character: There is no 入 ("5165) in font nullfont!
Missing character: There is no E ("45) in font nullfont!
Missing character: There is no x ("78) in font nullfont!
Missing character: There is no c ("63) in font nullfont!
Missing character: There is no e ("65) in font nullfont!
Missing character: There is no l ("6C) in font nullfont!
Missing character: There is no 文 ("6587) in font nullfont!
Missing character: There is no 件 ("4EF6) in font nullfont!
Missing character: There is no 】 ("3011) in font nullfont!
Missing character: There is no 支 ("652F) in font nullfont!
Missing character: There is no 持 ("6301) in font nullfont!
Missing character: There is no 一 ("4E00) in font nullfont!
Missing character: There is no 次 ("6B21) in font nullfont!
Missing character: There is no 导 ("5BFC) in font nullfont!
Missing character: There is no 入 ("5165) in font nullfont!
Missing character: There is no 多 ("591A) in font nullfont!
Missing character: There is no 个 ("4E2A) in font nullfont!
Missing character: There is no 学 ("5B66) in font nullfont!
Missing character: There is no 生 ("751F) in font nullfont!
Missing character: There is no ， ("FF0C) in font nullfont!
Missing character: There is no 支 ("652F) in font nullfont!
Missing character: There is no 持 ("6301) in font nullfont!
Missing character: There is no 大 ("5927) in font nullfont!
Missing character: There is no 规 ("89C4) in font nullfont!
Missing character: There is no 模 ("6A21) in font nullfont!
Missing character: There is no 评 ("8BC4) in font nullfont!
Missing character: There is no 审 ("5BA1) in font nullfont!
Missing character: There is no 。 ("3002) in font nullfont!
Missing character: There is no 导 ("5BFC) in font nullfont!
Missing character: There is no 入 ("5165) in font nullfont!
Missing character: There is no 过 ("8FC7) in font nullfont!
Missing character: There is no 程 ("7A0B) in font nullfont!
Missing character: There is no 支 ("652F) in font nullfont!
Missing character: There is no 持 ("6301) in font nullfont!
Missing character: There is no 文 ("6587) in font nullfont!
Missing character: There is no 件 ("4EF6) in font nullfont!
Missing character: There is no 格 ("683C) in font nullfont!
Missing character: There is no 式 ("5F0F) in font nullfont!
Missing character: There is no 验 ("9A8C) in font nullfont!
Missing character: There is no 证 ("8BC1) in font nullfont!
Missing character: There is no （ ("FF08) in font nullfont!
Missing character: There is no 自 ("81EA) in font nullfont!
Missing character: There is no 动 ("52A8) in font nullfont!
Missing character: There is no 验 ("9A8C) in font nullfont!
Missing character: There is no 证 ("8BC1) in font nullfont!
Missing character: There is no 每 ("6BCF) in font nullfont!
Missing character: There is no 个 ("4E2A) in font nullfont!
Missing character: There is no 文 ("6587) in font nullfont!
Missing character: There is no 件 ("4EF6) in font nullfont!
Missing character: There is no 是 ("662F) in font nullfont!
Missing character: There is no 否 ("5426) in font nullfont!
Missing character: There is no 包 ("5305) in font nullfont!
Missing character: There is no 含 ("542B) in font nullfont!
Missing character: There is no 必 ("5FC5) in font nullfont!
Missing character: There is no 要 ("8981) in font nullfont!
Missing character: There is no 的 ("7684) in font nullfont!
Missing character: There is no 列 ("5217) in font nullfont!
Missing character: There is no （ ("FF08) in font nullfont!
Missing character: There is no 学 ("5B66) in font nullfont!
Missing character: There is no 院 ("9662) in font nullfont!
Missing character: There is no 、 ("3001) in font nullfont!
Missing character: There is no 姓 ("59D3) in font nullfont!
Missing character: There is no 名 ("540D) in font nullfont!
Missing character: There is no 、 ("3001) in font nullfont!
Missing character: There is no 年 ("5E74) in font nullfont!
Missing character: There is no 级 ("7EA7) in font nullfont!
Missing character: There is no 、 ("3001) in font nullfont!
Missing character: There is no 班 ("73ED) in font nullfont!
Missing character: There is no 级 ("7EA7) in font nullfont!
Missing character: There is no 、 ("3001) in font nullfont!
Missing character: There is no 学 ("5B66) in font nullfont!
Missing character: There is no 号 ("53F7) in font nullfont!
Missing character: There is no 等 ("7B49) in font nullfont!
Missing character: There is no ） ("FF09) in font nullfont!
Missing character: There is no ） ("FF09) in font nullfont!
Missing character: There is no ， ("FF0C) in font nullfont!
Missing character: There is no 重 ("91CD) in font nullfont!
Missing character: There is no 复 ("590D) in font nullfont!
Missing character: There is no 检 ("68C0) in font nullfont!
Missing character: There is no 查 ("67E5) in font nullfont!
Missing character: There is no （ ("FF08) in font nullfont!
Missing character: There is no 防 ("9632) in font nullfont!
Missing character: There is no 止 ("6B62) in font nullfont!
Missing character: There is no 导 ("5BFC) in font nullfont!
Missing character: There is no 入 ("5165) in font nullfont!
Missing character: There is no 相 ("76F8) in font nullfont!
Missing character: There is no 同 ("540C) in font nullfont!
Missing character: There is no 学 ("5B66) in font nullfont!
Missing character: There is no 生 ("751F) in font nullfont!
Missing character: There is no 的 ("7684) in font nullfont!
Missing character: There is no 数 ("6570) in font nullfont!
Missing character: There is no 据 ("636E) in font nullfont!
Missing character: There is no ） ("FF09) in font nullfont!
Missing character: There is no 和 ("548C) in font nullfont!
Missing character: There is no 错 ("9519) in font nullfont!
Missing character: There is no 误 ("8BEF) in font nullfont!
Missing character: There is no 处 ("5904) in font nullfont!
Missing character: There is no 理 ("7406) in font nullfont!
Missing character: There is no （ ("FF08) in font nullfont!
Missing character: There is no 详 ("8BE6) in font nullfont!
Missing character: There is no 细 ("7EC6) in font nullfont!
Missing character: There is no 显 ("663E) in font nullfont!
Missing character: There is no 示 ("793A) in font nullfont!
Missing character: There is no 导 ("5BFC) in font nullfont!
Missing character: There is no 入 ("5165) in font nullfont!
Missing character: There is no 成 ("6210) in font nullfont!
Missing character: There is no 功 ("529F) in font nullfont!
Missing character: There is no 和 ("548C) in font nullfont!
Missing character: There is no 失 ("5931) in font nullfont!
Missing character: There is no 败 ("8D25) in font nullfont!
Missing character: There is no 的 ("7684) in font nullfont!
Missing character: There is no 文 ("6587) in font nullfont!
Missing character: There is no 件 ("4EF6) in font nullfont!
Missing character: There is no 信 ("4FE1) in font nullfont!
Missing character: There is no 息 ("606F) in font nullfont!
Missing character: There is no ） ("FF09) in font nullfont!
Missing character: There is no 。 ("3002) in font nullfont!
Missing character: There is no 完 ("5B8C) in font nullfont!
Missing character: There is no 成 ("6210) in font nullfont!
Missing character: There is no 导 ("5BFC) in font nullfont!
Missing character: There is no 入 ("5165) in font nullfont!
Missing character: There is no 后 ("540E) in font nullfont!
Missing character: There is no 可 ("53EF) in font nullfont!
Missing character: There is no 通 ("901A) in font nullfont!
Missing character: There is no 过 ("8FC7) in font nullfont!
Missing character: There is no “ ("201C) in font nullfont!
Missing character: There is no 学 ("5B66) in font nullfont!
Missing character: There is no 生 ("751F) in font nullfont!
Missing character: There is no 选 ("9009) in font nullfont!
Missing character: There is no 择 ("62E9) in font nullfont!
Missing character: There is no 下 ("4E0B) in font nullfont!
Missing character: There is no 拉 ("62C9) in font nullfont!
Missing character: There is no 菜 ("83DC) in font nullfont!
Missing character: There is no 单 ("5355) in font nullfont!
Missing character: There is no ” ("201D) in font nullfont!
Missing character: There is no 便 ("4FBF) in font nullfont!
Missing character: There is no 捷 ("6377) in font nullfont!
Missing character: There is no 切 ("5207) in font nullfont!
Missing character: There is no 换 ("6362) in font nullfont!
Missing character: There is no 不 ("4E0D) in font nullfont!
Missing character: There is no 同 ("540C) in font nullfont!
Missing character: There is no 学 ("5B66) in font nullfont!
Missing character: There is no 生 ("751F) in font nullfont!
Missing character: There is no 的 ("7684) in font nullfont!
Missing character: There is no 评 ("8BC4) in font nullfont!
Missing character: There is no 审 ("5BA1) in font nullfont!
Missing character: There is no 数 ("6570) in font nullfont!
Missing character: There is no 据 ("636E) in font nullfont!
Missing character: There is no ， ("FF0C) in font nullfont!
Missing character: There is no 如 ("5982) in font nullfont!
Missing character: There is no 图 ("56FE) in font nullfont!
! Undefined control sequence.
<write> ...fig:版本V3.0学生选择下拉菜单展示' on page \thepage 
                                                  \space undefined\on@line .^^J
l.241 ...捷切换不同学生的评审数据，如图\ref{fig:版本V3.0学生选择下拉菜单展示}
                                                  所示。
The control sequence at the end of the top line
of your error message was never \def'ed. If you have
misspelled it (e.g., `\hobx'), type `I' and the correct
spelling (e.g., `I\hbox'). Otherwise just continue,
and I'll forget about whatever was undefined.


LaTeX Warning: Reference `fig:版本V3.0学生选择下拉菜单展示' on page  undefined on input lin
e 241.

Missing character: There is no 所 ("6240) in font nullfont!
Missing character: There is no 示 ("793A) in font nullfont!
Missing character: There is no 。 ("3002) in font nullfont!

Overfull \hbox (20.0pt too wide) in paragraph at lines 240--243
[]
 []


Overfull \hbox (10.86pt too wide) in paragraph at lines 240--243
[]
 []

! Undefined control sequence.
l.246 \textcolor
                {mygreen}{
The control sequence at the end of the top line
of your error message was never \def'ed. If you have
misspelled it (e.g., `\hobx'), type `I' and the correct
spelling (e.g., `I\hbox'). Otherwise just continue,
and I'll forget about whatever was undefined.


! LaTeX Error: Missing \begin{document}.

See the LaTeX manual or LaTeX Companion for explanation.
Type  H <return>  for immediate help.
 ...                                              
                                                  
l.246 \textcolor{m
                  ygreen}{
You're in trouble here.  Try typing  <return>  to proceed.
If that doesn't work, type  X <return>  to quit.

Missing character: There is no m ("6D) in font nullfont!
Missing character: There is no y ("79) in font nullfont!
Missing character: There is no g ("67) in font nullfont!
Missing character: There is no r ("72) in font nullfont!
Missing character: There is no e ("65) in font nullfont!
Missing character: There is no e ("65) in font nullfont!
Missing character: There is no n ("6E) in font nullfont!
Missing character: There is no 【 ("3010) in font nullfont!
Missing character: There is no 补 ("8865) in font nullfont!
Missing character: There is no 充 ("5145) in font nullfont!
Missing character: There is no 导 ("5BFC) in font nullfont!
Missing character: There is no 入 ("5165) in font nullfont!
Missing character: There is no E ("45) in font nullfont!
Missing character: There is no x ("78) in font nullfont!
Missing character: There is no c ("63) in font nullfont!
Missing character: There is no e ("65) in font nullfont!
Missing character: There is no l ("6C) in font nullfont!
Missing character: There is no 文 ("6587) in font nullfont!
Missing character: There is no 件 ("4EF6) in font nullfont!
Missing character: There is no 】 ("3011) in font nullfont!
Missing character: There is no 支 ("652F) in font nullfont!
Missing character: There is no 持 ("6301) in font nullfont!
Missing character: There is no 在 ("5728) in font nullfont!
Missing character: There is no 已 ("5DF2) in font nullfont!
Missing character: There is no 有 ("6709) in font nullfont!
Missing character: There is no 数 ("6570) in font nullfont!
Missing character: There is no 据 ("636E) in font nullfont!
Missing character: There is no 基 ("57FA) in font nullfont!
Missing character: There is no 础 ("7840) in font nullfont!
Missing character: There is no 上 ("4E0A) in font nullfont!
Missing character: There is no 追 ("8FFD) in font nullfont!
Missing character: There is no 加 ("52A0) in font nullfont!
Missing character: There is no 导 ("5BFC) in font nullfont!
Missing character: There is no 入 ("5165) in font nullfont!
Missing character: There is no 新 ("65B0) in font nullfont!
Missing character: There is no 的 ("7684) in font nullfont!
Missing character: There is no 学 ("5B66) in font nullfont!
Missing character: There is no 生 ("751F) in font nullfont!
Missing character: There is no E ("45) in font nullfont!
Missing character: There is no x ("78) in font nullfont!
Missing character: There is no c ("63) in font nullfont!
Missing character: There is no e ("65) in font nullfont!
Missing character: There is no l ("6C) in font nullfont!
Missing character: There is no 文 ("6587) in font nullfont!
Missing character: There is no 件 ("4EF6) in font nullfont!
Missing character: There is no ， ("FF0C) in font nullfont!
Missing character: There is no 无 ("65E0) in font nullfont!
Missing character: There is no 需 ("9700) in font nullfont!
Missing character: There is no 重 ("91CD) in font nullfont!
Missing character: There is no 新 ("65B0) in font nullfont!
Missing character: There is no 选 ("9009) in font nullfont!
Missing character: There is no 择 ("62E9) in font nullfont!
Missing character: There is no 所 ("6240) in font nullfont!
Missing character: There is no 有 ("6709) in font nullfont!
Missing character: There is no 文 ("6587) in font nullfont!
Missing character: There is no 件 ("4EF6) in font nullfont!
Missing character: There is no 。 ("3002) in font nullfont!
Missing character: There is no 为 ("4E3A) in font nullfont!
Missing character: There is no 了 ("4E86) in font nullfont!
Missing character: There is no 方 ("65B9) in font nullfont!
Missing character: There is no 便 ("4FBF) in font nullfont!
Missing character: There is no 评 ("8BC4) in font nullfont!
Missing character: There is no 审 ("5BA1) in font nullfont!
Missing character: There is no 工 ("5DE5) in font nullfont!
Missing character: There is no 作 ("4F5C) in font nullfont!
Missing character: There is no 的 ("7684) in font nullfont!
Missing character: There is no 开 ("5F00) in font nullfont!
Missing character: There is no 展 ("5C55) in font nullfont!
Missing character: There is no ， ("FF0C) in font nullfont!
Missing character: There is no 在 ("5728) in font nullfont!
Missing character: There is no 单 ("5355) in font nullfont!
Missing character: There is no 个 ("4E2A) in font nullfont!
Missing character: There is no 文 ("6587) in font nullfont!
Missing character: There is no 件 ("4EF6) in font nullfont!
Missing character: There is no 导 ("5BFC) in font nullfont!
Missing character: There is no 入 ("5165) in font nullfont!
Missing character: There is no 评 ("8BC4) in font nullfont!
Missing character: There is no 审 ("5BA1) in font nullfont!
Missing character: There is no 的 ("7684) in font nullfont!
Missing character: There is no 情 ("60C5) in font nullfont!
Missing character: There is no 况 ("51B5) in font nullfont!
Missing character: There is no 下 ("4E0B) in font nullfont!
Missing character: There is no ， ("FF0C) in font nullfont!
Missing character: There is no 选 ("9009) in font nullfont!
Missing character: There is no 择 ("62E9) in font nullfont!
Missing character: There is no 补 ("8865) in font nullfont!
Missing character: There is no 充 ("5145) in font nullfont!
Missing character: There is no 导 ("5BFC) in font nullfont!
Missing character: There is no 入 ("5165) in font nullfont!
Missing character: There is no 会 ("4F1A) in font nullfont!
Missing character: There is no 自 ("81EA) in font nullfont!
Missing character: There is no 动 ("52A8) in font nullfont!
Missing character: There is no 转 ("8F6C) in font nullfont!
Missing character: There is no 化 ("5316) in font nullfont!
Missing character: There is no 为 ("4E3A) in font nullfont!
Missing character: There is no 批 ("6279) in font nullfont!
Missing character: There is no 量 ("91CF) in font nullfont!
Missing character: There is no 处 ("5904) in font nullfont!
Missing character: There is no 理 ("7406) in font nullfont!
Missing character: There is no 状 ("72B6) in font nullfont!
Missing character: There is no 态 ("6001) in font nullfont!
Missing character: There is no ， ("FF0C) in font nullfont!
Missing character: There is no 届 ("5C4A) in font nullfont!
Missing character: There is no 时 ("65F6) in font nullfont!
Missing character: There is no 同 ("540C) in font nullfont!
Missing character: There is no 样 ("6837) in font nullfont!
Missing character: There is no 可 ("53EF) in font nullfont!
Missing character: There is no 通 ("901A) in font nullfont!
Missing character: There is no 过 ("8FC7) in font nullfont!
Missing character: There is no “ ("201C) in font nullfont!
Missing character: There is no 学 ("5B66) in font nullfont!
Missing character: There is no 生 ("751F) in font nullfont!
Missing character: There is no 选 ("9009) in font nullfont!
Missing character: There is no 择 ("62E9) in font nullfont!
Missing character: There is no 下 ("4E0B) in font nullfont!
Missing character: There is no 拉 ("62C9) in font nullfont!
Missing character: There is no 菜 ("83DC) in font nullfont!
Missing character: There is no 单 ("5355) in font nullfont!
Missing character: There is no ” ("201D) in font nullfont!
Missing character: There is no 便 ("4FBF) in font nullfont!
Missing character: There is no 捷 ("6377) in font nullfont!
Missing character: There is no 切 ("5207) in font nullfont!
Missing character: There is no 换 ("6362) in font nullfont!
Missing character: There is no 不 ("4E0D) in font nullfont!
Missing character: There is no 同 ("540C) in font nullfont!
Missing character: There is no 学 ("5B66) in font nullfont!
Missing character: There is no 生 ("751F) in font nullfont!
Missing character: There is no 的 ("7684) in font nullfont!
Missing character: There is no 评 ("8BC4) in font nullfont!
Missing character: There is no 审 ("5BA1) in font nullfont!
Missing character: There is no 数 ("6570) in font nullfont!
Missing character: There is no 据 ("636E) in font nullfont!
Missing character: There is no 。 ("3002) in font nullfont!

Overfull \hbox (20.0pt too wide) in paragraph at lines 246--249
[]
 []

! Undefined control sequence.
l.252 \textcolor
                {myred}{
The control sequence at the end of the top line
of your error message was never \def'ed. If you have
misspelled it (e.g., `\hobx'), type `I' and the correct
spelling (e.g., `I\hbox'). Otherwise just continue,
and I'll forget about whatever was undefined.


! LaTeX Error: Missing \begin{document}.

See the LaTeX manual or LaTeX Companion for explanation.
Type  H <return>  for immediate help.
 ...                                              
                                                  
l.252 \textcolor{m
                  yred}{
You're in trouble here.  Try typing  <return>  to proceed.
If that doesn't work, type  X <return>  to quit.

Missing character: There is no m ("6D) in font nullfont!
Missing character: There is no y ("79) in font nullfont!
Missing character: There is no r ("72) in font nullfont!
Missing character: There is no e ("65) in font nullfont!
Missing character: There is no d ("64) in font nullfont!
! Undefined control sequence.
l.253 ^^I\section
                 {支撑材料预览}
The control sequence at the end of the top line
of your error message was never \def'ed. If you have
misspelled it (e.g., `\hobx'), type `I' and the correct
spelling (e.g., `I\hbox'). Otherwise just continue,
and I'll forget about whatever was undefined.

Missing character: There is no 支 ("652F) in font nullfont!
Missing character: There is no 撑 ("6491) in font nullfont!
Missing character: There is no 材 ("6750) in font nullfont!
Missing character: There is no 料 ("6599) in font nullfont!
Missing character: There is no 预 ("9884) in font nullfont!
Missing character: There is no 览 ("89C8) in font nullfont!
Missing character: There is no 如 ("5982) in font nullfont!
Missing character: There is no 图 ("56FE) in font nullfont!
! Undefined control sequence.
<write> ...eference `fig:图片奖项展示' on page \thepage 
                                                  \space undefined\on@line .^^J
l.254 ^^I如图\ref{fig:图片奖项展示}
                           和图\ref{fig:pdf奖项示例}所示，为支撑材料预览展示。图片类型的文件可以直接显示，pdf...
The control sequence at the end of the top line
of your error message was never \def'ed. If you have
misspelled it (e.g., `\hobx'), type `I' and the correct
spelling (e.g., `I\hbox'). Otherwise just continue,
and I'll forget about whatever was undefined.


LaTeX Warning: Reference `fig:图片奖项展示' on page  undefined on input line 254.

Missing character: There is no 和 ("548C) in font nullfont!
Missing character: There is no 图 ("56FE) in font nullfont!
! Undefined control sequence.
<write> ...ference `fig:pdf奖项示例' on page \thepage 
                                                  \space undefined\on@line .^^J
l.254 ^^I如图\ref{fig:图片奖项展示}和图\ref{fig:pdf奖项示例}
                                              所示，为支撑材料预览展示。图片类型的文件可以直接显示，pdf...
The control sequence at the end of the top line
of your error message was never \def'ed. If you have
misspelled it (e.g., `\hobx'), type `I' and the correct
spelling (e.g., `I\hbox'). Otherwise just continue,
and I'll forget about whatever was undefined.


LaTeX Warning: Reference `fig:pdf奖项示例' on page  undefined on input line 254.

Missing character: There is no 所 ("6240) in font nullfont!
Missing character: There is no 示 ("793A) in font nullfont!
Missing character: There is no ， ("FF0C) in font nullfont!
Missing character: There is no 为 ("4E3A) in font nullfont!
Missing character: There is no 支 ("652F) in font nullfont!
Missing character: There is no 撑 ("6491) in font nullfont!
Missing character: There is no 材 ("6750) in font nullfont!
Missing character: There is no 料 ("6599) in font nullfont!
Missing character: There is no 预 ("9884) in font nullfont!
Missing character: There is no 览 ("89C8) in font nullfont!
Missing character: There is no 展 ("5C55) in font nullfont!
Missing character: There is no 示 ("793A) in font nullfont!
Missing character: There is no 。 ("3002) in font nullfont!
Missing character: There is no 图 ("56FE) in font nullfont!
Missing character: There is no 片 ("7247) in font nullfont!
Missing character: There is no 类 ("7C7B) in font nullfont!
Missing character: There is no 型 ("578B) in font nullfont!
Missing character: There is no 的 ("7684) in font nullfont!
Missing character: There is no 文 ("6587) in font nullfont!
Missing character: There is no 件 ("4EF6) in font nullfont!
Missing character: There is no 可 ("53EF) in font nullfont!
Missing character: There is no 以 ("4EE5) in font nullfont!
Missing character: There is no 直 ("76F4) in font nullfont!
Missing character: There is no 接 ("63A5) in font nullfont!
Missing character: There is no 显 ("663E) in font nullfont!
Missing character: There is no 示 ("793A) in font nullfont!
Missing character: There is no ， ("FF0C) in font nullfont!
Missing character: There is no p ("70) in font nullfont!
Missing character: There is no d ("64) in font nullfont!
Missing character: There is no f ("66) in font nullfont!
Missing character: There is no 类 ("7C7B) in font nullfont!
Missing character: There is no 型 ("578B) in font nullfont!
Missing character: There is no 的 ("7684) in font nullfont!
Missing character: There is no 文 ("6587) in font nullfont!
Missing character: There is no 件 ("4EF6) in font nullfont!
Missing character: There is no 可 ("53EF) in font nullfont!
Missing character: There is no 点 ("70B9) in font nullfont!
Missing character: There is no 击 ("51FB) in font nullfont!
Missing character: There is no 打 ("6253) in font nullfont!
Missing character: There is no 开 ("5F00) in font nullfont!
Missing character: There is no 按 ("6309) in font nullfont!
Missing character: There is no 钮 ("94AE) in font nullfont!
Missing character: There is no 进 ("8FDB) in font nullfont!
Missing character: There is no 行 ("884C) in font nullfont!
Missing character: There is no 显 ("663E) in font nullfont!
Missing character: There is no 示 ("793A) in font nullfont!
Missing character: There is no 。 ("3002) in font nullfont!
Missing character: There is no 此 ("6B64) in font nullfont!
Missing character: There is no 举 ("4E3E) in font nullfont!
Missing character: There is no 可 ("53EF) in font nullfont!
Missing character: There is no 方 ("65B9) in font nullfont!
Missing character: There is no 便 ("4FBF) in font nullfont!
Missing character: There is no 评 ("8BC4) in font nullfont!
Missing character: There is no 审 ("5BA1) in font nullfont!
Missing character: There is no 人 ("4EBA) in font nullfont!
Missing character: There is no 员 ("5458) in font nullfont!
Missing character: There is no 无 ("65E0) in font nullfont!
Missing character: There is no 需 ("9700) in font nullfont!
Missing character: There is no 重 ("91CD) in font nullfont!
Missing character: There is no 复 ("590D) in font nullfont!
Missing character: There is no 进 ("8FDB) in font nullfont!
Missing character: There is no 行 ("884C) in font nullfont!
Missing character: There is no 界 ("754C) in font nullfont!
Missing character: There is no 面 ("9762) in font nullfont!
Missing character: There is no 切 ("5207) in font nullfont!
Missing character: There is no 换 ("6362) in font nullfont!
Missing character: There is no ， ("FF0C) in font nullfont!
Missing character: There is no 减 ("51CF) in font nullfont!
Missing character: There is no 轻 ("8F7B) in font nullfont!
Missing character: There is no 工 ("5DE5) in font nullfont!
Missing character: There is no 作 ("4F5C) in font nullfont!
Missing character: There is no 量 ("91CF) in font nullfont!
Missing character: There is no 。 ("3002) in font nullfont!

Overfull \hbox (20.0pt too wide) in paragraph at lines 252--256
[]
 []


Overfull \hbox (21.72pt too wide) in paragraph at lines 252--256
[][]
 []

! Undefined control sequence.
l.257 \textcolor
                {myred}{
The control sequence at the end of the top line
of your error message was never \def'ed. If you have
misspelled it (e.g., `\hobx'), type `I' and the correct
spelling (e.g., `I\hbox'). Otherwise just continue,
and I'll forget about whatever was undefined.


! LaTeX Error: Missing \begin{document}.

See the LaTeX manual or LaTeX Companion for explanation.
Type  H <return>  for immediate help.
 ...                                              
                                                  
l.257 \textcolor{m
                  yred}{
You're in trouble here.  Try typing  <return>  to proceed.
If that doesn't work, type  X <return>  to quit.

Missing character: There is no m ("6D) in font nullfont!
Missing character: There is no y ("79) in font nullfont!
Missing character: There is no r ("72) in font nullfont!
Missing character: There is no e ("65) in font nullfont!
Missing character: There is no d ("64) in font nullfont!
Missing character: There is no 需 (U+9700) in font [lmroman10-bold]:mapping=tex-
text;!
Missing character: There is no 要 (U+8981) in font [lmroman10-bold]:mapping=tex-
text;!
Missing character: There is no 注 (U+6CE8) in font [lmroman10-bold]:mapping=tex-
text;!
Missing character: There is no 意 (U+610F) in font [lmroman10-bold]:mapping=tex-
text;!
Missing character: There is no ， (U+FF0C) in font [lmroman10-bold]:mapping=tex-
text;!
Missing character: There is no 支 (U+652F) in font [lmroman10-bold]:mapping=tex-
text;!
Missing character: There is no 撑 (U+6491) in font [lmroman10-bold]:mapping=tex-
text;!
Missing character: There is no 材 (U+6750) in font [lmroman10-bold]:mapping=tex-
text;!
Missing character: There is no 料 (U+6599) in font [lmroman10-bold]:mapping=tex-
text;!
Missing character: There is no 的 (U+7684) in font [lmroman10-bold]:mapping=tex-
text;!
Missing character: There is no 文 (U+6587) in font [lmroman10-bold]:mapping=tex-
text;!
Missing character: There is no 件 (U+4EF6) in font [lmroman10-bold]:mapping=tex-
text;!
Missing character: There is no 名 (U+540D) in font [lmroman10-bold]:mapping=tex-
text;!
Missing character: There is no 需 (U+9700) in font [lmroman10-bold]:mapping=tex-
text;!
Missing character: There is no 要 (U+8981) in font [lmroman10-bold]:mapping=tex-
text;!
Missing character: There is no 与 (U+4E0E) in font [lmroman10-bold]:mapping=tex-
text;!
Missing character: There is no 材 (U+6750) in font [lmroman10-bold]:mapping=tex-
text;!
Missing character: There is no 料 (U+6599) in font [lmroman10-bold]:mapping=tex-
text;!
Missing character: There is no 表 (U+8868) in font [lmroman10-bold]:mapping=tex-
text;!
Missing character: There is no 中 (U+4E2D) in font [lmroman10-bold]:mapping=tex-
text;!
Missing character: There is no 填 (U+586B) in font [lmroman10-bold]:mapping=tex-
text;!
Missing character: There is no 写 (U+5199) in font [lmroman10-bold]:mapping=tex-
text;!
Missing character: There is no 的 (U+7684) in font [lmroman10-bold]:mapping=tex-
text;!
Missing character: There is no 奖 (U+5956) in font [lmroman10-bold]:mapping=tex-
text;!
Missing character: There is no 项 (U+9879) in font [lmroman10-bold]:mapping=tex-
text;!
Missing character: There is no 名 (U+540D) in font [lmroman10-bold]:mapping=tex-
text;!
Missing character: There is no 称 (U+79F0) in font [lmroman10-bold]:mapping=tex-
text;!
Missing character: There is no 保 (U+4FDD) in font [lmroman10-bold]:mapping=tex-
text;!
Missing character: There is no 持 (U+6301) in font [lmroman10-bold]:mapping=tex-
text;!
Missing character: There is no 一 (U+4E00) in font [lmroman10-bold]:mapping=tex-
text;!
Missing character: There is no 致 (U+81F4) in font [lmroman10-bold]:mapping=tex-
text;!
Missing character: There is no ， (U+FF0C) in font [lmroman10-bold]:mapping=tex-
text;!
Missing character: There is no 否 (U+5426) in font [lmroman10-bold]:mapping=tex-
text;!
Missing character: There is no 则 (U+5219) in font [lmroman10-bold]:mapping=tex-
text;!
Missing character: There is no 将 (U+5C06) in font [lmroman10-bold]:mapping=tex-
text;!
Missing character: There is no 无 (U+65E0) in font [lmroman10-bold]:mapping=tex-
text;!
Missing character: There is no 法 (U+6CD5) in font [lmroman10-bold]:mapping=tex-
text;!
Missing character: There is no 正 (U+6B63) in font [lmroman10-bold]:mapping=tex-
text;!
Missing character: There is no 确 (U+786E) in font [lmroman10-bold]:mapping=tex-
text;!
Missing character: There is no 读 (U+8BFB) in font [lmroman10-bold]:mapping=tex-
text;!
Missing character: There is no 取 (U+53D6) in font [lmroman10-bold]:mapping=tex-
text;!
Missing character: There is no 。 (U+3002) in font [lmroman10-bold]:mapping=tex-
text;!

! LaTeX Error: Environment figure undefined.

See the LaTeX manual or LaTeX Companion for explanation.
Type  H <return>  for immediate help.
 ...                                              
                                                  
l.259 ^^I\begin{figure}
                       [h]
Your command was ignored.
Type  I <command> <return>  to replace it with another command,
or  <return>  to continue without it.

Missing character: There is no [ ("5B) in font nullfont!
Missing character: There is no h ("68) in font nullfont!
Missing character: There is no ] ("5D) in font nullfont!
! Undefined control sequence.
l.261 ^^I^^I\includegraphics
                            [width=0.7\linewidth]{fig/图片奖项展示}
The control sequence at the end of the top line
of your error message was never \def'ed. If you have
misspelled it (e.g., `\hobx'), type `I' and the correct
spelling (e.g., `I\hbox'). Otherwise just continue,
and I'll forget about whatever was undefined.

Missing character: There is no [ ("5B) in font nullfont!
Missing character: There is no w ("77) in font nullfont!
Missing character: There is no i ("69) in font nullfont!
Missing character: There is no d ("64) in font nullfont!
Missing character: There is no t ("74) in font nullfont!
Missing character: There is no h ("68) in font nullfont!
Missing character: There is no = ("3D) in font nullfont!
Missing character: There is no 0 ("30) in font nullfont!
Missing character: There is no . ("2E) in font nullfont!
Missing character: There is no 7 ("37) in font nullfont!
! Missing number, treated as zero.
<to be read again> 
                   ]
l.261 ^^I^^I\includegraphics[width=0.7\linewidth]
                                                 {fig/图片奖项展示}
A number should have been here; I inserted `0'.
(If you can't figure out why I needed to see a number,
look up `weird error' in the index to The TeXbook.)

! Illegal unit of measure (pt inserted).
<to be read again> 
                   ]
l.261 ^^I^^I\includegraphics[width=0.7\linewidth]
                                                 {fig/图片奖项展示}
Dimensions can be in units of em, ex, in, pt, pc,
cm, mm, dd, cc, bp, or sp; but yours is a new one!
I'll assume that you meant to say pt, for printer's points.
To recover gracefully from this error, it's best to
delete the erroneous units; e.g., type `2' to delete
two letters. (See Chapter 27 of The TeXbook.)

Missing character: There is no ] ("5D) in font nullfont!
Missing character: There is no f ("66) in font nullfont!
Missing character: There is no i ("69) in font nullfont!
Missing character: There is no g ("67) in font nullfont!
Missing character: There is no / ("2F) in font nullfont!
Missing character: There is no 图 ("56FE) in font nullfont!
Missing character: There is no 片 ("7247) in font nullfont!
Missing character: There is no 奖 ("5956) in font nullfont!
Missing character: There is no 项 ("9879) in font nullfont!
Missing character: There is no 展 ("5C55) in font nullfont!
Missing character: There is no 示 ("793A) in font nullfont!

! LaTeX Error: \caption outside float.

See the LaTeX manual or LaTeX Companion for explanation.
Type  H <return>  for immediate help.
 ...                                              
                                                  
l.262 ^^I^^I\caption
                    {图片奖项展示}
You're in trouble here.  Try typing  <return>  to proceed.
If that doesn't work, type  X <return>  to quit.

Missing character: There is no 图 ("56FE) in font nullfont!
Missing character: There is no 片 ("7247) in font nullfont!
Missing character: There is no 奖 ("5956) in font nullfont!
Missing character: There is no 项 ("9879) in font nullfont!
Missing character: There is no 展 ("5C55) in font nullfont!
Missing character: There is no 示 ("793A) in font nullfont!

! LaTeX Error: \begin{document} ended by \end{figure}.

See the LaTeX manual or LaTeX Companion for explanation.
Type  H <return>  for immediate help.
 ...                                              
                                                  
l.264 ^^I\end{figure}
                     
Your command was ignored.
Type  I <command> <return>  to replace it with another command,
or  <return>  to continue without it.


! LaTeX Error: Environment figure undefined.

See the LaTeX manual or LaTeX Companion for explanation.
Type  H <return>  for immediate help.
 ...                                              
                                                  
l.265 ^^I\begin{figure}
                       [h]
Your command was ignored.
Type  I <command> <return>  to replace it with another command,
or  <return>  to continue without it.

Missing character: There is no [ ("5B) in font nullfont!
Missing character: There is no h ("68) in font nullfont!
Missing character: There is no ] ("5D) in font nullfont!
! Undefined control sequence.
l.267 ^^I^^I\includegraphics
                            [width=0.7\linewidth]{fig/pdf奖项示例}
The control sequence at the end of the top line
of your error message was never \def'ed. If you have
misspelled it (e.g., `\hobx'), type `I' and the correct
spelling (e.g., `I\hbox'). Otherwise just continue,
and I'll forget about whatever was undefined.

Missing character: There is no [ ("5B) in font nullfont!
Missing character: There is no w ("77) in font nullfont!
Missing character: There is no i ("69) in font nullfont!
Missing character: There is no d ("64) in font nullfont!
Missing character: There is no t ("74) in font nullfont!
Missing character: There is no h ("68) in font nullfont!
Missing character: There is no = ("3D) in font nullfont!
Missing character: There is no 0 ("30) in font nullfont!
Missing character: There is no . ("2E) in font nullfont!
Missing character: There is no 7 ("37) in font nullfont!
! Missing number, treated as zero.
<to be read again> 
                   ]
l.267 ^^I^^I\includegraphics[width=0.7\linewidth]
                                                 {fig/pdf奖项示例}
A number should have been here; I inserted `0'.
(If you can't figure out why I needed to see a number,
look up `weird error' in the index to The TeXbook.)

! Illegal unit of measure (pt inserted).
<to be read again> 
                   ]
l.267 ^^I^^I\includegraphics[width=0.7\linewidth]
                                                 {fig/pdf奖项示例}
Dimensions can be in units of em, ex, in, pt, pc,
cm, mm, dd, cc, bp, or sp; but yours is a new one!
I'll assume that you meant to say pt, for printer's points.
To recover gracefully from this error, it's best to
delete the erroneous units; e.g., type `2' to delete
two letters. (See Chapter 27 of The TeXbook.)

Missing character: There is no ] ("5D) in font nullfont!
Missing character: There is no f ("66) in font nullfont!
Missing character: There is no i ("69) in font nullfont!
Missing character: There is no g ("67) in font nullfont!
Missing character: There is no / ("2F) in font nullfont!
Missing character: There is no p ("70) in font nullfont!
Missing character: There is no d ("64) in font nullfont!
Missing character: There is no f ("66) in font nullfont!
Missing character: There is no 奖 ("5956) in font nullfont!
Missing character: There is no 项 ("9879) in font nullfont!
Missing character: There is no 示 ("793A) in font nullfont!
Missing character: There is no 例 ("4F8B) in font nullfont!

! LaTeX Error: \caption outside float.

See the LaTeX manual or LaTeX Companion for explanation.
Type  H <return>  for immediate help.
 ...                                              
                                                  
l.268 ^^I^^I\caption
                    {pdf奖项示例}
You're in trouble here.  Try typing  <return>  to proceed.
If that doesn't work, type  X <return>  to quit.

Missing character: There is no p ("70) in font nullfont!
Missing character: There is no d ("64) in font nullfont!
Missing character: There is no f ("66) in font nullfont!
Missing character: There is no 奖 ("5956) in font nullfont!
Missing character: There is no 项 ("9879) in font nullfont!
Missing character: There is no 示 ("793A) in font nullfont!
Missing character: There is no 例 ("4F8B) in font nullfont!

! LaTeX Error: \begin{document} ended by \end{figure}.

See the LaTeX manual or LaTeX Companion for explanation.
Type  H <return>  for immediate help.
 ...                                              
                                                  
l.270 ^^I\end{figure}
                     
Your command was ignored.
Type  I <command> <return>  to replace it with another command,
or  <return>  to continue without it.


Overfull \hbox (20.0pt too wide) in paragraph at lines 257--272
[]
 []


Overfull \hbox (144.8pt too wide) in paragraph at lines 257--272
\TU/lmr/bx/n/10 需要注意，支撑材料的文件名需要与Excel材料表中填写的奖项名称保持一致，否则将无法正确读取。
 []

! Undefined control sequence.
l.273 \section
              {评审}
The control sequence at the end of the top line
of your error message was never \def'ed. If you have
misspelled it (e.g., `\hobx'), type `I' and the correct
spelling (e.g., `I\hbox'). Otherwise just continue,
and I'll forget about whatever was undefined.


! LaTeX Error: Missing \begin{document}.

See the LaTeX manual or LaTeX Companion for explanation.
Type  H <return>  for immediate help.
 ...                                              
                                                  
l.273 \section{评
                审}
You're in trouble here.  Try typing  <return>  to proceed.
If that doesn't work, type  X <return>  to quit.

Missing character: There is no 评 ("8BC4) in font nullfont!
Missing character: There is no 审 ("5BA1) in font nullfont!
! Undefined control sequence.
l.274 \subsection
                 {评审细则及注意事项}
The control sequence at the end of the top line
of your error message was never \def'ed. If you have
misspelled it (e.g., `\hobx'), type `I' and the correct
spelling (e.g., `I\hbox'). Otherwise just continue,
and I'll forget about whatever was undefined.

Missing character: There is no 评 ("8BC4) in font nullfont!
Missing character: There is no 审 ("5BA1) in font nullfont!
Missing character: There is no 细 ("7EC6) in font nullfont!
Missing character: There is no 则 ("5219) in font nullfont!
Missing character: There is no 及 ("53CA) in font nullfont!
Missing character: There is no 注 ("6CE8) in font nullfont!
Missing character: There is no 意 ("610F) in font nullfont!
Missing character: There is no 事 ("4E8B) in font nullfont!
Missing character: There is no 项 ("9879) in font nullfont!
Missing character: There is no 在 ("5728) in font nullfont!
Missing character: There is no 开 ("5F00) in font nullfont!
Missing character: There is no 展 ("5C55) in font nullfont!
Missing character: There is no 评 ("8BC4) in font nullfont!
Missing character: There is no 审 ("5BA1) in font nullfont!
Missing character: There is no 工 ("5DE5) in font nullfont!
Missing character: There is no 作 ("4F5C) in font nullfont!
Missing character: There is no 前 ("524D) in font nullfont!
Missing character: There is no ， ("FF0C) in font nullfont!
Missing character: There is no 了 ("4E86) in font nullfont!
Missing character: There is no 解 ("89E3) in font nullfont!
Missing character: There is no 评 ("8BC4) in font nullfont!
Missing character: There is no 审 ("5BA1) in font nullfont!
Missing character: There is no 的 ("7684) in font nullfont!
Missing character: There is no 要 ("8981) in font nullfont!
Missing character: There is no 求 ("6C42) in font nullfont!
Missing character: There is no 和 ("548C) in font nullfont!
Missing character: There is no 不 ("4E0D) in font nullfont!
Missing character: There is no 同 ("540C) in font nullfont!
Missing character: There is no 加 ("52A0) in font nullfont!
Missing character: There is no 分 ("5206) in font nullfont!
Missing character: There is no 项 ("9879) in font nullfont!
Missing character: There is no 目 ("76EE) in font nullfont!
Missing character: There is no 的 ("7684) in font nullfont!
Missing character: There is no 加 ("52A0) in font nullfont!
Missing character: There is no 分 ("5206) in font nullfont!
Missing character: There is no 情 ("60C5) in font nullfont!
Missing character: There is no 况 ("51B5) in font nullfont!
Missing character: There is no 尤 ("5C24) in font nullfont!
Missing character: There is no 为 ("4E3A) in font nullfont!
Missing character: There is no 重 ("91CD) in font nullfont!
Missing character: There is no 要 ("8981) in font nullfont!
Missing character: There is no ， ("FF0C) in font nullfont!
Missing character: There is no 在 ("5728) in font nullfont!
Missing character: There is no 本 ("672C) in font nullfont!
Missing character: There is no 软 ("8F6F) in font nullfont!
Missing character: There is no 件 ("4EF6) in font nullfont!
Missing character: There is no 中 ("4E2D) in font nullfont!
Missing character: There is no ， ("FF0C) in font nullfont!
Missing character: There is no 默 ("9ED8) in font nullfont!
Missing character: There is no 认 ("8BA4) in font nullfont!
Missing character: There is no 的 ("7684) in font nullfont!
Missing character: There is no 加 ("52A0) in font nullfont!
Missing character: There is no 分 ("5206) in font nullfont!
Missing character: There is no 项 ("9879) in font nullfont!
Missing character: There is no 目 ("76EE) in font nullfont!
Missing character: There is no 类 ("7C7B) in font nullfont!
Missing character: There is no 型 ("578B) in font nullfont!
Missing character: There is no 为 ("4E3A) in font nullfont!
Missing character: There is no “ ("201C) in font nullfont!
Missing character: There is no 竞 ("7ADE) in font nullfont!
Missing character: There is no 赛 ("8D5B) in font nullfont!
Missing character: There is no 类 ("7C7B) in font nullfont!
Missing character: There is no 加 ("52A0) in font nullfont!
Missing character: There is no 分 ("5206) in font nullfont!
Missing character: There is no ” ("201D) in font nullfont!
Missing character: There is no ， ("FF0C) in font nullfont!
Missing character: There is no “ ("201C) in font nullfont!
Missing character: There is no 科 ("79D1) in font nullfont!
Missing character: There is no 研 ("7814) in font nullfont!
Missing character: There is no 创 ("521B) in font nullfont!
Missing character: There is no 新 ("65B0) in font nullfont!
Missing character: There is no 类 ("7C7B) in font nullfont!
Missing character: There is no 加 ("52A0) in font nullfont!
Missing character: There is no 分 ("5206) in font nullfont!
Missing character: There is no ” ("201D) in font nullfont!
Missing character: There is no ， ("FF0C) in font nullfont!
Missing character: There is no “ ("201C) in font nullfont!
Missing character: There is no 外 ("5916) in font nullfont!
Missing character: There is no 语 ("8BED) in font nullfont!
Missing character: There is no 类 ("7C7B) in font nullfont!
Missing character: There is no 加 ("52A0) in font nullfont!
Missing character: There is no 分 ("5206) in font nullfont!
Missing character: There is no ” ("201D) in font nullfont!
Missing character: There is no 三 ("4E09) in font nullfont!
Missing character: There is no 类 ("7C7B) in font nullfont!
Missing character: There is no ， ("FF0C) in font nullfont!
Missing character: There is no 其 ("5176) in font nullfont!
Missing character: There is no 下 ("4E0B) in font nullfont!
Missing character: There is no 根 ("6839) in font nullfont!
Missing character: There is no 据 ("636E) in font nullfont!
Missing character: There is no 奖 ("5956) in font nullfont!
Missing character: There is no 项 ("9879) in font nullfont!
Missing character: There is no 级 ("7EA7) in font nullfont!
Missing character: There is no 别 ("522B) in font nullfont!
Missing character: There is no 的 ("7684) in font nullfont!
Missing character: There is no 不 ("4E0D) in font nullfont!
Missing character: There is no 同 ("540C) in font nullfont!
Missing character: There is no ， ("FF0C) in font nullfont!
Missing character: There is no “ ("201C) in font nullfont!
Missing character: There is no 竞 ("7ADE) in font nullfont!
Missing character: There is no 赛 ("8D5B) in font nullfont!
Missing character: There is no 类 ("7C7B) in font nullfont!
Missing character: There is no 加 ("52A0) in font nullfont!
Missing character: There is no 分 ("5206) in font nullfont!
Missing character: There is no ” ("201D) in font nullfont!
Missing character: There is no 有 ("6709) in font nullfont!
Missing character: There is no 1 ("31) in font nullfont!
Missing character: There is no 5 ("35) in font nullfont!
Missing character: There is no 种 ("79CD) in font nullfont!
Missing character: There is no 不 ("4E0D) in font nullfont!
Missing character: There is no 同 ("540C) in font nullfont!
Missing character: There is no 的 ("7684) in font nullfont!
Missing character: There is no 分 ("5206) in font nullfont!
Missing character: There is no 值 ("503C) in font nullfont!
Missing character: There is no ， ("FF0C) in font nullfont!
Missing character: There is no “ ("201C) in font nullfont!
Missing character: There is no 科 ("79D1) in font nullfont!
Missing character: There is no 研 ("7814) in font nullfont!
Missing character: There is no 创 ("521B) in font nullfont!
Missing character: There is no 新 ("65B0) in font nullfont!
Missing character: There is no 类 ("7C7B) in font nullfont!
Missing character: There is no 加 ("52A0) in font nullfont!
Missing character: There is no 分 ("5206) in font nullfont!
Missing character: There is no ” ("201D) in font nullfont!
Missing character: There is no 有 ("6709) in font nullfont!
Missing character: There is no 2 ("32) in font nullfont!
Missing character: There is no 7 ("37) in font nullfont!
Missing character: There is no 种 ("79CD) in font nullfont!
Missing character: There is no 不 ("4E0D) in font nullfont!
Missing character: There is no 同 ("540C) in font nullfont!
Missing character: There is no 的 ("7684) in font nullfont!
Missing character: There is no 分 ("5206) in font nullfont!
Missing character: There is no 值 ("503C) in font nullfont!
Missing character: There is no ， ("FF0C) in font nullfont!
Missing character: There is no “ ("201C) in font nullfont!
Missing character: There is no 外 ("5916) in font nullfont!
Missing character: There is no 语 ("8BED) in font nullfont!
Missing character: There is no 类 ("7C7B) in font nullfont!
Missing character: There is no 加 ("52A0) in font nullfont!
Missing character: There is no 分 ("5206) in font nullfont!
Missing character: There is no ” ("201D) in font nullfont!
Missing character: There is no 有 ("6709) in font nullfont!
Missing character: There is no 1 ("31) in font nullfont!
Missing character: There is no 2 ("32) in font nullfont!
Missing character: There is no 种 ("79CD) in font nullfont!
Missing character: There is no 不 ("4E0D) in font nullfont!
Missing character: There is no 同 ("540C) in font nullfont!
Missing character: There is no 的 ("7684) in font nullfont!
Missing character: There is no 分 ("5206) in font nullfont!
Missing character: There is no 值 ("503C) in font nullfont!
Missing character: There is no ， ("FF0C) in font nullfont!
Missing character: There is no 详 ("8BE6) in font nullfont!
Missing character: There is no 情 ("60C5) in font nullfont!
Missing character: There is no 如 ("5982) in font nullfont!
Missing character: There is no 表 ("8868) in font nullfont!
! Undefined control sequence.
<write> ...ning: Reference `分值表' on page \thepage 
                                                  \space undefined\on@line .^^J
l.275 ...”有27种不同的分值，“外语类加分”有12种不同的分值，详情如表\ref{分值表}
                                                  所示。
The control sequence at the end of the top line
of your error message was never \def'ed. If you have
misspelled it (e.g., `\hobx'), type `I' and the correct
spelling (e.g., `I\hbox'). Otherwise just continue,
and I'll forget about whatever was undefined.


LaTeX Warning: Reference `分值表' on page  undefined on input line 275.

Missing character: There is no 所 ("6240) in font nullfont!
Missing character: There is no 示 ("793A) in font nullfont!
Missing character: There is no 。 ("3002) in font nullfont!

Overfull \hbox (20.0pt too wide) in paragraph at lines 273--276
[]
 []


Overfull \hbox (10.86pt too wide) in paragraph at lines 273--276
[] 
 []


! LaTeX Error: Missing \begin{document}.

See the LaTeX manual or LaTeX Companion for explanation.
Type  H <return>  for immediate help.
 ...                                              
                                                  
l.278 对
       于加分项目的评定等级的认定需要根据申请人递交的支撑材料的文件内容、盖章单位进行确认，并非依据申请人填写的奖项等级进行认定。
You're in trouble here.  Try typing  <return>  to proceed.
If that doesn't work, type  X <return>  to quit.

Missing character: There is no 对 ("5BF9) in font nullfont!
Missing character: There is no 于 ("4E8E) in font nullfont!
Missing character: There is no 加 ("52A0) in font nullfont!
Missing character: There is no 分 ("5206) in font nullfont!
Missing character: There is no 项 ("9879) in font nullfont!
Missing character: There is no 目 ("76EE) in font nullfont!
Missing character: There is no 的 ("7684) in font nullfont!
Missing character: There is no 评 ("8BC4) in font nullfont!
Missing character: There is no 定 ("5B9A) in font nullfont!
Missing character: There is no 等 ("7B49) in font nullfont!
Missing character: There is no 级 ("7EA7) in font nullfont!
Missing character: There is no 的 ("7684) in font nullfont!
Missing character: There is no 认 ("8BA4) in font nullfont!
Missing character: There is no 定 ("5B9A) in font nullfont!
Missing character: There is no 需 ("9700) in font nullfont!
Missing character: There is no 要 ("8981) in font nullfont!
Missing character: There is no 根 ("6839) in font nullfont!
Missing character: There is no 据 ("636E) in font nullfont!
Missing character: There is no 申 ("7533) in font nullfont!
Missing character: There is no 请 ("8BF7) in font nullfont!
Missing character: There is no 人 ("4EBA) in font nullfont!
Missing character: There is no 递 ("9012) in font nullfont!
Missing character: There is no 交 ("4EA4) in font nullfont!
Missing character: There is no 的 ("7684) in font nullfont!
Missing character: There is no 支 ("652F) in font nullfont!
Missing character: There is no 撑 ("6491) in font nullfont!
Missing character: There is no 材 ("6750) in font nullfont!
Missing character: There is no 料 ("6599) in font nullfont!
Missing character: There is no 的 ("7684) in font nullfont!
Missing character: There is no 文 ("6587) in font nullfont!
Missing character: There is no 件 ("4EF6) in font nullfont!
Missing character: There is no 内 ("5185) in font nullfont!
Missing character: There is no 容 ("5BB9) in font nullfont!
Missing character: There is no 、 ("3001) in font nullfont!
Missing character: There is no 盖 ("76D6) in font nullfont!
Missing character: There is no 章 ("7AE0) in font nullfont!
Missing character: There is no 单 ("5355) in font nullfont!
Missing character: There is no 位 ("4F4D) in font nullfont!
Missing character: There is no 进 ("8FDB) in font nullfont!
Missing character: There is no 行 ("884C) in font nullfont!
Missing character: There is no 确 ("786E) in font nullfont!
Missing character: There is no 认 ("8BA4) in font nullfont!
Missing character: There is no ， ("FF0C) in font nullfont!
Missing character: There is no 并 ("5E76) in font nullfont!
Missing character: There is no 非 ("975E) in font nullfont!
Missing character: There is no 依 ("4F9D) in font nullfont!
Missing character: There is no 据 ("636E) in font nullfont!
Missing character: There is no 申 ("7533) in font nullfont!
Missing character: There is no 请 ("8BF7) in font nullfont!
Missing character: There is no 人 ("4EBA) in font nullfont!
Missing character: There is no 填 ("586B) in font nullfont!
Missing character: There is no 写 ("5199) in font nullfont!
Missing character: There is no 的 ("7684) in font nullfont!
Missing character: There is no 奖 ("5956) in font nullfont!
Missing character: There is no 项 ("9879) in font nullfont!
Missing character: There is no 等 ("7B49) in font nullfont!
Missing character: There is no 级 ("7EA7) in font nullfont!
Missing character: There is no 进 ("8FDB) in font nullfont!
Missing character: There is no 行 ("884C) in font nullfont!
Missing character: There is no 认 ("8BA4) in font nullfont!
Missing character: There is no 定 ("5B9A) in font nullfont!
Missing character: There is no 。 ("3002) in font nullfont!

Overfull \hbox (20.0pt too wide) in paragraph at lines 278--279
[] 
 []

! Undefined control sequence.
l.280 \textcolor
                {mygreen}{
The control sequence at the end of the top line
of your error message was never \def'ed. If you have
misspelled it (e.g., `\hobx'), type `I' and the correct
spelling (e.g., `I\hbox'). Otherwise just continue,
and I'll forget about whatever was undefined.


! LaTeX Error: Missing \begin{document}.

See the LaTeX manual or LaTeX Companion for explanation.
Type  H <return>  for immediate help.
 ...                                              
                                                  
l.280 \textcolor{m
                  ygreen}{
You're in trouble here.  Try typing  <return>  to proceed.
If that doesn't work, type  X <return>  to quit.

Missing character: There is no m ("6D) in font nullfont!
Missing character: There is no y ("79) in font nullfont!
Missing character: There is no g ("67) in font nullfont!
Missing character: There is no r ("72) in font nullfont!
Missing character: There is no e ("65) in font nullfont!
Missing character: There is no e ("65) in font nullfont!
Missing character: There is no n ("6E) in font nullfont!
Missing character: There is no 对 ("5BF9) in font nullfont!
Missing character: There is no 于 ("4E8E) in font nullfont!
Missing character: There is no 希 ("5E0C) in font nullfont!
Missing character: There is no 望 ("671B) in font nullfont!
Missing character: There is no 采 ("91C7) in font nullfont!
Missing character: There is no 用 ("7528) in font nullfont!
Missing character: There is no 新 ("65B0) in font nullfont!
Missing character: There is no 的 ("7684) in font nullfont!
Missing character: There is no 加 ("52A0) in font nullfont!
Missing character: There is no 分 ("5206) in font nullfont!
Missing character: There is no 项 ("9879) in font nullfont!
Missing character: There is no 目 ("76EE) in font nullfont!
Missing character: There is no 分 ("5206) in font nullfont!
Missing character: There is no 值 ("503C) in font nullfont!
Missing character: There is no 表 ("8868) in font nullfont!
Missing character: There is no ， ("FF0C) in font nullfont!
Missing character: There is no 可 ("53EF) in font nullfont!
Missing character: There is no 以 ("4EE5) in font nullfont!
Missing character: There is no 通 ("901A) in font nullfont!
Missing character: There is no 过 ("8FC7) in font nullfont!
Missing character: There is no 【 ("3010) in font nullfont!
Missing character: There is no 导 ("5BFC) in font nullfont!
Missing character: There is no 入 ("5165) in font nullfont!
Missing character: There is no 加 ("52A0) in font nullfont!
Missing character: There is no 分 ("5206) in font nullfont!
Missing character: There is no 详 ("8BE6) in font nullfont!
Missing character: There is no 请 ("8BF7) in font nullfont!
Missing character: There is no 】 ("3011) in font nullfont!
Missing character: There is no 实 ("5B9E) in font nullfont!
Missing character: There is no 现 ("73B0) in font nullfont!
Missing character: There is no 在 ("5728) in font nullfont!
Missing character: There is no 默 ("9ED8) in font nullfont!
Missing character: There is no 认 ("8BA4) in font nullfont!
Missing character: There is no 规 ("89C4) in font nullfont!
Missing character: There is no 则 ("5219) in font nullfont!
Missing character: There is no 和 ("548C) in font nullfont!
Missing character: There is no 自 ("81EA) in font nullfont!
Missing character: There is no 定 ("5B9A) in font nullfont!
Missing character: There is no 义 ("4E49) in font nullfont!
Missing character: There is no 规 ("89C4) in font nullfont!
Missing character: There is no 则 ("5219) in font nullfont!
Missing character: There is no 之 ("4E4B) in font nullfont!
Missing character: There is no 间 ("95F4) in font nullfont!
Missing character: There is no 切 ("5207) in font nullfont!
Missing character: There is no 换 ("6362) in font nullfont!
Missing character: There is no ， ("FF0C) in font nullfont!
Missing character: There is no 具 ("5177) in font nullfont!
Missing character: There is no 体 ("4F53) in font nullfont!
Missing character: There is no 要 ("8981) in font nullfont!
Missing character: There is no 求 ("6C42) in font nullfont!
Missing character: There is no 可 ("53EF) in font nullfont!
Missing character: There is no 参 ("53C2) in font nullfont!
Missing character: There is no 见 ("89C1) in font nullfont!
Missing character: There is no 前 ("524D) in font nullfont!
Missing character: There is no 文 ("6587) in font nullfont!
Missing character: There is no 中 ("4E2D) in font nullfont!
Missing character: There is no “ ("201C) in font nullfont!
Missing character: There is no 自 ("81EA) in font nullfont!
Missing character: There is no 定 ("5B9A) in font nullfont!
Missing character: There is no 义 ("4E49) in font nullfont!
Missing character: There is no 加 ("52A0) in font nullfont!
Missing character: There is no 分 ("5206) in font nullfont!
Missing character: There is no 规 ("89C4) in font nullfont!
Missing character: There is no 则 ("5219) in font nullfont!
Missing character: There is no 的 ("7684) in font nullfont!
Missing character: There is no 数 ("6570) in font nullfont!
Missing character: There is no 据 ("636E) in font nullfont!
Missing character: There is no 收 ("6536) in font nullfont!
Missing character: There is no 集 ("96C6) in font nullfont!
Missing character: There is no ” ("201D) in font nullfont!
Missing character: There is no 部 ("90E8) in font nullfont!
Missing character: There is no 分 ("5206) in font nullfont!
Missing character: There is no 的 ("7684) in font nullfont!
Missing character: There is no 内 ("5185) in font nullfont!
Missing character: There is no 容 ("5BB9) in font nullfont!
Missing character: There is no 。 ("3002) in font nullfont!
Missing character: There is no 同 ("540C) in font nullfont!
Missing character: There is no 时 ("65F6) in font nullfont!
Missing character: There is no 亦 ("4EA6) in font nullfont!
Missing character: There is no 可 ("53EF) in font nullfont!
Missing character: There is no 通 ("901A) in font nullfont!
Missing character: There is no 过 ("8FC7) in font nullfont!
Missing character: There is no 【 ("3010) in font nullfont!
Missing character: There is no 重 ("91CD) in font nullfont!
Missing character: There is no 置 ("7F6E) in font nullfont!
Missing character: There is no 为 ("4E3A) in font nullfont!
Missing character: There is no 默 ("9ED8) in font nullfont!
Missing character: There is no 认 ("8BA4) in font nullfont!
Missing character: There is no 】 ("3011) in font nullfont!
Missing character: There is no 一 ("4E00) in font nullfont!
Missing character: There is no 键 ("952E) in font nullfont!
Missing character: There is no 恢 ("6062) in font nullfont!
Missing character: There is no 复 ("590D) in font nullfont!
Missing character: There is no 到 ("5230) in font nullfont!
Missing character: There is no 系 ("7CFB) in font nullfont!
Missing character: There is no 统 ("7EDF) in font nullfont!
Missing character: There is no 默 ("9ED8) in font nullfont!
Missing character: There is no 认 ("8BA4) in font nullfont!
Missing character: There is no 的 ("7684) in font nullfont!
Missing character: There is no 加 ("52A0) in font nullfont!
Missing character: There is no 分 ("5206) in font nullfont!
Missing character: There is no 规 ("89C4) in font nullfont!
Missing character: There is no 则 ("5219) in font nullfont!
Missing character: There is no 。 ("3002) in font nullfont!

Overfull \hbox (20.0pt too wide) in paragraph at lines 280--283
[]
 []

! Undefined control sequence.
l.284 \subsection
                 {评审操作}
The control sequence at the end of the top line
of your error message was never \def'ed. If you have
misspelled it (e.g., `\hobx'), type `I' and the correct
spelling (e.g., `I\hbox'). Otherwise just continue,
and I'll forget about whatever was undefined.


! LaTeX Error: Missing \begin{document}.

See the LaTeX manual or LaTeX Companion for explanation.
Type  H <return>  for immediate help.
 ...                                              
                                                  
l.284 \subsection{评
                   审操作}
You're in trouble here.  Try typing  <return>  to proceed.
If that doesn't work, type  X <return>  to quit.

Missing character: There is no 评 ("8BC4) in font nullfont!
Missing character: There is no 审 ("5BA1) in font nullfont!
Missing character: There is no 操 ("64CD) in font nullfont!
Missing character: There is no 作 ("4F5C) in font nullfont!
Missing character: There is no 在 ("5728) in font nullfont!
Missing character: There is no 完 ("5B8C) in font nullfont!
Missing character: There is no 成 ("6210) in font nullfont!
Missing character: There is no 文 ("6587) in font nullfont!
Missing character: There is no 件 ("4EF6) in font nullfont!
Missing character: There is no 导 ("5BFC) in font nullfont!
Missing character: There is no 入 ("5165) in font nullfont!
Missing character: There is no 后 ("540E) in font nullfont!
Missing character: There is no 评 ("8BC4) in font nullfont!
Missing character: There is no 审 ("5BA1) in font nullfont!
Missing character: There is no 界 ("754C) in font nullfont!
Missing character: There is no 面 ("9762) in font nullfont!
Missing character: There is no 已 ("5DF2) in font nullfont!
Missing character: There is no 更 ("66F4) in font nullfont!
Missing character: There is no 新 ("65B0) in font nullfont!
Missing character: There is no 至 ("81F3) in font nullfont!
Missing character: There is no 如 ("5982) in font nullfont!
Missing character: There is no 图 ("56FE) in font nullfont!
! Undefined control sequence.
<write> ...ence `fig:导入文件后的评审界面' on page \thepage 
                                                  \space undefined\on@line .^^J
l.285 在完成文件导入后评审界面已更新至如图\ref{fig:导入文件后的评审界面}
                                            所示，此时评审人员可在评审内容区域开展评审工作：判断该加分项目的...
The control sequence at the end of the top line
of your error message was never \def'ed. If you have
misspelled it (e.g., `\hobx'), type `I' and the correct
spelling (e.g., `I\hbox'). Otherwise just continue,
and I'll forget about whatever was undefined.


LaTeX Warning: Reference `fig:导入文件后的评审界面' on page  undefined on input line 285.


Missing character: There is no 所 ("6240) in font nullfont!
Missing character: There is no 示 ("793A) in font nullfont!
Missing character: There is no ， ("FF0C) in font nullfont!
Missing character: There is no 此 ("6B64) in font nullfont!
Missing character: There is no 时 ("65F6) in font nullfont!
Missing character: There is no 评 ("8BC4) in font nullfont!
Missing character: There is no 审 ("5BA1) in font nullfont!
Missing character: There is no 人 ("4EBA) in font nullfont!
Missing character: There is no 员 ("5458) in font nullfont!
Missing character: There is no 可 ("53EF) in font nullfont!
Missing character: There is no 在 ("5728) in font nullfont!
Missing character: There is no 评 ("8BC4) in font nullfont!
Missing character: There is no 审 ("5BA1) in font nullfont!
Missing character: There is no 内 ("5185) in font nullfont!
Missing character: There is no 容 ("5BB9) in font nullfont!
Missing character: There is no 区 ("533A) in font nullfont!
Missing character: There is no 域 ("57DF) in font nullfont!
Missing character: There is no 开 ("5F00) in font nullfont!
Missing character: There is no 展 ("5C55) in font nullfont!
Missing character: There is no 评 ("8BC4) in font nullfont!
Missing character: There is no 审 ("5BA1) in font nullfont!
Missing character: There is no 工 ("5DE5) in font nullfont!
Missing character: There is no 作 ("4F5C) in font nullfont!
Missing character: There is no ： ("FF1A) in font nullfont!
Missing character: There is no 判 ("5224) in font nullfont!
Missing character: There is no 断 ("65AD) in font nullfont!
Missing character: There is no 该 ("8BE5) in font nullfont!
Missing character: There is no 加 ("52A0) in font nullfont!
Missing character: There is no 分 ("5206) in font nullfont!
Missing character: There is no 项 ("9879) in font nullfont!
Missing character: There is no 目 ("76EE) in font nullfont!
Missing character: There is no 的 ("7684) in font nullfont!
Missing character: There is no 所 ("6240) in font nullfont!
Missing character: There is no 属 ("5C5E) in font nullfont!
Missing character: There is no 项 ("9879) in font nullfont!
Missing character: There is no 目 ("76EE) in font nullfont!
Missing character: There is no 类 ("7C7B) in font nullfont!
Missing character: There is no 型 ("578B) in font nullfont!
Missing character: There is no ， ("FF0C) in font nullfont!
Missing character: There is no 奖 ("5956) in font nullfont!
Missing character: There is no 项 ("9879) in font nullfont!
Missing character: There is no 级 ("7EA7) in font nullfont!
Missing character: There is no 别 ("522B) in font nullfont!
Missing character: There is no ， ("FF0C) in font nullfont!
Missing character: There is no 认 ("8BA4) in font nullfont!
Missing character: There is no 定 ("5B9A) in font nullfont!
Missing character: There is no 情 ("60C5) in font nullfont!
Missing character: There is no 况 ("51B5) in font nullfont!
Missing character: There is no ， ("FF0C) in font nullfont!
Missing character: There is no 备 ("5907) in font nullfont!
Missing character: There is no 注 ("6CE8) in font nullfont!
Missing character: There is no 等 ("7B49) in font nullfont!
Missing character: There is no 信 ("4FE1) in font nullfont!
Missing character: There is no 息 ("606F) in font nullfont!
Missing character: There is no 。 ("3002) in font nullfont!

Overfull \hbox (20.0pt too wide) in paragraph at lines 284--286
[]
 []


Overfull \hbox (10.86pt too wide) in paragraph at lines 284--286
[] 
 []


! LaTeX Error: Missing \begin{document}.

See the LaTeX manual or LaTeX Companion for explanation.
Type  H <return>  for immediate help.
 ...                                              
                                                  
l.287 评
       审人员要先选择某一加分项目后再在评审内容内进行选择该加分项目的所属项目类型，奖项级别，认定情况，备注等信息，否则将无法该加分项目的所属项目...

You're in trouble here.  Try typing  <return>  to proceed.
If that doesn't work, type  X <return>  to quit.

Missing character: There is no 评 ("8BC4) in font nullfont!
Missing character: There is no 审 ("5BA1) in font nullfont!
Missing character: There is no 人 ("4EBA) in font nullfont!
Missing character: There is no 员 ("5458) in font nullfont!
Missing character: There is no 要 ("8981) in font nullfont!
Missing character: There is no 先 ("5148) in font nullfont!
Missing character: There is no 选 ("9009) in font nullfont!
Missing character: There is no 择 ("62E9) in font nullfont!
Missing character: There is no 某 ("67D0) in font nullfont!
Missing character: There is no 一 ("4E00) in font nullfont!
Missing character: There is no 加 ("52A0) in font nullfont!
Missing character: There is no 分 ("5206) in font nullfont!
Missing character: There is no 项 ("9879) in font nullfont!
Missing character: There is no 目 ("76EE) in font nullfont!
Missing character: There is no 后 ("540E) in font nullfont!
Missing character: There is no 再 ("518D) in font nullfont!
Missing character: There is no 在 ("5728) in font nullfont!
Missing character: There is no 评 ("8BC4) in font nullfont!
Missing character: There is no 审 ("5BA1) in font nullfont!
Missing character: There is no 内 ("5185) in font nullfont!
Missing character: There is no 容 ("5BB9) in font nullfont!
Missing character: There is no 内 ("5185) in font nullfont!
Missing character: There is no 进 ("8FDB) in font nullfont!
Missing character: There is no 行 ("884C) in font nullfont!
Missing character: There is no 选 ("9009) in font nullfont!
Missing character: There is no 择 ("62E9) in font nullfont!
Missing character: There is no 该 ("8BE5) in font nullfont!
Missing character: There is no 加 ("52A0) in font nullfont!
Missing character: There is no 分 ("5206) in font nullfont!
Missing character: There is no 项 ("9879) in font nullfont!
Missing character: There is no 目 ("76EE) in font nullfont!
Missing character: There is no 的 ("7684) in font nullfont!
Missing character: There is no 所 ("6240) in font nullfont!
Missing character: There is no 属 ("5C5E) in font nullfont!
Missing character: There is no 项 ("9879) in font nullfont!
Missing character: There is no 目 ("76EE) in font nullfont!
Missing character: There is no 类 ("7C7B) in font nullfont!
Missing character: There is no 型 ("578B) in font nullfont!
Missing character: There is no ， ("FF0C) in font nullfont!
Missing character: There is no 奖 ("5956) in font nullfont!
Missing character: There is no 项 ("9879) in font nullfont!
Missing character: There is no 级 ("7EA7) in font nullfont!
Missing character: There is no 别 ("522B) in font nullfont!
Missing character: There is no ， ("FF0C) in font nullfont!
Missing character: There is no 认 ("8BA4) in font nullfont!
Missing character: There is no 定 ("5B9A) in font nullfont!
Missing character: There is no 情 ("60C5) in font nullfont!
Missing character: There is no 况 ("51B5) in font nullfont!
Missing character: There is no ， ("FF0C) in font nullfont!
Missing character: There is no 备 ("5907) in font nullfont!
Missing character: There is no 注 ("6CE8) in font nullfont!
Missing character: There is no 等 ("7B49) in font nullfont!
Missing character: There is no 信 ("4FE1) in font nullfont!
Missing character: There is no 息 ("606F) in font nullfont!
Missing character: There is no ， ("FF0C) in font nullfont!
Missing character: There is no 否 ("5426) in font nullfont!
Missing character: There is no 则 ("5219) in font nullfont!
Missing character: There is no 将 ("5C06) in font nullfont!
Missing character: There is no 无 ("65E0) in font nullfont!
Missing character: There is no 法 ("6CD5) in font nullfont!
Missing character: There is no 该 ("8BE5) in font nullfont!
Missing character: There is no 加 ("52A0) in font nullfont!
Missing character: There is no 分 ("5206) in font nullfont!
Missing character: There is no 项 ("9879) in font nullfont!
Missing character: There is no 目 ("76EE) in font nullfont!
Missing character: There is no 的 ("7684) in font nullfont!
Missing character: There is no 所 ("6240) in font nullfont!
Missing character: There is no 属 ("5C5E) in font nullfont!
Missing character: There is no 项 ("9879) in font nullfont!
Missing character: There is no 目 ("76EE) in font nullfont!
Missing character: There is no 类 ("7C7B) in font nullfont!
Missing character: There is no 型 ("578B) in font nullfont!
Missing character: There is no ， ("FF0C) in font nullfont!
Missing character: There is no 奖 ("5956) in font nullfont!
Missing character: There is no 项 ("9879) in font nullfont!
Missing character: There is no 级 ("7EA7) in font nullfont!
Missing character: There is no 别 ("522B) in font nullfont!
Missing character: There is no ， ("FF0C) in font nullfont!
Missing character: There is no 认 ("8BA4) in font nullfont!
Missing character: There is no 定 ("5B9A) in font nullfont!
Missing character: There is no 情 ("60C5) in font nullfont!
Missing character: There is no 况 ("51B5) in font nullfont!
Missing character: There is no ， ("FF0C) in font nullfont!
Missing character: There is no 备 ("5907) in font nullfont!
Missing character: There is no 注 ("6CE8) in font nullfont!
Missing character: There is no 等 ("7B49) in font nullfont!
Missing character: There is no 信 ("4FE1) in font nullfont!
Missing character: There is no 息 ("606F) in font nullfont!
Missing character: There is no 纳 ("7EB3) in font nullfont!
Missing character: There is no 入 ("5165) in font nullfont!
Missing character: There is no 评 ("8BC4) in font nullfont!
Missing character: There is no 审 ("5BA1) in font nullfont!
Missing character: There is no 界 ("754C) in font nullfont!
Missing character: There is no 面 ("9762) in font nullfont!
Missing character: There is no 。 ("3002) in font nullfont!

Overfull \hbox (20.0pt too wide) in paragraph at lines 287--288
[] 
 []


! LaTeX Error: Missing \begin{document}.

See the LaTeX manual or LaTeX Companion for explanation.
Type  H <return>  for immediate help.
 ...                                              
                                                  
l.289 “
       奖项级别”下拉菜单会根据“项目类型”进行更新菜单选择。默认情况下“备注”下拉菜单为灰色，即不可选择状态，唯有“认定情况”为“不予认定”时，...

You're in trouble here.  Try typing  <return>  to proceed.
If that doesn't work, type  X <return>  to quit.

Missing character: There is no “ ("201C) in font nullfont!
Missing character: There is no 奖 ("5956) in font nullfont!
Missing character: There is no 项 ("9879) in font nullfont!
Missing character: There is no 级 ("7EA7) in font nullfont!
Missing character: There is no 别 ("522B) in font nullfont!
Missing character: There is no ” ("201D) in font nullfont!
Missing character: There is no 下 ("4E0B) in font nullfont!
Missing character: There is no 拉 ("62C9) in font nullfont!
Missing character: There is no 菜 ("83DC) in font nullfont!
Missing character: There is no 单 ("5355) in font nullfont!
Missing character: There is no 会 ("4F1A) in font nullfont!
Missing character: There is no 根 ("6839) in font nullfont!
Missing character: There is no 据 ("636E) in font nullfont!
Missing character: There is no “ ("201C) in font nullfont!
Missing character: There is no 项 ("9879) in font nullfont!
Missing character: There is no 目 ("76EE) in font nullfont!
Missing character: There is no 类 ("7C7B) in font nullfont!
Missing character: There is no 型 ("578B) in font nullfont!
Missing character: There is no ” ("201D) in font nullfont!
Missing character: There is no 进 ("8FDB) in font nullfont!
Missing character: There is no 行 ("884C) in font nullfont!
Missing character: There is no 更 ("66F4) in font nullfont!
Missing character: There is no 新 ("65B0) in font nullfont!
Missing character: There is no 菜 ("83DC) in font nullfont!
Missing character: There is no 单 ("5355) in font nullfont!
Missing character: There is no 选 ("9009) in font nullfont!
Missing character: There is no 择 ("62E9) in font nullfont!
Missing character: There is no 。 ("3002) in font nullfont!
Missing character: There is no 默 ("9ED8) in font nullfont!
Missing character: There is no 认 ("8BA4) in font nullfont!
Missing character: There is no 情 ("60C5) in font nullfont!
Missing character: There is no 况 ("51B5) in font nullfont!
Missing character: There is no 下 ("4E0B) in font nullfont!
Missing character: There is no “ ("201C) in font nullfont!
Missing character: There is no 备 ("5907) in font nullfont!
Missing character: There is no 注 ("6CE8) in font nullfont!
Missing character: There is no ” ("201D) in font nullfont!
Missing character: There is no 下 ("4E0B) in font nullfont!
Missing character: There is no 拉 ("62C9) in font nullfont!
Missing character: There is no 菜 ("83DC) in font nullfont!
Missing character: There is no 单 ("5355) in font nullfont!
Missing character: There is no 为 ("4E3A) in font nullfont!
Missing character: There is no 灰 ("7070) in font nullfont!
Missing character: There is no 色 ("8272) in font nullfont!
Missing character: There is no ， ("FF0C) in font nullfont!
Missing character: There is no 即 ("5373) in font nullfont!
Missing character: There is no 不 ("4E0D) in font nullfont!
Missing character: There is no 可 ("53EF) in font nullfont!
Missing character: There is no 选 ("9009) in font nullfont!
Missing character: There is no 择 ("62E9) in font nullfont!
Missing character: There is no 状 ("72B6) in font nullfont!
Missing character: There is no 态 ("6001) in font nullfont!
Missing character: There is no ， ("FF0C) in font nullfont!
Missing character: There is no 唯 ("552F) in font nullfont!
Missing character: There is no 有 ("6709) in font nullfont!
Missing character: There is no “ ("201C) in font nullfont!
Missing character: There is no 认 ("8BA4) in font nullfont!
Missing character: There is no 定 ("5B9A) in font nullfont!
Missing character: There is no 情 ("60C5) in font nullfont!
Missing character: There is no 况 ("51B5) in font nullfont!
Missing character: There is no ” ("201D) in font nullfont!
Missing character: There is no 为 ("4E3A) in font nullfont!
Missing character: There is no “ ("201C) in font nullfont!
Missing character: There is no 不 ("4E0D) in font nullfont!
Missing character: There is no 予 ("4E88) in font nullfont!
Missing character: There is no 认 ("8BA4) in font nullfont!
Missing character: There is no 定 ("5B9A) in font nullfont!
Missing character: There is no ” ("201D) in font nullfont!
Missing character: There is no 时 ("65F6) in font nullfont!
Missing character: There is no ， ("FF0C) in font nullfont!
Missing character: There is no 才 ("624D) in font nullfont!
Missing character: There is no 会 ("4F1A) in font nullfont!
Missing character: There is no 解 ("89E3) in font nullfont!
Missing character: There is no 锁 ("9501) in font nullfont!
Missing character: There is no 。 ("3002) in font nullfont!

Overfull \hbox (20.0pt too wide) in paragraph at lines 289--290
[] 
 []


! LaTeX Error: Missing \begin{document}.

See the LaTeX manual or LaTeX Companion for explanation.
Type  H <return>  for immediate help.
 ...                                              
                                                  
l.291 “
       认定情况”下拉菜单中，有“认定”和“不予认定”两种选项，当加分项目符合以下任一情况，即可不予认定该加分项目，届时需要在“备注”下拉菜单中选...

You're in trouble here.  Try typing  <return>  to proceed.
If that doesn't work, type  X <return>  to quit.

Missing character: There is no “ ("201C) in font nullfont!
Missing character: There is no 认 ("8BA4) in font nullfont!
Missing character: There is no 定 ("5B9A) in font nullfont!
Missing character: There is no 情 ("60C5) in font nullfont!
Missing character: There is no 况 ("51B5) in font nullfont!
Missing character: There is no ” ("201D) in font nullfont!
Missing character: There is no 下 ("4E0B) in font nullfont!
Missing character: There is no 拉 ("62C9) in font nullfont!
Missing character: There is no 菜 ("83DC) in font nullfont!
Missing character: There is no 单 ("5355) in font nullfont!
Missing character: There is no 中 ("4E2D) in font nullfont!
Missing character: There is no ， ("FF0C) in font nullfont!
Missing character: There is no 有 ("6709) in font nullfont!
Missing character: There is no “ ("201C) in font nullfont!
Missing character: There is no 认 ("8BA4) in font nullfont!
Missing character: There is no 定 ("5B9A) in font nullfont!
Missing character: There is no ” ("201D) in font nullfont!
Missing character: There is no 和 ("548C) in font nullfont!
Missing character: There is no “ ("201C) in font nullfont!
Missing character: There is no 不 ("4E0D) in font nullfont!
Missing character: There is no 予 ("4E88) in font nullfont!
Missing character: There is no 认 ("8BA4) in font nullfont!
Missing character: There is no 定 ("5B9A) in font nullfont!
Missing character: There is no ” ("201D) in font nullfont!
Missing character: There is no 两 ("4E24) in font nullfont!
Missing character: There is no 种 ("79CD) in font nullfont!
Missing character: There is no 选 ("9009) in font nullfont!
Missing character: There is no 项 ("9879) in font nullfont!
Missing character: There is no ， ("FF0C) in font nullfont!
Missing character: There is no 当 ("5F53) in font nullfont!
Missing character: There is no 加 ("52A0) in font nullfont!
Missing character: There is no 分 ("5206) in font nullfont!
Missing character: There is no 项 ("9879) in font nullfont!
Missing character: There is no 目 ("76EE) in font nullfont!
Missing character: There is no 符 ("7B26) in font nullfont!
Missing character: There is no 合 ("5408) in font nullfont!
Missing character: There is no 以 ("4EE5) in font nullfont!
Missing character: There is no 下 ("4E0B) in font nullfont!
Missing character: There is no 任 ("4EFB) in font nullfont!
Missing character: There is no 一 ("4E00) in font nullfont!
Missing character: There is no 情 ("60C5) in font nullfont!
Missing character: There is no 况 ("51B5) in font nullfont!
Missing character: There is no ， ("FF0C) in font nullfont!
Missing character: There is no 即 ("5373) in font nullfont!
Missing character: There is no 可 ("53EF) in font nullfont!
Missing character: There is no 不 ("4E0D) in font nullfont!
Missing character: There is no 予 ("4E88) in font nullfont!
Missing character: There is no 认 ("8BA4) in font nullfont!
Missing character: There is no 定 ("5B9A) in font nullfont!
Missing character: There is no 该 ("8BE5) in font nullfont!
Missing character: There is no 加 ("52A0) in font nullfont!
Missing character: There is no 分 ("5206) in font nullfont!
Missing character: There is no 项 ("9879) in font nullfont!
Missing character: There is no 目 ("76EE) in font nullfont!
Missing character: There is no ， ("FF0C) in font nullfont!
Missing character: There is no 届 ("5C4A) in font nullfont!
Missing character: There is no 时 ("65F6) in font nullfont!
Missing character: There is no 需 ("9700) in font nullfont!
Missing character: There is no 要 ("8981) in font nullfont!
Missing character: There is no 在 ("5728) in font nullfont!
Missing character: There is no “ ("201C) in font nullfont!
Missing character: There is no 备 ("5907) in font nullfont!
Missing character: There is no 注 ("6CE8) in font nullfont!
Missing character: There is no ” ("201D) in font nullfont!
Missing character: There is no 下 ("4E0B) in font nullfont!
Missing character: There is no 拉 ("62C9) in font nullfont!
Missing character: There is no 菜 ("83DC) in font nullfont!
Missing character: There is no 单 ("5355) in font nullfont!
Missing character: There is no 中 ("4E2D) in font nullfont!
Missing character: There is no 选 ("9009) in font nullfont!
Missing character: There is no 择 ("62E9) in font nullfont!
Missing character: There is no 对 ("5BF9) in font nullfont!
Missing character: There is no 应 ("5E94) in font nullfont!
Missing character: There is no 的 ("7684) in font nullfont!
Missing character: There is no 不 ("4E0D) in font nullfont!
Missing character: There is no 予 ("4E88) in font nullfont!
Missing character: There is no 认 ("8BA4) in font nullfont!
Missing character: There is no 定 ("5B9A) in font nullfont!
Missing character: There is no 情 ("60C5) in font nullfont!
Missing character: There is no 况 ("51B5) in font nullfont!
Missing character: There is no （ ("FF08) in font nullfont!
Missing character: There is no 此 ("6B64) in font nullfont!
Missing character: There is no 处 ("5904) in font nullfont!
Missing character: There is no 需 ("9700) in font nullfont!
Missing character: There is no 注 ("6CE8) in font nullfont!
Missing character: There is no 意 ("610F) in font nullfont!
Missing character: There is no ， ("FF0C) in font nullfont!
Missing character: There is no 即 ("5373) in font nullfont!
Missing character: There is no 使 ("4F7F) in font nullfont!
Missing character: There is no 不 ("4E0D) in font nullfont!
Missing character: There is no 选 ("9009) in font nullfont!
Missing character: There is no 择 ("62E9) in font nullfont!
Missing character: There is no 备 ("5907) in font nullfont!
Missing character: There is no 注 ("6CE8) in font nullfont!
Missing character: There is no 也 ("4E5F) in font nullfont!
Missing character: There is no 可 ("53EF) in font nullfont!
Missing character: There is no 以 ("4EE5) in font nullfont!
Missing character: There is no 进 ("8FDB) in font nullfont!
Missing character: There is no 行 ("884C) in font nullfont!
Missing character: There is no 确 ("786E) in font nullfont!
Missing character: There is no 定 ("5B9A) in font nullfont!
Missing character: There is no ） ("FF09) in font nullfont!
Missing character: There is no ， ("FF0C) in font nullfont!
Missing character: There is no 否 ("5426) in font nullfont!
Missing character: There is no 则 ("5219) in font nullfont!
Missing character: There is no 将 ("5C06) in font nullfont!
Missing character: There is no 影 ("5F71) in font nullfont!
Missing character: There is no 响 ("54CD) in font nullfont!
Missing character: There is no 后 ("540E) in font nullfont!
Missing character: There is no 续 ("7EED) in font nullfont!
Missing character: There is no 评 ("8BC4) in font nullfont!
Missing character: There is no 审 ("5BA1) in font nullfont!
Missing character: There is no 结 ("7ED3) in font nullfont!
Missing character: There is no 果 ("679C) in font nullfont!
Missing character: There is no 和 ("548C) in font nullfont!
Missing character: There is no 统 ("7EDF) in font nullfont!
Missing character: There is no 计 ("8BA1) in font nullfont!
Missing character: There is no 结 ("7ED3) in font nullfont!
Missing character: There is no 果 ("679C) in font nullfont!
Missing character: There is no 的 ("7684) in font nullfont!
Missing character: There is no 导 ("5BFC) in font nullfont!
Missing character: There is no 出 ("51FA) in font nullfont!
Missing character: There is no 。 ("3002) in font nullfont!

Overfull \hbox (20.0pt too wide) in paragraph at lines 291--292
[] 
 []

Missing character: There is no 时 ("65F6) in font nullfont!
Missing character: There is no 间 ("95F4) in font nullfont!
Missing character: There is no 不 ("4E0D) in font nullfont!
Missing character: There is no 符 ("7B26) in font nullfont!
Missing character: There is no ， ("FF0C) in font nullfont!
Missing character: There is no 不 ("4E0D) in font nullfont!
Missing character: There is no 予 ("4E88) in font nullfont!
Missing character: There is no 认 ("8BA4) in font nullfont!
Missing character: There is no 定 ("5B9A) in font nullfont!
Missing character: There is no ； ("FF1B) in font nullfont!
Missing character: There is no 名 ("540D) in font nullfont!
Missing character: There is no 次 ("6B21) in font nullfont!
Missing character: There is no 不 ("4E0D) in font nullfont!
Missing character: There is no 符 ("7B26) in font nullfont!
Missing character: There is no ， ("FF0C) in font nullfont!
Missing character: There is no 不 ("4E0D) in font nullfont!
Missing character: There is no 予 ("4E88) in font nullfont!
Missing character: There is no 认 ("8BA4) in font nullfont!
Missing character: There is no 定 ("5B9A) in font nullfont!
Missing character: There is no ； ("FF1B) in font nullfont!
Missing character: There is no 该 ("8BE5) in font nullfont!
Missing character: There is no 材 ("6750) in font nullfont!
Missing character: There is no 料 ("6599) in font nullfont!
Missing character: There is no 不 ("4E0D) in font nullfont!
Missing character: There is no 符 ("7B26) in font nullfont!
Missing character: There is no 合 ("5408) in font nullfont!
Missing character: There is no 本 ("672C) in font nullfont!
Missing character: There is no 次 ("6B21) in font nullfont!
Missing character: There is no 奖 ("5956) in font nullfont!
Missing character: There is no 项 ("9879) in font nullfont!
Missing character: There is no 加 ("52A0) in font nullfont!
Missing character: There is no 分 ("5206) in font nullfont!
Missing character: There is no 材 ("6750) in font nullfont!
Missing character: There is no 料 ("6599) in font nullfont!
Missing character: There is no 认 ("8BA4) in font nullfont!
Missing character: There is no 定 ("5B9A) in font nullfont!
Missing character: There is no 范 ("8303) in font nullfont!
Missing character: There is no 围 ("56F4) in font nullfont!
Missing character: There is no ， ("FF0C) in font nullfont!
Missing character: There is no 不 ("4E0D) in font nullfont!
Missing character: There is no 予 ("4E88) in font nullfont!
Missing character: There is no 认 ("8BA4) in font nullfont!
Missing character: There is no 定 ("5B9A) in font nullfont!
Missing character: There is no ； ("FF1B) in font nullfont!
Missing character: There is no 支 ("652F) in font nullfont!
Missing character: There is no 撑 ("6491) in font nullfont!
Missing character: There is no 材 ("6750) in font nullfont!
Missing character: There is no 料 ("6599) in font nullfont!
Missing character: There is no 不 ("4E0D) in font nullfont!
Missing character: There is no 足 ("8DB3) in font nullfont!
Missing character: There is no ， ("FF0C) in font nullfont!
Missing character: There is no 补 ("8865) in font nullfont!
Missing character: There is no 交 ("4EA4) in font nullfont!
Missing character: There is no （ ("FF08) in font nullfont!
Missing character: There is no 项 ("9879) in font nullfont!
Missing character: There is no 目 ("76EE) in font nullfont!
Missing character: There is no 建 ("5EFA) in font nullfont!
Missing character: There is no 设 ("8BBE) in font nullfont!
Missing character: There is no 任 ("4EFB) in font nullfont!
Missing character: There is no 务 ("52A1) in font nullfont!
Missing character: There is no 书 ("4E66) in font nullfont!
Missing character: There is no 、 ("3001) in font nullfont!
Missing character: There is no 刊 ("520A) in font nullfont!
Missing character: There is no 物 ("7269) in font nullfont!
Missing character: There is no 等 ("7B49) in font nullfont!
Missing character: There is no 等 ("7B49) in font nullfont!
Missing character: There is no ） ("FF09) in font nullfont!
Missing character: There is no 后 ("540E) in font nullfont!
Missing character: There is no 可 ("53EF) in font nullfont!
Missing character: There is no 认 ("8BA4) in font nullfont!
Missing character: There is no 定 ("5B9A) in font nullfont!
Missing character: There is no ； ("FF1B) in font nullfont!
Missing character: There is no 同 ("540C) in font nullfont!
Missing character: There is no 一 ("4E00) in font nullfont!
Missing character: There is no 赛 ("8D5B) in font nullfont!
Missing character: There is no 事 ("4E8B) in font nullfont!
Missing character: There is no 奖 ("5956) in font nullfont!
Missing character: There is no 项 ("9879) in font nullfont!
Missing character: There is no 已 ("5DF2) in font nullfont!
Missing character: There is no 认 ("8BA4) in font nullfont!
Missing character: There is no 定 ("5B9A) in font nullfont!
Missing character: There is no 最 ("6700) in font nullfont!
Missing character: There is no 高 ("9AD8) in font nullfont!
Missing character: There is no 分 ("5206) in font nullfont!
Missing character: There is no ， ("FF0C) in font nullfont!
Missing character: There is no 不 ("4E0D) in font nullfont!
Missing character: There is no 予 ("4E88) in font nullfont!
Missing character: There is no 重 ("91CD) in font nullfont!
Missing character: There is no 复 ("590D) in font nullfont!
Missing character: There is no 加 ("52A0) in font nullfont!
Missing character: There is no 分 ("5206) in font nullfont!
Missing character: There is no ； ("FF1B) in font nullfont!
Missing character: There is no 线 ("7EBF) in font nullfont!
Missing character: There is no 上 ("4E0A) in font nullfont!
Missing character: There is no 比 ("6BD4) in font nullfont!
Missing character: There is no 赛 ("8D5B) in font nullfont!
Missing character: There is no 不 ("4E0D) in font nullfont!
Missing character: There is no 符 ("7B26) in font nullfont!
Missing character: There is no 合 ("5408) in font nullfont!
Missing character: There is no 认 ("8BA4) in font nullfont!
Missing character: There is no 定 ("5B9A) in font nullfont!
Missing character: There is no 要 ("8981) in font nullfont!
Missing character: There is no 求 ("6C42) in font nullfont!
Missing character: There is no ， ("FF0C) in font nullfont!
Missing character: There is no 不 ("4E0D) in font nullfont!
Missing character: There is no 予 ("4E88) in font nullfont!
Missing character: There is no 认 ("8BA4) in font nullfont!
Missing character: There is no 定 ("5B9A) in font nullfont!
Missing character: There is no 其 ("5176) in font nullfont!
Missing character: There is no 他 ("4ED6) in font nullfont!
Missing character: There is no （ ("FF08) in font nullfont!
Missing character: There is no 需 ("9700) in font nullfont!
Missing character: There is no 补 ("8865) in font nullfont!
Missing character: There is no 充 ("5145) in font nullfont!
Missing character: There is no 文 ("6587) in font nullfont!
Missing character: There is no 本 ("672C) in font nullfont!
Missing character: There is no 内 ("5185) in font nullfont!
Missing character: There is no 容 ("5BB9) in font nullfont!
Missing character: There is no ） ("FF09) in font nullfont!
Missing character: There is no 。 ("3002) in font nullfont!
! Undefined control sequence.
l.302 \section
              {评审结果确定}
The control sequence at the end of the top line
of your error message was never \def'ed. If you have
misspelled it (e.g., `\hobx'), type `I' and the correct
spelling (e.g., `I\hbox'). Otherwise just continue,
and I'll forget about whatever was undefined.

Missing character: There is no 评 ("8BC4) in font nullfont!
Missing character: There is no 审 ("5BA1) in font nullfont!
Missing character: There is no 结 ("7ED3) in font nullfont!
Missing character: There is no 果 ("679C) in font nullfont!
Missing character: There is no 确 ("786E) in font nullfont!
Missing character: There is no 定 ("5B9A) in font nullfont!
Missing character: There is no 如 ("5982) in font nullfont!
Missing character: There is no 图 ("56FE) in font nullfont!
! Undefined control sequence.
<write> ...erence `fig:加分项目评审确定' on page \thepage 
                                                  \space undefined\on@line .^^J
l.303 如图\ref{fig:加分项目评审确定}
                          所示，对示例文件中的第一个加分项目进行评审，点击“确认”后，即可将评审结果添加到该项目。
The control sequence at the end of the top line
of your error message was never \def'ed. If you have
misspelled it (e.g., `\hobx'), type `I' and the correct
spelling (e.g., `I\hbox'). Otherwise just continue,
and I'll forget about whatever was undefined.


LaTeX Warning: Reference `fig:加分项目评审确定' on page  undefined on input line 303.

Missing character: There is no 所 ("6240) in font nullfont!
Missing character: There is no 示 ("793A) in font nullfont!
Missing character: There is no ， ("FF0C) in font nullfont!
Missing character: There is no 对 ("5BF9) in font nullfont!
Missing character: There is no 示 ("793A) in font nullfont!
Missing character: There is no 例 ("4F8B) in font nullfont!
Missing character: There is no 文 ("6587) in font nullfont!
Missing character: There is no 件 ("4EF6) in font nullfont!
Missing character: There is no 中 ("4E2D) in font nullfont!
Missing character: There is no 的 ("7684) in font nullfont!
Missing character: There is no 第 ("7B2C) in font nullfont!
Missing character: There is no 一 ("4E00) in font nullfont!
Missing character: There is no 个 ("4E2A) in font nullfont!
Missing character: There is no 加 ("52A0) in font nullfont!
Missing character: There is no 分 ("5206) in font nullfont!
Missing character: There is no 项 ("9879) in font nullfont!
Missing character: There is no 目 ("76EE) in font nullfont!
Missing character: There is no 进 ("8FDB) in font nullfont!
Missing character: There is no 行 ("884C) in font nullfont!
Missing character: There is no 评 ("8BC4) in font nullfont!
Missing character: There is no 审 ("5BA1) in font nullfont!
Missing character: There is no ， ("FF0C) in font nullfont!
Missing character: There is no 点 ("70B9) in font nullfont!
Missing character: There is no 击 ("51FB) in font nullfont!
Missing character: There is no “ ("201C) in font nullfont!
Missing character: There is no 确 ("786E) in font nullfont!
Missing character: There is no 认 ("8BA4) in font nullfont!
Missing character: There is no ” ("201D) in font nullfont!
Missing character: There is no 后 ("540E) in font nullfont!
Missing character: There is no ， ("FF0C) in font nullfont!
Missing character: There is no 即 ("5373) in font nullfont!
Missing character: There is no 可 ("53EF) in font nullfont!
Missing character: There is no 将 ("5C06) in font nullfont!
Missing character: There is no 评 ("8BC4) in font nullfont!
Missing character: There is no 审 ("5BA1) in font nullfont!
Missing character: There is no 结 ("7ED3) in font nullfont!
Missing character: There is no 果 ("679C) in font nullfont!
Missing character: There is no 添 ("6DFB) in font nullfont!
Missing character: There is no 加 ("52A0) in font nullfont!
Missing character: There is no 到 ("5230) in font nullfont!
Missing character: There is no 该 ("8BE5) in font nullfont!
Missing character: There is no 项 ("9879) in font nullfont!
Missing character: There is no 目 ("76EE) in font nullfont!
Missing character: There is no 。 ("3002) in font nullfont!

! LaTeX Error: Environment figure undefined.

See the LaTeX manual or LaTeX Companion for explanation.
Type  H <return>  for immediate help.
 ...                                              
                                                  
l.304 \begin{figure}
                    [H]
Your command was ignored.
Type  I <command> <return>  to replace it with another command,
or  <return>  to continue without it.

Missing character: There is no [ ("5B) in font nullfont!
Missing character: There is no H ("48) in font nullfont!
Missing character: There is no ] ("5D) in font nullfont!
! Undefined control sequence.
l.306 ^^I\includegraphics
                         [width=0.5\textwidth]{fig/加分项目评审步骤}
The control sequence at the end of the top line
of your error message was never \def'ed. If you have
misspelled it (e.g., `\hobx'), type `I' and the correct
spelling (e.g., `I\hbox'). Otherwise just continue,
and I'll forget about whatever was undefined.

Missing character: There is no [ ("5B) in font nullfont!
Missing character: There is no w ("77) in font nullfont!
Missing character: There is no i ("69) in font nullfont!
Missing character: There is no d ("64) in font nullfont!
Missing character: There is no t ("74) in font nullfont!
Missing character: There is no h ("68) in font nullfont!
Missing character: There is no = ("3D) in font nullfont!
Missing character: There is no 0 ("30) in font nullfont!
Missing character: There is no . ("2E) in font nullfont!
Missing character: There is no 5 ("35) in font nullfont!
! Missing number, treated as zero.
<to be read again> 
                   ]
l.306 ^^I\includegraphics[width=0.5\textwidth]
                                              {fig/加分项目评审步骤}
A number should have been here; I inserted `0'.
(If you can't figure out why I needed to see a number,
look up `weird error' in the index to The TeXbook.)

! Illegal unit of measure (pt inserted).
<to be read again> 
                   ]
l.306 ^^I\includegraphics[width=0.5\textwidth]
                                              {fig/加分项目评审步骤}
Dimensions can be in units of em, ex, in, pt, pc,
cm, mm, dd, cc, bp, or sp; but yours is a new one!
I'll assume that you meant to say pt, for printer's points.
To recover gracefully from this error, it's best to
delete the erroneous units; e.g., type `2' to delete
two letters. (See Chapter 27 of The TeXbook.)

Missing character: There is no ] ("5D) in font nullfont!
Missing character: There is no f ("66) in font nullfont!
Missing character: There is no i ("69) in font nullfont!
Missing character: There is no g ("67) in font nullfont!
Missing character: There is no / ("2F) in font nullfont!
Missing character: There is no 加 ("52A0) in font nullfont!
Missing character: There is no 分 ("5206) in font nullfont!
Missing character: There is no 项 ("9879) in font nullfont!
Missing character: There is no 目 ("76EE) in font nullfont!
Missing character: There is no 评 ("8BC4) in font nullfont!
Missing character: There is no 审 ("5BA1) in font nullfont!
Missing character: There is no 步 ("6B65) in font nullfont!
Missing character: There is no 骤 ("9AA4) in font nullfont!

! LaTeX Error: \caption outside float.

See the LaTeX manual or LaTeX Companion for explanation.
Type  H <return>  for immediate help.
 ...                                              
                                                  
l.307 ^^I\caption
                 {加分项目评审“确定”后的界面}
You're in trouble here.  Try typing  <return>  to proceed.
If that doesn't work, type  X <return>  to quit.

Missing character: There is no 加 ("52A0) in font nullfont!
Missing character: There is no 分 ("5206) in font nullfont!
Missing character: There is no 项 ("9879) in font nullfont!
Missing character: There is no 目 ("76EE) in font nullfont!
Missing character: There is no 评 ("8BC4) in font nullfont!
Missing character: There is no 审 ("5BA1) in font nullfont!
Missing character: There is no “ ("201C) in font nullfont!
Missing character: There is no 确 ("786E) in font nullfont!
Missing character: There is no 定 ("5B9A) in font nullfont!
Missing character: There is no ” ("201D) in font nullfont!
Missing character: There is no 后 ("540E) in font nullfont!
Missing character: There is no 的 ("7684) in font nullfont!
Missing character: There is no 界 ("754C) in font nullfont!
Missing character: There is no 面 ("9762) in font nullfont!

! LaTeX Error: \begin{document} ended by \end{figure}.

See the LaTeX manual or LaTeX Companion for explanation.
Type  H <return>  for immediate help.
 ...                                              
                                                  
l.309 \end{figure}
                  
Your command was ignored.
Type  I <command> <return>  to replace it with another command,
or  <return>  to continue without it.


Overfull \hbox (20.0pt too wide) in paragraph at lines 302--310
[]
 []


Overfull \hbox (10.86pt too wide) in paragraph at lines 302--310
[]
 []

Missing character: There is no 当 ("5F53) in font nullfont!
Missing character: There is no “ ("201C) in font nullfont!
Missing character: There is no 确 ("786E) in font nullfont!
Missing character: There is no 定 ("5B9A) in font nullfont!
Missing character: There is no ” ("201D) in font nullfont!
Missing character: There is no 完 ("5B8C) in font nullfont!
Missing character: There is no 成 ("6210) in font nullfont!
Missing character: There is no 某 ("67D0) in font nullfont!
Missing character: There is no 一 ("4E00) in font nullfont!
Missing character: There is no 加 ("52A0) in font nullfont!
Missing character: There is no 分 ("5206) in font nullfont!
Missing character: There is no 项 ("9879) in font nullfont!
Missing character: There is no 目 ("76EE) in font nullfont!
Missing character: There is no 后 ("540E) in font nullfont!
Missing character: There is no ， ("FF0C) in font nullfont!
Missing character: There is no 本 ("672C) in font nullfont!
Missing character: There is no 软 ("8F6F) in font nullfont!
Missing character: There is no 件 ("4EF6) in font nullfont!
Missing character: There is no 会 ("4F1A) in font nullfont!
Missing character: There is no 自 ("81EA) in font nullfont!
Missing character: There is no 动 ("52A8) in font nullfont!
Missing character: There is no 跳 ("8DF3) in font nullfont!
Missing character: There is no 转 ("8F6C) in font nullfont!
Missing character: There is no 到 ("5230) in font nullfont!
Missing character: There is no 下 ("4E0B) in font nullfont!
Missing character: There is no 一 ("4E00) in font nullfont!
Missing character: There is no 加 ("52A0) in font nullfont!
Missing character: There is no 分 ("5206) in font nullfont!
Missing character: There is no 项 ("9879) in font nullfont!
Missing character: There is no 目 ("76EE) in font nullfont!
Missing character: There is no ， ("FF0C) in font nullfont!
Missing character: There is no 如 ("5982) in font nullfont!
Missing character: There is no 果 ("679C) in font nullfont!
Missing character: There is no 已 ("5DF2) in font nullfont!
Missing character: There is no 是 ("662F) in font nullfont!
Missing character: There is no 最 ("6700) in font nullfont!
Missing character: There is no 后 ("540E) in font nullfont!
Missing character: There is no 一 ("4E00) in font nullfont!
Missing character: There is no 项 ("9879) in font nullfont!
Missing character: There is no ， ("FF0C) in font nullfont!
Missing character: There is no 则 ("5219) in font nullfont!
Missing character: There is no 会 ("4F1A) in font nullfont!
Missing character: There is no 重 ("91CD) in font nullfont!
Missing character: There is no 新 ("65B0) in font nullfont!
Missing character: There is no 检 ("68C0) in font nullfont!
Missing character: There is no 查 ("67E5) in font nullfont!
Missing character: There is no 所 ("6240) in font nullfont!
Missing character: There is no 有 ("6709) in font nullfont!
Missing character: There is no 的 ("7684) in font nullfont!
Missing character: There is no 加 ("52A0) in font nullfont!
Missing character: There is no 分 ("5206) in font nullfont!
Missing character: There is no 项 ("9879) in font nullfont!
Missing character: There is no 目 ("76EE) in font nullfont!
Missing character: There is no 是 ("662F) in font nullfont!
Missing character: There is no 否 ("5426) in font nullfont!
Missing character: There is no 已 ("5DF2) in font nullfont!
Missing character: There is no 全 ("5168) in font nullfont!
Missing character: There is no 部 ("90E8) in font nullfont!
Missing character: There is no 完 ("5B8C) in font nullfont!
Missing character: There is no 成 ("6210) in font nullfont!
Missing character: There is no 评 ("8BC4) in font nullfont!
Missing character: There is no 审 ("5BA1) in font nullfont!
Missing character: There is no ， ("FF0C) in font nullfont!
Missing character: There is no 如 ("5982) in font nullfont!
Missing character: There is no 存 ("5B58) in font nullfont!
Missing character: There is no 在 ("5728) in font nullfont!
Missing character: There is no 还 ("8FD8) in font nullfont!
Missing character: There is no 没 ("6CA1) in font nullfont!
Missing character: There is no 评 ("8BC4) in font nullfont!
Missing character: There is no 审 ("5BA1) in font nullfont!
Missing character: There is no 的 ("7684) in font nullfont!
Missing character: There is no 项 ("9879) in font nullfont!
Missing character: There is no 目 ("76EE) in font nullfont!
Missing character: There is no ， ("FF0C) in font nullfont!
Missing character: There is no 亦 ("4EA6) in font nullfont!
Missing character: There is no 会 ("4F1A) in font nullfont!
Missing character: There is no 跳 ("8DF3) in font nullfont!
Missing character: There is no 转 ("8F6C) in font nullfont!
Missing character: There is no 到 ("5230) in font nullfont!
Missing character: There is no 此 ("6B64) in font nullfont!
Missing character: There is no 未 ("672A) in font nullfont!
Missing character: There is no 完 ("5B8C) in font nullfont!
Missing character: There is no 成 ("6210) in font nullfont!
Missing character: There is no 的 ("7684) in font nullfont!
Missing character: There is no 项 ("9879) in font nullfont!
Missing character: There is no 目 ("76EE) in font nullfont!
Missing character: There is no ， ("FF0C) in font nullfont!
Missing character: There is no 避 ("907F) in font nullfont!
Missing character: There is no 免 ("514D) in font nullfont!
Missing character: There is no 疏 ("758F) in font nullfont!
Missing character: There is no 漏 ("6F0F) in font nullfont!
Missing character: There is no 。 ("3002) in font nullfont!

Overfull \hbox (20.0pt too wide) in paragraph at lines 311--312
[] 
 []

Missing character: There is no 当 ("5F53) in font nullfont!
Missing character: There is no “ ("201C) in font nullfont!
Missing character: There is no 确 ("786E) in font nullfont!
Missing character: There is no 定 ("5B9A) in font nullfont!
Missing character: There is no ” ("201D) in font nullfont!
Missing character: There is no 完 ("5B8C) in font nullfont!
Missing character: There is no 成 ("6210) in font nullfont!
Missing character: There is no 某 ("67D0) in font nullfont!
Missing character: There is no 一 ("4E00) in font nullfont!
Missing character: There is no 加 ("52A0) in font nullfont!
Missing character: There is no 分 ("5206) in font nullfont!
Missing character: There is no 项 ("9879) in font nullfont!
Missing character: There is no 目 ("76EE) in font nullfont!
Missing character: There is no 后 ("540E) in font nullfont!
Missing character: There is no ， ("FF0C) in font nullfont!
Missing character: There is no 需 ("9700) in font nullfont!
Missing character: There is no 要 ("8981) in font nullfont!
Missing character: There is no 更 ("66F4) in font nullfont!
Missing character: There is no 改 ("6539) in font nullfont!
Missing character: There is no 评 ("8BC4) in font nullfont!
Missing character: There is no 审 ("5BA1) in font nullfont!
Missing character: There is no 内 ("5185) in font nullfont!
Missing character: There is no 容 ("5BB9) in font nullfont!
Missing character: There is no ， ("FF0C) in font nullfont!
Missing character: There is no 需 ("9700) in font nullfont!
Missing character: There is no 重 ("91CD) in font nullfont!
Missing character: There is no 新 ("65B0) in font nullfont!
Missing character: There is no 选 ("9009) in font nullfont!
Missing character: There is no 中 ("4E2D) in font nullfont!
Missing character: There is no 该 ("8BE5) in font nullfont!
Missing character: There is no 项 ("9879) in font nullfont!
Missing character: There is no 目 ("76EE) in font nullfont!
Missing character: There is no ， ("FF0C) in font nullfont!
Missing character: There is no 重 ("91CD) in font nullfont!
Missing character: There is no 复 ("590D) in font nullfont!
Missing character: There is no 评 ("8BC4) in font nullfont!
Missing character: There is no 审 ("5BA1) in font nullfont!
Missing character: There is no 步 ("6B65) in font nullfont!
Missing character: There is no 骤 ("9AA4) in font nullfont!
Missing character: There is no ， ("FF0C) in font nullfont!
Missing character: There is no 再 ("518D) in font nullfont!
Missing character: There is no 次 ("6B21) in font nullfont!
Missing character: There is no “ ("201C) in font nullfont!
Missing character: There is no 确 ("786E) in font nullfont!
Missing character: There is no 定 ("5B9A) in font nullfont!
Missing character: There is no ” ("201D) in font nullfont!
Missing character: There is no 即 ("5373) in font nullfont!
Missing character: There is no 可 ("53EF) in font nullfont!
Missing character: There is no 覆 ("8986) in font nullfont!
Missing character: There is no 写 ("5199) in font nullfont!
Missing character: There is no 上 ("4E0A) in font nullfont!
Missing character: There is no 一 ("4E00) in font nullfont!
Missing character: There is no 次 ("6B21) in font nullfont!
Missing character: There is no 的 ("7684) in font nullfont!
Missing character: There is no 评 ("8BC4) in font nullfont!
Missing character: There is no 审 ("5BA1) in font nullfont!
Missing character: There is no 结 ("7ED3) in font nullfont!
Missing character: There is no 果 ("679C) in font nullfont!
Missing character: There is no 。 ("3002) in font nullfont!

Overfull \hbox (20.0pt too wide) in paragraph at lines 313--314
[] 
 []

Missing character: There is no 确 ("786E) in font nullfont!
Missing character: There is no 认 ("8BA4) in font nullfont!
Missing character: There is no 加 ("52A0) in font nullfont!
Missing character: There is no 分 ("5206) in font nullfont!
Missing character: There is no 项 ("9879) in font nullfont!
Missing character: There is no 目 ("76EE) in font nullfont!
Missing character: There is no 需 ("9700) in font nullfont!
Missing character: There is no 注 ("6CE8) in font nullfont!
Missing character: There is no 意 ("610F) in font nullfont!
Missing character: There is no 要 ("8981) in font nullfont!
Missing character: There is no 完 ("5B8C) in font nullfont!
Missing character: There is no 成 ("6210) in font nullfont!
Missing character: There is no “ ("201C) in font nullfont!
Missing character: There is no 项 ("9879) in font nullfont!
Missing character: There is no 目 ("76EE) in font nullfont!
Missing character: There is no 类 ("7C7B) in font nullfont!
Missing character: There is no 型 ("578B) in font nullfont!
Missing character: There is no ” ("201D) in font nullfont!
Missing character: There is no ， ("FF0C) in font nullfont!
Missing character: There is no “ ("201C) in font nullfont!
Missing character: There is no 奖 ("5956) in font nullfont!
Missing character: There is no 项 ("9879) in font nullfont!
Missing character: There is no 级 ("7EA7) in font nullfont!
Missing character: There is no 别 ("522B) in font nullfont!
Missing character: There is no ” ("201D) in font nullfont!
Missing character: There is no ， ("FF0C) in font nullfont!
Missing character: There is no “ ("201C) in font nullfont!
Missing character: There is no 认 ("8BA4) in font nullfont!
Missing character: There is no 定 ("5B9A) in font nullfont!
Missing character: There is no 情 ("60C5) in font nullfont!
Missing character: There is no 况 ("51B5) in font nullfont!
Missing character: There is no ” ("201D) in font nullfont!
Missing character: There is no ， ("FF0C) in font nullfont!
Missing character: There is no “ ("201C) in font nullfont!
Missing character: There is no 备 ("5907) in font nullfont!
Missing character: There is no 注 ("6CE8) in font nullfont!
Missing character: There is no ” ("201D) in font nullfont!
Missing character: There is no 四 ("56DB) in font nullfont!
Missing character: There is no 个 ("4E2A) in font nullfont!
Missing character: There is no 评 ("8BC4) in font nullfont!
Missing character: There is no 审 ("5BA1) in font nullfont!
Missing character: There is no 工 ("5DE5) in font nullfont!
Missing character: There is no 作 ("4F5C) in font nullfont!
Missing character: There is no ， ("FF0C) in font nullfont!
Missing character: There is no 仅 ("4EC5) in font nullfont!
Missing character: There is no 对 ("5BF9) in font nullfont!
Missing character: There is no “ ("201C) in font nullfont!
Missing character: There is no 认 ("8BA4) in font nullfont!
Missing character: There is no 定 ("5B9A) in font nullfont!
Missing character: There is no 情 ("60C5) in font nullfont!
Missing character: There is no 况 ("51B5) in font nullfont!
Missing character: There is no ” ("201D) in font nullfont!
Missing character: There is no 进 ("8FDB) in font nullfont!
Missing character: There is no 行 ("884C) in font nullfont!
Missing character: There is no 评 ("8BC4) in font nullfont!
Missing character: There is no 定 ("5B9A) in font nullfont!
Missing character: There is no 而 ("800C) in font nullfont!
Missing character: There is no 不 ("4E0D) in font nullfont!
Missing character: There is no 进 ("8FDB) in font nullfont!
Missing character: There is no 行 ("884C) in font nullfont!
Missing character: There is no “ ("201C) in font nullfont!
Missing character: There is no 项 ("9879) in font nullfont!
Missing character: There is no 目 ("76EE) in font nullfont!
Missing character: There is no 类 ("7C7B) in font nullfont!
Missing character: There is no 型 ("578B) in font nullfont!
Missing character: There is no ” ("201D) in font nullfont!
Missing character: There is no 、 ("3001) in font nullfont!
Missing character: There is no “ ("201C) in font nullfont!
Missing character: There is no 奖 ("5956) in font nullfont!
Missing character: There is no 项 ("9879) in font nullfont!
Missing character: There is no 级 ("7EA7) in font nullfont!
Missing character: There is no 别 ("522B) in font nullfont!
Missing character: There is no ” ("201D) in font nullfont!
Missing character: There is no 的 ("7684) in font nullfont!
Missing character: There is no 评 ("8BC4) in font nullfont!
Missing character: There is no 定 ("5B9A) in font nullfont!
Missing character: There is no 会 ("4F1A) in font nullfont!
Missing character: There is no 如 ("5982) in font nullfont!
Missing character: There is no 图 ("56FE) in font nullfont!
! Undefined control sequence.
<write> ...:“项目类型”和“奖项级别”不能为空提醒' on page \thepage 
                                                  \space undefined\on@line .^^J
l.315 ...“奖项级别”的评定会如图\ref{fig:“项目类型”和“奖项级别”不能为空提醒}
                                                  所示弹窗提醒用户此两项不能为空。
The control sequence at the end of the top line
of your error message was never \def'ed. If you have
misspelled it (e.g., `\hobx'), type `I' and the correct
spelling (e.g., `I\hbox'). Otherwise just continue,
and I'll forget about whatever was undefined.


LaTeX Warning: Reference `fig:“项目类型”和“奖项级别”不能为空提醒' on page  undefined on input 
line 315.

Missing character: There is no 所 ("6240) in font nullfont!
Missing character: There is no 示 ("793A) in font nullfont!
Missing character: There is no 弹 ("5F39) in font nullfont!
Missing character: There is no 窗 ("7A97) in font nullfont!
Missing character: There is no 提 ("63D0) in font nullfont!
Missing character: There is no 醒 ("9192) in font nullfont!
Missing character: There is no 用 ("7528) in font nullfont!
Missing character: There is no 户 ("6237) in font nullfont!
Missing character: There is no 此 ("6B64) in font nullfont!
Missing character: There is no 两 ("4E24) in font nullfont!
Missing character: There is no 项 ("9879) in font nullfont!
Missing character: There is no 不 ("4E0D) in font nullfont!
Missing character: There is no 能 ("80FD) in font nullfont!
Missing character: There is no 为 ("4E3A) in font nullfont!
Missing character: There is no 空 ("7A7A) in font nullfont!
Missing character: There is no 。 ("3002) in font nullfont!

! LaTeX Error: Environment figure undefined.

See the LaTeX manual or LaTeX Companion for explanation.
Type  H <return>  for immediate help.
 ...                                              
                                                  
l.316 \begin{figure}
                    [H]
Your command was ignored.
Type  I <command> <return>  to replace it with another command,
or  <return>  to continue without it.

Missing character: There is no [ ("5B) in font nullfont!
Missing character: There is no H ("48) in font nullfont!
Missing character: There is no ] ("5D) in font nullfont!
! Undefined control sequence.
l.318 ^^I\includegraphics
                         [width=0.7\linewidth]{fig/仅认定确定的提醒}
The control sequence at the end of the top line
of your error message was never \def'ed. If you have
misspelled it (e.g., `\hobx'), type `I' and the correct
spelling (e.g., `I\hbox'). Otherwise just continue,
and I'll forget about whatever was undefined.

Missing character: There is no [ ("5B) in font nullfont!
Missing character: There is no w ("77) in font nullfont!
Missing character: There is no i ("69) in font nullfont!
Missing character: There is no d ("64) in font nullfont!
Missing character: There is no t ("74) in font nullfont!
Missing character: There is no h ("68) in font nullfont!
Missing character: There is no = ("3D) in font nullfont!
Missing character: There is no 0 ("30) in font nullfont!
Missing character: There is no . ("2E) in font nullfont!
Missing character: There is no 7 ("37) in font nullfont!
! Missing number, treated as zero.
<to be read again> 
                   ]
l.318 ^^I\includegraphics[width=0.7\linewidth]
                                              {fig/仅认定确定的提醒}
A number should have been here; I inserted `0'.
(If you can't figure out why I needed to see a number,
look up `weird error' in the index to The TeXbook.)

! Illegal unit of measure (pt inserted).
<to be read again> 
                   ]
l.318 ^^I\includegraphics[width=0.7\linewidth]
                                              {fig/仅认定确定的提醒}
Dimensions can be in units of em, ex, in, pt, pc,
cm, mm, dd, cc, bp, or sp; but yours is a new one!
I'll assume that you meant to say pt, for printer's points.
To recover gracefully from this error, it's best to
delete the erroneous units; e.g., type `2' to delete
two letters. (See Chapter 27 of The TeXbook.)

Missing character: There is no ] ("5D) in font nullfont!
Missing character: There is no f ("66) in font nullfont!
Missing character: There is no i ("69) in font nullfont!
Missing character: There is no g ("67) in font nullfont!
Missing character: There is no / ("2F) in font nullfont!
Missing character: There is no 仅 ("4EC5) in font nullfont!
Missing character: There is no 认 ("8BA4) in font nullfont!
Missing character: There is no 定 ("5B9A) in font nullfont!
Missing character: There is no 确 ("786E) in font nullfont!
Missing character: There is no 定 ("5B9A) in font nullfont!
Missing character: There is no 的 ("7684) in font nullfont!
Missing character: There is no 提 ("63D0) in font nullfont!
Missing character: There is no 醒 ("9192) in font nullfont!

! LaTeX Error: \caption outside float.

See the LaTeX manual or LaTeX Companion for explanation.
Type  H <return>  for immediate help.
 ...                                              
                                                  
l.319 ^^I\caption
                 {“项目类型”和“奖项级别”不能为空提醒}
You're in trouble here.  Try typing  <return>  to proceed.
If that doesn't work, type  X <return>  to quit.

Missing character: There is no “ ("201C) in font nullfont!
Missing character: There is no 项 ("9879) in font nullfont!
Missing character: There is no 目 ("76EE) in font nullfont!
Missing character: There is no 类 ("7C7B) in font nullfont!
Missing character: There is no 型 ("578B) in font nullfont!
Missing character: There is no ” ("201D) in font nullfont!
Missing character: There is no 和 ("548C) in font nullfont!
Missing character: There is no “ ("201C) in font nullfont!
Missing character: There is no 奖 ("5956) in font nullfont!
Missing character: There is no 项 ("9879) in font nullfont!
Missing character: There is no 级 ("7EA7) in font nullfont!
Missing character: There is no 别 ("522B) in font nullfont!
Missing character: There is no ” ("201D) in font nullfont!
Missing character: There is no 不 ("4E0D) in font nullfont!
Missing character: There is no 能 ("80FD) in font nullfont!
Missing character: There is no 为 ("4E3A) in font nullfont!
Missing character: There is no 空 ("7A7A) in font nullfont!
Missing character: There is no 提 ("63D0) in font nullfont!
Missing character: There is no 醒 ("9192) in font nullfont!

! LaTeX Error: \begin{document} ended by \end{figure}.

See the LaTeX manual or LaTeX Companion for explanation.
Type  H <return>  for immediate help.
 ...                                              
                                                  
l.321 \end{figure}
                  
Your command was ignored.
Type  I <command> <return>  to replace it with another command,
or  <return>  to continue without it.


Overfull \hbox (30.86pt too wide) in paragraph at lines 315--322
[][]
 []

Missing character: There is no 当 ("5F53) in font nullfont!
Missing character: There is no “ ("201C) in font nullfont!
Missing character: There is no 确 ("786E) in font nullfont!
Missing character: There is no 定 ("5B9A) in font nullfont!
Missing character: There is no ” ("201D) in font nullfont!
Missing character: There is no 完 ("5B8C) in font nullfont!
Missing character: There is no 成 ("6210) in font nullfont!
Missing character: There is no 某 ("67D0) in font nullfont!
Missing character: There is no 一 ("4E00) in font nullfont!
Missing character: There is no 加 ("52A0) in font nullfont!
Missing character: There is no 分 ("5206) in font nullfont!
Missing character: There is no 项 ("9879) in font nullfont!
Missing character: There is no 目 ("76EE) in font nullfont!
Missing character: There is no 后 ("540E) in font nullfont!
Missing character: There is no ， ("FF0C) in font nullfont!
Missing character: There is no 如 ("5982) in font nullfont!
Missing character: There is no 果 ("679C) in font nullfont!
Missing character: There is no 为 ("4E3A) in font nullfont!
Missing character: There is no “ ("201C) in font nullfont!
Missing character: There is no 不 ("4E0D) in font nullfont!
Missing character: There is no 予 ("4E88) in font nullfont!
Missing character: There is no 认 ("8BA4) in font nullfont!
Missing character: There is no 定 ("5B9A) in font nullfont!
Missing character: There is no ” ("201D) in font nullfont!
Missing character: There is no ， ("FF0C) in font nullfont!
Missing character: There is no 该 ("8BE5) in font nullfont!
Missing character: There is no 项 ("9879) in font nullfont!
Missing character: There is no 目 ("76EE) in font nullfont!
Missing character: There is no “ ("201C) in font nullfont!
Missing character: There is no 加 ("52A0) in font nullfont!
Missing character: There is no 分 ("5206) in font nullfont!
Missing character: There is no ” ("201D) in font nullfont!
Missing character: There is no 列 ("5217) in font nullfont!
Missing character: There is no 则 ("5219) in font nullfont!
Missing character: There is no 为 ("4E3A) in font nullfont!
Missing character: There is no 0 ("30) in font nullfont!
Missing character: There is no ， ("FF0C) in font nullfont!
Missing character: There is no 并 ("5E76) in font nullfont!
Missing character: There is no 非 ("975E) in font nullfont!
Missing character: There is no 根 ("6839) in font nullfont!
Missing character: There is no 据 ("636E) in font nullfont!
Missing character: There is no 其 ("5176) in font nullfont!
Missing character: There is no 所 ("6240) in font nullfont!
Missing character: There is no 属 ("5C5E) in font nullfont!
Missing character: There is no 的 ("7684) in font nullfont!
Missing character: There is no “ ("201C) in font nullfont!
Missing character: There is no 项 ("9879) in font nullfont!
Missing character: There is no 目 ("76EE) in font nullfont!
Missing character: There is no 类 ("7C7B) in font nullfont!
Missing character: There is no 型 ("578B) in font nullfont!
Missing character: There is no ” ("201D) in font nullfont!
Missing character: There is no 和 ("548C) in font nullfont!
Missing character: There is no “ ("201C) in font nullfont!
Missing character: There is no 奖 ("5956) in font nullfont!
Missing character: There is no 项 ("9879) in font nullfont!
Missing character: There is no 级 ("7EA7) in font nullfont!
Missing character: There is no 别 ("522B) in font nullfont!
Missing character: There is no ” ("201D) in font nullfont!
Missing character: There is no 进 ("8FDB) in font nullfont!
Missing character: There is no 行 ("884C) in font nullfont!
Missing character: There is no 加 ("52A0) in font nullfont!
Missing character: There is no 分 ("5206) in font nullfont!
Missing character: There is no ， ("FF0C) in font nullfont!
Missing character: There is no 如 ("5982) in font nullfont!
Missing character: There is no 图 ("56FE) in font nullfont!
! Undefined control sequence.
<write> ...erence `fig:不予认定加分为0' on page \thepage 
                                                  \space undefined\on@line .^^J
l.323 ...所属的“项目类型”和“奖项级别”进行加分，如图\ref{fig:不予认定加分为0}
                                                  所示。
The control sequence at the end of the top line
of your error message was never \def'ed. If you have
misspelled it (e.g., `\hobx'), type `I' and the correct
spelling (e.g., `I\hbox'). Otherwise just continue,
and I'll forget about whatever was undefined.


LaTeX Warning: Reference `fig:不予认定加分为0' on page  undefined on input line 323.

Missing character: There is no 所 ("6240) in font nullfont!
Missing character: There is no 示 ("793A) in font nullfont!
Missing character: There is no 。 ("3002) in font nullfont!

Overfull \hbox (30.86pt too wide) in paragraph at lines 323--324
[][] 
 []


! LaTeX Error: Environment figure undefined.

See the LaTeX manual or LaTeX Companion for explanation.
Type  H <return>  for immediate help.
 ...                                              
                                                  
l.325 \begin{figure}
                    [H]
Your command was ignored.
Type  I <command> <return>  to replace it with another command,
or  <return>  to continue without it.

Missing character: There is no [ ("5B) in font nullfont!
Missing character: There is no H ("48) in font nullfont!
Missing character: There is no ] ("5D) in font nullfont!
! Undefined control sequence.
l.327 ^^I\includegraphics
                         [width=1\linewidth]{fig/不予认定加分为0}
The control sequence at the end of the top line
of your error message was never \def'ed. If you have
misspelled it (e.g., `\hobx'), type `I' and the correct
spelling (e.g., `I\hbox'). Otherwise just continue,
and I'll forget about whatever was undefined.

Missing character: There is no [ ("5B) in font nullfont!
Missing character: There is no w ("77) in font nullfont!
Missing character: There is no i ("69) in font nullfont!
Missing character: There is no d ("64) in font nullfont!
Missing character: There is no t ("74) in font nullfont!
Missing character: There is no h ("68) in font nullfont!
Missing character: There is no = ("3D) in font nullfont!
Missing character: There is no 1 ("31) in font nullfont!
! Missing number, treated as zero.
<to be read again> 
                   ]
l.327 ^^I\includegraphics[width=1\linewidth]
                                            {fig/不予认定加分为0}
A number should have been here; I inserted `0'.
(If you can't figure out why I needed to see a number,
look up `weird error' in the index to The TeXbook.)

! Illegal unit of measure (pt inserted).
<to be read again> 
                   ]
l.327 ^^I\includegraphics[width=1\linewidth]
                                            {fig/不予认定加分为0}
Dimensions can be in units of em, ex, in, pt, pc,
cm, mm, dd, cc, bp, or sp; but yours is a new one!
I'll assume that you meant to say pt, for printer's points.
To recover gracefully from this error, it's best to
delete the erroneous units; e.g., type `2' to delete
two letters. (See Chapter 27 of The TeXbook.)

Missing character: There is no ] ("5D) in font nullfont!
Missing character: There is no f ("66) in font nullfont!
Missing character: There is no i ("69) in font nullfont!
Missing character: There is no g ("67) in font nullfont!
Missing character: There is no / ("2F) in font nullfont!
Missing character: There is no 不 ("4E0D) in font nullfont!
Missing character: There is no 予 ("4E88) in font nullfont!
Missing character: There is no 认 ("8BA4) in font nullfont!
Missing character: There is no 定 ("5B9A) in font nullfont!
Missing character: There is no 加 ("52A0) in font nullfont!
Missing character: There is no 分 ("5206) in font nullfont!
Missing character: There is no 为 ("4E3A) in font nullfont!
Missing character: There is no 0 ("30) in font nullfont!

! LaTeX Error: \caption outside float.

See the LaTeX manual or LaTeX Companion for explanation.
Type  H <return>  for immediate help.
 ...                                              
                                                  
l.328 ^^I\caption
                 {不予认定的加分项目加分为0}
You're in trouble here.  Try typing  <return>  to proceed.
If that doesn't work, type  X <return>  to quit.

Missing character: There is no 不 ("4E0D) in font nullfont!
Missing character: There is no 予 ("4E88) in font nullfont!
Missing character: There is no 认 ("8BA4) in font nullfont!
Missing character: There is no 定 ("5B9A) in font nullfont!
Missing character: There is no 的 ("7684) in font nullfont!
Missing character: There is no 加 ("52A0) in font nullfont!
Missing character: There is no 分 ("5206) in font nullfont!
Missing character: There is no 项 ("9879) in font nullfont!
Missing character: There is no 目 ("76EE) in font nullfont!
Missing character: There is no 加 ("52A0) in font nullfont!
Missing character: There is no 分 ("5206) in font nullfont!
Missing character: There is no 为 ("4E3A) in font nullfont!
Missing character: There is no 0 ("30) in font nullfont!

! LaTeX Error: \begin{document} ended by \end{figure}.

See the LaTeX manual or LaTeX Companion for explanation.
Type  H <return>  for immediate help.
 ...                                              
                                                  
l.330 \end{figure}
                  
Your command was ignored.
Type  I <command> <return>  to replace it with another command,
or  <return>  to continue without it.


Overfull \hbox (20.0pt too wide) in paragraph at lines 325--331
[]
 []

! Undefined control sequence.
l.334 \textcolor
                {mygreen}{
The control sequence at the end of the top line
of your error message was never \def'ed. If you have
misspelled it (e.g., `\hobx'), type `I' and the correct
spelling (e.g., `I\hbox'). Otherwise just continue,
and I'll forget about whatever was undefined.

Missing character: There is no m ("6D) in font nullfont!
Missing character: There is no y ("79) in font nullfont!
Missing character: There is no g ("67) in font nullfont!
Missing character: There is no r ("72) in font nullfont!
Missing character: There is no e ("65) in font nullfont!
Missing character: There is no e ("65) in font nullfont!
Missing character: There is no n ("6E) in font nullfont!
! Undefined control sequence.
l.335 ^^I\section
                 {学生选择下拉菜单}
The control sequence at the end of the top line
of your error message was never \def'ed. If you have
misspelled it (e.g., `\hobx'), type `I' and the correct
spelling (e.g., `I\hbox'). Otherwise just continue,
and I'll forget about whatever was undefined.

Missing character: There is no 学 ("5B66) in font nullfont!
Missing character: There is no 生 ("751F) in font nullfont!
Missing character: There is no 选 ("9009) in font nullfont!
Missing character: There is no 择 ("62E9) in font nullfont!
Missing character: There is no 下 ("4E0B) in font nullfont!
Missing character: There is no 拉 ("62C9) in font nullfont!
Missing character: There is no 菜 ("83DC) in font nullfont!
Missing character: There is no 单 ("5355) in font nullfont!
Missing character: There is no 如 ("5982) in font nullfont!
Missing character: There is no 图 ("56FE) in font nullfont!
! Undefined control sequence.
<write> ...fig:版本V3.0学生选择下拉菜单展示' on page \thepage 
                                                  \space undefined\on@line .^^J
l.336 ^^I如图\ref{fig:版本V3.0学生选择下拉菜单展示}
                                     所示，为版本V3.0支持批量导入Excel文件后新增的学生选择下拉菜单，图示为...
The control sequence at the end of the top line
of your error message was never \def'ed. If you have
misspelled it (e.g., `\hobx'), type `I' and the correct
spelling (e.g., `I\hbox'). Otherwise just continue,
and I'll forget about whatever was undefined.


LaTeX Warning: Reference `fig:版本V3.0学生选择下拉菜单展示' on page  undefined on input lin
e 336.

Missing character: There is no 所 ("6240) in font nullfont!
Missing character: There is no 示 ("793A) in font nullfont!
Missing character: There is no ， ("FF0C) in font nullfont!
Missing character: There is no 为 ("4E3A) in font nullfont!
Missing character: There is no 版 ("7248) in font nullfont!
Missing character: There is no 本 ("672C) in font nullfont!
Missing character: There is no V ("56) in font nullfont!
Missing character: There is no 3 ("33) in font nullfont!
Missing character: There is no . ("2E) in font nullfont!
Missing character: There is no 0 ("30) in font nullfont!
Missing character: There is no 支 ("652F) in font nullfont!
Missing character: There is no 持 ("6301) in font nullfont!
Missing character: There is no 批 ("6279) in font nullfont!
Missing character: There is no 量 ("91CF) in font nullfont!
Missing character: There is no 导 ("5BFC) in font nullfont!
Missing character: There is no 入 ("5165) in font nullfont!
Missing character: There is no E ("45) in font nullfont!
Missing character: There is no x ("78) in font nullfont!
Missing character: There is no c ("63) in font nullfont!
Missing character: There is no e ("65) in font nullfont!
Missing character: There is no l ("6C) in font nullfont!
Missing character: There is no 文 ("6587) in font nullfont!
Missing character: There is no 件 ("4EF6) in font nullfont!
Missing character: There is no 后 ("540E) in font nullfont!
Missing character: There is no 新 ("65B0) in font nullfont!
Missing character: There is no 增 ("589E) in font nullfont!
Missing character: There is no 的 ("7684) in font nullfont!
Missing character: There is no 学 ("5B66) in font nullfont!
Missing character: There is no 生 ("751F) in font nullfont!
Missing character: There is no 选 ("9009) in font nullfont!
Missing character: There is no 择 ("62E9) in font nullfont!
Missing character: There is no 下 ("4E0B) in font nullfont!
Missing character: There is no 拉 ("62C9) in font nullfont!
Missing character: There is no 菜 ("83DC) in font nullfont!
Missing character: There is no 单 ("5355) in font nullfont!
Missing character: There is no ， ("FF0C) in font nullfont!
Missing character: There is no 图 ("56FE) in font nullfont!
Missing character: There is no 示 ("793A) in font nullfont!
Missing character: There is no 为 ("4E3A) in font nullfont!
Missing character: There is no 导 ("5BFC) in font nullfont!
Missing character: There is no 入 ("5165) in font nullfont!
Missing character: There is no 了 ("4E86) in font nullfont!
Missing character: There is no 三 ("4E09) in font nullfont!
Missing character: There is no 名 ("540D) in font nullfont!
Missing character: There is no 学 ("5B66) in font nullfont!
Missing character: There is no 生 ("751F) in font nullfont!
Missing character: There is no 的 ("7684) in font nullfont!
Missing character: There is no 材 ("6750) in font nullfont!
Missing character: There is no 料 ("6599) in font nullfont!
Missing character: There is no 内 ("5185) in font nullfont!
Missing character: There is no 容 ("5BB9) in font nullfont!
Missing character: There is no ， ("FF0C) in font nullfont!
Missing character: There is no 通 ("901A) in font nullfont!
Missing character: There is no 过 ("8FC7) in font nullfont!
Missing character: There is no 下 ("4E0B) in font nullfont!
Missing character: There is no 拉 ("62C9) in font nullfont!
Missing character: There is no 菜 ("83DC) in font nullfont!
Missing character: There is no 单 ("5355) in font nullfont!
Missing character: There is no 便 ("4FBF) in font nullfont!
Missing character: There is no 捷 ("6377) in font nullfont!
Missing character: There is no 切 ("5207) in font nullfont!
Missing character: There is no 换 ("6362) in font nullfont!
Missing character: There is no 不 ("4E0D) in font nullfont!
Missing character: There is no 同 ("540C) in font nullfont!
Missing character: There is no 学 ("5B66) in font nullfont!
Missing character: There is no 生 ("751F) in font nullfont!
Missing character: There is no 的 ("7684) in font nullfont!
Missing character: There is no 评 ("8BC4) in font nullfont!
Missing character: There is no 审 ("5BA1) in font nullfont!
Missing character: There is no 数 ("6570) in font nullfont!
Missing character: There is no 据 ("636E) in font nullfont!
Missing character: There is no ， ("FF0C) in font nullfont!
Missing character: There is no 同 ("540C) in font nullfont!
Missing character: There is no 时 ("65F6) in font nullfont!
Missing character: There is no 智 ("667A) in font nullfont!
Missing character: There is no 能 ("80FD) in font nullfont!
Missing character: There is no 保 ("4FDD) in font nullfont!
Missing character: There is no 存 ("5B58) in font nullfont!
Missing character: There is no 每 ("6BCF) in font nullfont!
Missing character: There is no 个 ("4E2A) in font nullfont!
Missing character: There is no 学 ("5B66) in font nullfont!
Missing character: There is no 生 ("751F) in font nullfont!
Missing character: There is no 的 ("7684) in font nullfont!
Missing character: There is no 评 ("8BC4) in font nullfont!
Missing character: There is no 审 ("5BA1) in font nullfont!
Missing character: There is no 进 ("8FDB) in font nullfont!
Missing character: There is no 度 ("5EA6) in font nullfont!
Missing character: There is no ， ("FF0C) in font nullfont!
Missing character: There is no 切 ("5207) in font nullfont!
Missing character: There is no 换 ("6362) in font nullfont!
Missing character: There is no 学 ("5B66) in font nullfont!
Missing character: There is no 生 ("751F) in font nullfont!
Missing character: There is no 时 ("65F6) in font nullfont!
Missing character: There is no 自 ("81EA) in font nullfont!
Missing character: There is no 动 ("52A8) in font nullfont!
Missing character: There is no 保 ("4FDD) in font nullfont!
Missing character: There is no 存 ("5B58) in font nullfont!
Missing character: There is no 当 ("5F53) in font nullfont!
Missing character: There is no 前 ("524D) in font nullfont!
Missing character: There is no 进 ("8FDB) in font nullfont!
Missing character: There is no 度 ("5EA6) in font nullfont!
Missing character: There is no ， ("FF0C) in font nullfont!
Missing character: There is no 学 ("5B66) in font nullfont!
Missing character: There is no 生 ("751F) in font nullfont!
Missing character: There is no 信 ("4FE1) in font nullfont!
Missing character: There is no 息 ("606F) in font nullfont!
Missing character: There is no 展 ("5C55) in font nullfont!
Missing character: There is no 示 ("793A) in font nullfont!
Missing character: There is no 也 ("4E5F) in font nullfont!
Missing character: There is no 会 ("4F1A) in font nullfont!
Missing character: There is no 进 ("8FDB) in font nullfont!
Missing character: There is no 行 ("884C) in font nullfont!
Missing character: There is no 更 ("66F4) in font nullfont!
Missing character: There is no 新 ("65B0) in font nullfont!
Missing character: There is no 。 ("3002) in font nullfont!

Overfull \hbox (20.0pt too wide) in paragraph at lines 334--338
[]
 []


Overfull \hbox (10.86pt too wide) in paragraph at lines 334--338
[]
 []

! Undefined control sequence.
l.339 \textcolor
                {mygreen}{
The control sequence at the end of the top line
of your error message was never \def'ed. If you have
misspelled it (e.g., `\hobx'), type `I' and the correct
spelling (e.g., `I\hbox'). Otherwise just continue,
and I'll forget about whatever was undefined.

Missing character: There is no m ("6D) in font nullfont!
Missing character: There is no y ("79) in font nullfont!
Missing character: There is no g ("67) in font nullfont!
Missing character: There is no r ("72) in font nullfont!
Missing character: There is no e ("65) in font nullfont!
Missing character: There is no e ("65) in font nullfont!
Missing character: There is no n ("6E) in font nullfont!
Missing character: There is no 请 ("8BF7) in font nullfont!
Missing character: There is no 注 ("6CE8) in font nullfont!
Missing character: There is no 意 ("610F) in font nullfont!
Missing character: There is no ， ("FF0C) in font nullfont!
Missing character: There is no 在 ("5728) in font nullfont!
Missing character: There is no 单 ("5355) in font nullfont!
Missing character: There is no 个 ("4E2A) in font nullfont!
Missing character: There is no 文 ("6587) in font nullfont!
Missing character: There is no 件 ("4EF6) in font nullfont!
Missing character: There is no 导 ("5BFC) in font nullfont!
Missing character: There is no 入 ("5165) in font nullfont!
Missing character: There is no 的 ("7684) in font nullfont!
Missing character: There is no 情 ("60C5) in font nullfont!
Missing character: There is no 况 ("51B5) in font nullfont!
Missing character: There is no 下 ("4E0B) in font nullfont!
Missing character: There is no ， ("FF0C) in font nullfont!
Missing character: There is no 学 ("5B66) in font nullfont!
Missing character: There is no 生 ("751F) in font nullfont!
Missing character: There is no 选 ("9009) in font nullfont!
Missing character: There is no 择 ("62E9) in font nullfont!
Missing character: There is no 下 ("4E0B) in font nullfont!
Missing character: There is no 拉 ("62C9) in font nullfont!
Missing character: There is no 菜 ("83DC) in font nullfont!
Missing character: There is no 单 ("5355) in font nullfont!
Missing character: There is no 并 ("5E76) in font nullfont!
Missing character: There is no 不 ("4E0D) in font nullfont!
Missing character: There is no 可 ("53EF) in font nullfont!
Missing character: There is no 用 ("7528) in font nullfont!
Missing character: There is no ， ("FF0C) in font nullfont!
Missing character: There is no 但 ("4F46) in font nullfont!
Missing character: There is no 在 ("5728) in font nullfont!
Missing character: There is no 补 ("8865) in font nullfont!
Missing character: There is no 充 ("5145) in font nullfont!
Missing character: There is no 导 ("5BFC) in font nullfont!
Missing character: There is no 入 ("5165) in font nullfont!
Missing character: There is no 文 ("6587) in font nullfont!
Missing character: There is no 件 ("4EF6) in font nullfont!
Missing character: There is no 后 ("540E) in font nullfont!
Missing character: There is no ， ("FF0C) in font nullfont!
Missing character: There is no 将 ("5C06) in font nullfont!
Missing character: There is no 从 ("4ECE) in font nullfont!
Missing character: There is no 单 ("5355) in font nullfont!
Missing character: There is no 文 ("6587) in font nullfont!
Missing character: There is no 件 ("4EF6) in font nullfont!
Missing character: There is no 处 ("5904) in font nullfont!
Missing character: There is no 理 ("7406) in font nullfont!
Missing character: There is no 状 ("72B6) in font nullfont!
Missing character: There is no 态 ("6001) in font nullfont!
Missing character: There is no 专 ("4E13) in font nullfont!
Missing character: There is no 户 ("6237) in font nullfont!
Missing character: There is no 为 ("4E3A) in font nullfont!
Missing character: There is no 批 ("6279) in font nullfont!
Missing character: There is no 量 ("91CF) in font nullfont!
Missing character: There is no 处 ("5904) in font nullfont!
Missing character: There is no 理 ("7406) in font nullfont!
Missing character: There is no 状 ("72B6) in font nullfont!
Missing character: There is no 态 ("6001) in font nullfont!
Missing character: There is no ， ("FF0C) in font nullfont!
Missing character: There is no 此 ("6B64) in font nullfont!
Missing character: There is no 时 ("65F6) in font nullfont!
Missing character: There is no ， ("FF0C) in font nullfont!
Missing character: There is no 学 ("5B66) in font nullfont!
Missing character: There is no 生 ("751F) in font nullfont!
Missing character: There is no 选 ("9009) in font nullfont!
Missing character: There is no 择 ("62E9) in font nullfont!
Missing character: There is no 下 ("4E0B) in font nullfont!
Missing character: There is no 拉 ("62C9) in font nullfont!
Missing character: There is no 菜 ("83DC) in font nullfont!
Missing character: There is no 单 ("5355) in font nullfont!
Missing character: There is no 即 ("5373) in font nullfont!
Missing character: There is no 可 ("53EF) in font nullfont!
Missing character: There is no 正 ("6B63) in font nullfont!
Missing character: There is no 常 ("5E38) in font nullfont!
Missing character: There is no 工 ("5DE5) in font nullfont!
Missing character: There is no 作 ("4F5C) in font nullfont!
Missing character: There is no 。 ("3002) in font nullfont!

Overfull \hbox (20.0pt too wide) in paragraph at lines 339--342
[]
 []


! LaTeX Error: Environment figure undefined.

See the LaTeX manual or LaTeX Companion for explanation.
Type  H <return>  for immediate help.
 ...                                              
                                                  
l.343 \begin{figure}
                    [h]
Your command was ignored.
Type  I <command> <return>  to replace it with another command,
or  <return>  to continue without it.

Missing character: There is no [ ("5B) in font nullfont!
Missing character: There is no h ("68) in font nullfont!
Missing character: There is no ] ("5D) in font nullfont!
! Undefined control sequence.
l.345 ^^I\includegraphics
                         [width=0.7\linewidth]{fig/3.0学生选择下拉菜单}
The control sequence at the end of the top line
of your error message was never \def'ed. If you have
misspelled it (e.g., `\hobx'), type `I' and the correct
spelling (e.g., `I\hbox'). Otherwise just continue,
and I'll forget about whatever was undefined.

Missing character: There is no [ ("5B) in font nullfont!
Missing character: There is no w ("77) in font nullfont!
Missing character: There is no i ("69) in font nullfont!
Missing character: There is no d ("64) in font nullfont!
Missing character: There is no t ("74) in font nullfont!
Missing character: There is no h ("68) in font nullfont!
Missing character: There is no = ("3D) in font nullfont!
Missing character: There is no 0 ("30) in font nullfont!
Missing character: There is no . ("2E) in font nullfont!
Missing character: There is no 7 ("37) in font nullfont!
! Missing number, treated as zero.
<to be read again> 
                   ]
l.345 ^^I\includegraphics[width=0.7\linewidth]
                                              {fig/3.0学生选择下拉菜单}
A number should have been here; I inserted `0'.
(If you can't figure out why I needed to see a number,
look up `weird error' in the index to The TeXbook.)

! Illegal unit of measure (pt inserted).
<to be read again> 
                   ]
l.345 ^^I\includegraphics[width=0.7\linewidth]
                                              {fig/3.0学生选择下拉菜单}
Dimensions can be in units of em, ex, in, pt, pc,
cm, mm, dd, cc, bp, or sp; but yours is a new one!
I'll assume that you meant to say pt, for printer's points.
To recover gracefully from this error, it's best to
delete the erroneous units; e.g., type `2' to delete
two letters. (See Chapter 27 of The TeXbook.)

Missing character: There is no ] ("5D) in font nullfont!
Missing character: There is no f ("66) in font nullfont!
Missing character: There is no i ("69) in font nullfont!
Missing character: There is no g ("67) in font nullfont!
Missing character: There is no / ("2F) in font nullfont!
Missing character: There is no 3 ("33) in font nullfont!
Missing character: There is no . ("2E) in font nullfont!
Missing character: There is no 0 ("30) in font nullfont!
Missing character: There is no 学 ("5B66) in font nullfont!
Missing character: There is no 生 ("751F) in font nullfont!
Missing character: There is no 选 ("9009) in font nullfont!
Missing character: There is no 择 ("62E9) in font nullfont!
Missing character: There is no 下 ("4E0B) in font nullfont!
Missing character: There is no 拉 ("62C9) in font nullfont!
Missing character: There is no 菜 ("83DC) in font nullfont!
Missing character: There is no 单 ("5355) in font nullfont!

! LaTeX Error: \caption outside float.

See the LaTeX manual or LaTeX Companion for explanation.
Type  H <return>  for immediate help.
 ...                                              
                                                  
l.346 ^^I\caption
                 {版本V3.0学生选择下拉菜单展示}
You're in trouble here.  Try typing  <return>  to proceed.
If that doesn't work, type  X <return>  to quit.

Missing character: There is no 版 ("7248) in font nullfont!
Missing character: There is no 本 ("672C) in font nullfont!
Missing character: There is no V ("56) in font nullfont!
Missing character: There is no 3 ("33) in font nullfont!
Missing character: There is no . ("2E) in font nullfont!
Missing character: There is no 0 ("30) in font nullfont!
Missing character: There is no 学 ("5B66) in font nullfont!
Missing character: There is no 生 ("751F) in font nullfont!
Missing character: There is no 选 ("9009) in font nullfont!
Missing character: There is no 择 ("62E9) in font nullfont!
Missing character: There is no 下 ("4E0B) in font nullfont!
Missing character: There is no 拉 ("62C9) in font nullfont!
Missing character: There is no 菜 ("83DC) in font nullfont!
Missing character: There is no 单 ("5355) in font nullfont!
Missing character: There is no 展 ("5C55) in font nullfont!
Missing character: There is no 示 ("793A) in font nullfont!

! LaTeX Error: \begin{document} ended by \end{figure}.

See the LaTeX manual or LaTeX Companion for explanation.
Type  H <return>  for immediate help.
 ...                                              
                                                  
l.348 \end{figure}
                  
Your command was ignored.
Type  I <command> <return>  to replace it with another command,
or  <return>  to continue without it.


Overfull \hbox (20.0pt too wide) in paragraph at lines 343--349
[]
 []

! Undefined control sequence.
l.350 \section
              {评审结果导出}
The control sequence at the end of the top line
of your error message was never \def'ed. If you have
misspelled it (e.g., `\hobx'), type `I' and the correct
spelling (e.g., `I\hbox'). Otherwise just continue,
and I'll forget about whatever was undefined.

Missing character: There is no 评 ("8BC4) in font nullfont!
Missing character: There is no 审 ("5BA1) in font nullfont!
Missing character: There is no 结 ("7ED3) in font nullfont!
Missing character: There is no 果 ("679C) in font nullfont!
Missing character: There is no 导 ("5BFC) in font nullfont!
Missing character: There is no 出 ("51FA) in font nullfont!
Missing character: There is no 当 ("5F53) in font nullfont!
Missing character: There is no 所 ("6240) in font nullfont!
Missing character: There is no 有 ("6709) in font nullfont!
Missing character: There is no 的 ("7684) in font nullfont!
Missing character: There is no 加 ("52A0) in font nullfont!
Missing character: There is no 分 ("5206) in font nullfont!
Missing character: There is no 项 ("9879) in font nullfont!
Missing character: There is no 目 ("76EE) in font nullfont!
Missing character: There is no 完 ("5B8C) in font nullfont!
Missing character: There is no 成 ("6210) in font nullfont!
Missing character: There is no 评 ("8BC4) in font nullfont!
Missing character: There is no 审 ("5BA1) in font nullfont!
Missing character: There is no 后 ("540E) in font nullfont!
Missing character: There is no ， ("FF0C) in font nullfont!
Missing character: There is no 点 ("70B9) in font nullfont!
Missing character: There is no 击 ("51FB) in font nullfont!
Missing character: There is no “ ("201C) in font nullfont!
Missing character: There is no 评 ("8BC4) in font nullfont!
Missing character: There is no 审 ("5BA1) in font nullfont!
Missing character: There is no 结 ("7ED3) in font nullfont!
Missing character: There is no 果 ("679C) in font nullfont!
Missing character: There is no 导 ("5BFC) in font nullfont!
Missing character: There is no 出 ("51FA) in font nullfont!
Missing character: There is no E ("45) in font nullfont!
Missing character: There is no x ("78) in font nullfont!
Missing character: There is no c ("63) in font nullfont!
Missing character: There is no e ("65) in font nullfont!
Missing character: There is no l ("6C) in font nullfont!
Missing character: There is no ” ("201D) in font nullfont!
Missing character: There is no ， ("FF0C) in font nullfont!
Missing character: There is no 会 ("4F1A) in font nullfont!
Missing character: There is no 弹 ("5F39) in font nullfont!
Missing character: There is no 窗 ("7A97) in font nullfont!
Missing character: There is no 选 ("9009) in font nullfont!
Missing character: There is no 择 ("62E9) in font nullfont!
Missing character: There is no 文 ("6587) in font nullfont!
Missing character: There is no 件 ("4EF6) in font nullfont!
Missing character: There is no 保 ("4FDD) in font nullfont!
Missing character: There is no 存 ("5B58) in font nullfont!
Missing character: There is no 位 ("4F4D) in font nullfont!
Missing character: There is no 置 ("7F6E) in font nullfont!
Missing character: There is no 和 ("548C) in font nullfont!
Missing character: There is no 文 ("6587) in font nullfont!
Missing character: There is no 件 ("4EF6) in font nullfont!
Missing character: There is no 名 ("540D) in font nullfont!
Missing character: There is no 称 ("79F0) in font nullfont!
Missing character: There is no ， ("FF0C) in font nullfont!
Missing character: There is no 默 ("9ED8) in font nullfont!
Missing character: There is no 认 ("8BA4) in font nullfont!
Missing character: There is no 文 ("6587) in font nullfont!
Missing character: There is no 件 ("4EF6) in font nullfont!
Missing character: There is no 名 ("540D) in font nullfont!
Missing character: There is no 称 ("79F0) in font nullfont!
Missing character: There is no 为 ("4E3A) in font nullfont!
Missing character: There is no “ ("201C) in font nullfont!
Missing character: There is no 学 ("5B66) in font nullfont!
Missing character: There is no 院 ("9662) in font nullfont!
Missing character: There is no 姓 ("59D3) in font nullfont!
Missing character: There is no 名 ("540D) in font nullfont!
Missing character: There is no 年 ("5E74) in font nullfont!
Missing character: There is no 级 ("7EA7) in font nullfont!
Missing character: There is no 专 ("4E13) in font nullfont!
Missing character: There is no 业 ("4E1A) in font nullfont!
Missing character: There is no 学 ("5B66) in font nullfont!
Missing character: There is no 号 ("53F7) in font nullfont!
Missing character: There is no . ("2E) in font nullfont!
Missing character: There is no x ("78) in font nullfont!
Missing character: There is no l ("6C) in font nullfont!
Missing character: There is no s ("73) in font nullfont!
Missing character: There is no x ("78) in font nullfont!
Missing character: There is no ” ("201D) in font nullfont!
Missing character: There is no ， ("FF0C) in font nullfont!
Missing character: There is no 如 ("5982) in font nullfont!
Missing character: There is no 图 ("56FE) in font nullfont!
! Undefined control sequence.
<write> ...eference `fig:评审结果导出' on page \thepage 
                                                  \space undefined\on@line .^^J
l.351 ...\_姓名\_年级\_专业\_学号.xlsx”，如图\ref{fig:评审结果导出}
                                                  所示。如果未选择保存位置，亦会如图\ref{fig:...
The control sequence at the end of the top line
of your error message was never \def'ed. If you have
misspelled it (e.g., `\hobx'), type `I' and the correct
spelling (e.g., `I\hbox'). Otherwise just continue,
and I'll forget about whatever was undefined.


LaTeX Warning: Reference `fig:评审结果导出' on page  undefined on input line 351.

Missing character: There is no 所 ("6240) in font nullfont!
Missing character: There is no 示 ("793A) in font nullfont!
Missing character: There is no 。 ("3002) in font nullfont!
Missing character: There is no 如 ("5982) in font nullfont!
Missing character: There is no 果 ("679C) in font nullfont!
Missing character: There is no 未 ("672A) in font nullfont!
Missing character: There is no 选 ("9009) in font nullfont!
Missing character: There is no 择 ("62E9) in font nullfont!
Missing character: There is no 保 ("4FDD) in font nullfont!
Missing character: There is no 存 ("5B58) in font nullfont!
Missing character: There is no 位 ("4F4D) in font nullfont!
Missing character: There is no 置 ("7F6E) in font nullfont!
Missing character: There is no ， ("FF0C) in font nullfont!
Missing character: There is no 亦 ("4EA6) in font nullfont!
Missing character: There is no 会 ("4F1A) in font nullfont!
Missing character: There is no 如 ("5982) in font nullfont!
Missing character: There is no 图 ("56FE) in font nullfont!
! Undefined control sequence.
<write> ...rence `fig:文件路径未选择提醒' on page \thepage 
                                                  \space undefined\on@line .^^J
l.351 ...结果导出}所示。如果未选择保存位置，亦会如图\ref{fig:文件路径未选择提醒}
                                                  弹窗提示用户。
The control sequence at the end of the top line
of your error message was never \def'ed. If you have
misspelled it (e.g., `\hobx'), type `I' and the correct
spelling (e.g., `I\hbox'). Otherwise just continue,
and I'll forget about whatever was undefined.


LaTeX Warning: Reference `fig:文件路径未选择提醒' on page  undefined on input line 351.

Missing character: There is no 弹 ("5F39) in font nullfont!
Missing character: There is no 窗 ("7A97) in font nullfont!
Missing character: There is no 提 ("63D0) in font nullfont!
Missing character: There is no 示 ("793A) in font nullfont!
Missing character: There is no 用 ("7528) in font nullfont!
Missing character: There is no 户 ("6237) in font nullfont!
Missing character: There is no 。 ("3002) in font nullfont!

! LaTeX Error: Environment figure undefined.

See the LaTeX manual or LaTeX Companion for explanation.
Type  H <return>  for immediate help.
 ...                                              
                                                  
l.352 \begin{figure}
                    [H]
Your command was ignored.
Type  I <command> <return>  to replace it with another command,
or  <return>  to continue without it.

Missing character: There is no [ ("5B) in font nullfont!
Missing character: There is no H ("48) in font nullfont!
Missing character: There is no ] ("5D) in font nullfont!
! Undefined control sequence.
l.356 ^^I^^I\includegraphics
                            [width=\linewidth]{fig/评审结果导出文件位置选择}
The control sequence at the end of the top line
of your error message was never \def'ed. If you have
misspelled it (e.g., `\hobx'), type `I' and the correct
spelling (e.g., `I\hbox'). Otherwise just continue,
and I'll forget about whatever was undefined.

Missing character: There is no [ ("5B) in font nullfont!
Missing character: There is no w ("77) in font nullfont!
Missing character: There is no i ("69) in font nullfont!
Missing character: There is no d ("64) in font nullfont!
Missing character: There is no t ("74) in font nullfont!
Missing character: There is no h ("68) in font nullfont!
Missing character: There is no = ("3D) in font nullfont!
! Missing number, treated as zero.
<to be read again> 
                   ]
l.356 ^^I^^I\includegraphics[width=\linewidth]
                                              {fig/评审结果导出文件位置选择}
A number should have been here; I inserted `0'.
(If you can't figure out why I needed to see a number,
look up `weird error' in the index to The TeXbook.)

! Illegal unit of measure (pt inserted).
<to be read again> 
                   ]
l.356 ^^I^^I\includegraphics[width=\linewidth]
                                              {fig/评审结果导出文件位置选择}
Dimensions can be in units of em, ex, in, pt, pc,
cm, mm, dd, cc, bp, or sp; but yours is a new one!
I'll assume that you meant to say pt, for printer's points.
To recover gracefully from this error, it's best to
delete the erroneous units; e.g., type `2' to delete
two letters. (See Chapter 27 of The TeXbook.)

Missing character: There is no ] ("5D) in font nullfont!
Missing character: There is no f ("66) in font nullfont!
Missing character: There is no i ("69) in font nullfont!
Missing character: There is no g ("67) in font nullfont!
Missing character: There is no / ("2F) in font nullfont!
Missing character: There is no 评 ("8BC4) in font nullfont!
Missing character: There is no 审 ("5BA1) in font nullfont!
Missing character: There is no 结 ("7ED3) in font nullfont!
Missing character: There is no 果 ("679C) in font nullfont!
Missing character: There is no 导 ("5BFC) in font nullfont!
Missing character: There is no 出 ("51FA) in font nullfont!
Missing character: There is no 文 ("6587) in font nullfont!
Missing character: There is no 件 ("4EF6) in font nullfont!
Missing character: There is no 位 ("4F4D) in font nullfont!
Missing character: There is no 置 ("7F6E) in font nullfont!
Missing character: There is no 选 ("9009) in font nullfont!
Missing character: There is no 择 ("62E9) in font nullfont!

! LaTeX Error: \caption outside float.

See the LaTeX manual or LaTeX Companion for explanation.
Type  H <return>  for immediate help.
 ...                                              
                                                  
l.357 ^^I^^I\caption
                    {评审结果导出}
You're in trouble here.  Try typing  <return>  to proceed.
If that doesn't work, type  X <return>  to quit.

Missing character: There is no 评 ("8BC4) in font nullfont!
Missing character: There is no 审 ("5BA1) in font nullfont!
Missing character: There is no 结 ("7ED3) in font nullfont!
Missing character: There is no 果 ("679C) in font nullfont!
Missing character: There is no 导 ("5BFC) in font nullfont!
Missing character: There is no 出 ("51FA) in font nullfont!
! Undefined control sequence.
l.363 ^^I^^I\includegraphics
                            [width=0.7\linewidth]{fig/文件路径未选择}
The control sequence at the end of the top line
of your error message was never \def'ed. If you have
misspelled it (e.g., `\hobx'), type `I' and the correct
spelling (e.g., `I\hbox'). Otherwise just continue,
and I'll forget about whatever was undefined.

Missing character: There is no [ ("5B) in font nullfont!
Missing character: There is no w ("77) in font nullfont!
Missing character: There is no i ("69) in font nullfont!
Missing character: There is no d ("64) in font nullfont!
Missing character: There is no t ("74) in font nullfont!
Missing character: There is no h ("68) in font nullfont!
Missing character: There is no = ("3D) in font nullfont!
Missing character: There is no 0 ("30) in font nullfont!
Missing character: There is no . ("2E) in font nullfont!
Missing character: There is no 7 ("37) in font nullfont!
! Missing number, treated as zero.
<to be read again> 
                   ]
l.363 ^^I^^I\includegraphics[width=0.7\linewidth]
                                                 {fig/文件路径未选择}
A number should have been here; I inserted `0'.
(If you can't figure out why I needed to see a number,
look up `weird error' in the index to The TeXbook.)

! Illegal unit of measure (pt inserted).
<to be read again> 
                   ]
l.363 ^^I^^I\includegraphics[width=0.7\linewidth]
                                                 {fig/文件路径未选择}
Dimensions can be in units of em, ex, in, pt, pc,
cm, mm, dd, cc, bp, or sp; but yours is a new one!
I'll assume that you meant to say pt, for printer's points.
To recover gracefully from this error, it's best to
delete the erroneous units; e.g., type `2' to delete
two letters. (See Chapter 27 of The TeXbook.)

Missing character: There is no ] ("5D) in font nullfont!
Missing character: There is no f ("66) in font nullfont!
Missing character: There is no i ("69) in font nullfont!
Missing character: There is no g ("67) in font nullfont!
Missing character: There is no / ("2F) in font nullfont!
Missing character: There is no 文 ("6587) in font nullfont!
Missing character: There is no 件 ("4EF6) in font nullfont!
Missing character: There is no 路 ("8DEF) in font nullfont!
Missing character: There is no 径 ("5F84) in font nullfont!
Missing character: There is no 未 ("672A) in font nullfont!
Missing character: There is no 选 ("9009) in font nullfont!
Missing character: There is no 择 ("62E9) in font nullfont!

! LaTeX Error: \caption outside float.

See the LaTeX manual or LaTeX Companion for explanation.
Type  H <return>  for immediate help.
 ...                                              
                                                  
l.364 ^^I^^I\caption
                    {文件路径未选择提醒}
You're in trouble here.  Try typing  <return>  to proceed.
If that doesn't work, type  X <return>  to quit.

Missing character: There is no 文 ("6587) in font nullfont!
Missing character: There is no 件 ("4EF6) in font nullfont!
Missing character: There is no 路 ("8DEF) in font nullfont!
Missing character: There is no 径 ("5F84) in font nullfont!
Missing character: There is no 未 ("672A) in font nullfont!
Missing character: There is no 选 ("9009) in font nullfont!
Missing character: There is no 择 ("62E9) in font nullfont!
Missing character: There is no 提 ("63D0) in font nullfont!
Missing character: There is no 醒 ("9192) in font nullfont!

! LaTeX Error: \begin{document} ended by \end{figure}.

See the LaTeX manual or LaTeX Companion for explanation.
Type  H <return>  for immediate help.
 ...                                              
                                                  
l.367 \end{figure}
                  
Your command was ignored.
Type  I <command> <return>  to replace it with another command,
or  <return>  to continue without it.


Overfull \hbox (20.0pt too wide) in paragraph at lines 350--368
[]
 []


Overfull \hbox (21.72pt too wide) in paragraph at lines 350--368
[][][][][][]
 []

Missing character: There is no 成 ("6210) in font nullfont!
Missing character: There is no 功 ("529F) in font nullfont!
Missing character: There is no 导 ("5BFC) in font nullfont!
Missing character: There is no 出 ("51FA) in font nullfont!
Missing character: There is no 后 ("540E) in font nullfont!
Missing character: There is no 会 ("4F1A) in font nullfont!
Missing character: There is no 如 ("5982) in font nullfont!
Missing character: There is no 图 ("56FE) in font nullfont!
! Undefined control sequence.
<write> ...ence `fig:评审结果成功导出提醒' on page \thepage 
                                                  \space undefined\on@line .^^J
l.369 成功导出后会如图\ref{fig:评审结果成功导出提醒}
                                  所示弹窗提示用户已成功导出文件，并给出文件保存位置，以备不时之需。
The control sequence at the end of the top line
of your error message was never \def'ed. If you have
misspelled it (e.g., `\hobx'), type `I' and the correct
spelling (e.g., `I\hbox'). Otherwise just continue,
and I'll forget about whatever was undefined.


LaTeX Warning: Reference `fig:评审结果成功导出提醒' on page  undefined on input line 369.


Missing character: There is no 所 ("6240) in font nullfont!
Missing character: There is no 示 ("793A) in font nullfont!
Missing character: There is no 弹 ("5F39) in font nullfont!
Missing character: There is no 窗 ("7A97) in font nullfont!
Missing character: There is no 提 ("63D0) in font nullfont!
Missing character: There is no 示 ("793A) in font nullfont!
Missing character: There is no 用 ("7528) in font nullfont!
Missing character: There is no 户 ("6237) in font nullfont!
Missing character: There is no 已 ("5DF2) in font nullfont!
Missing character: There is no 成 ("6210) in font nullfont!
Missing character: There is no 功 ("529F) in font nullfont!
Missing character: There is no 导 ("5BFC) in font nullfont!
Missing character: There is no 出 ("51FA) in font nullfont!
Missing character: There is no 文 ("6587) in font nullfont!
Missing character: There is no 件 ("4EF6) in font nullfont!
Missing character: There is no ， ("FF0C) in font nullfont!
Missing character: There is no 并 ("5E76) in font nullfont!
Missing character: There is no 给 ("7ED9) in font nullfont!
Missing character: There is no 出 ("51FA) in font nullfont!
Missing character: There is no 文 ("6587) in font nullfont!
Missing character: There is no 件 ("4EF6) in font nullfont!
Missing character: There is no 保 ("4FDD) in font nullfont!
Missing character: There is no 存 ("5B58) in font nullfont!
Missing character: There is no 位 ("4F4D) in font nullfont!
Missing character: There is no 置 ("7F6E) in font nullfont!
Missing character: There is no ， ("FF0C) in font nullfont!
Missing character: There is no 以 ("4EE5) in font nullfont!
Missing character: There is no 备 ("5907) in font nullfont!
Missing character: There is no 不 ("4E0D) in font nullfont!
Missing character: There is no 时 ("65F6) in font nullfont!
Missing character: There is no 之 ("4E4B) in font nullfont!
Missing character: There is no 需 ("9700) in font nullfont!
Missing character: There is no 。 ("3002) in font nullfont!

! LaTeX Error: Environment figure undefined.

See the LaTeX manual or LaTeX Companion for explanation.
Type  H <return>  for immediate help.
 ...                                              
                                                  
l.370 \begin{figure}
                    [H]
Your command was ignored.
Type  I <command> <return>  to replace it with another command,
or  <return>  to continue without it.

Missing character: There is no [ ("5B) in font nullfont!
Missing character: There is no H ("48) in font nullfont!
Missing character: There is no ] ("5D) in font nullfont!
! Undefined control sequence.
l.372 ^^I\includegraphics
                         [width=0.7\linewidth]{fig/导出成功提醒}
The control sequence at the end of the top line
of your error message was never \def'ed. If you have
misspelled it (e.g., `\hobx'), type `I' and the correct
spelling (e.g., `I\hbox'). Otherwise just continue,
and I'll forget about whatever was undefined.

Missing character: There is no [ ("5B) in font nullfont!
Missing character: There is no w ("77) in font nullfont!
Missing character: There is no i ("69) in font nullfont!
Missing character: There is no d ("64) in font nullfont!
Missing character: There is no t ("74) in font nullfont!
Missing character: There is no h ("68) in font nullfont!
Missing character: There is no = ("3D) in font nullfont!
Missing character: There is no 0 ("30) in font nullfont!
Missing character: There is no . ("2E) in font nullfont!
Missing character: There is no 7 ("37) in font nullfont!
! Missing number, treated as zero.
<to be read again> 
                   ]
l.372 ^^I\includegraphics[width=0.7\linewidth]
                                              {fig/导出成功提醒}
A number should have been here; I inserted `0'.
(If you can't figure out why I needed to see a number,
look up `weird error' in the index to The TeXbook.)

! Illegal unit of measure (pt inserted).
<to be read again> 
                   ]
l.372 ^^I\includegraphics[width=0.7\linewidth]
                                              {fig/导出成功提醒}
Dimensions can be in units of em, ex, in, pt, pc,
cm, mm, dd, cc, bp, or sp; but yours is a new one!
I'll assume that you meant to say pt, for printer's points.
To recover gracefully from this error, it's best to
delete the erroneous units; e.g., type `2' to delete
two letters. (See Chapter 27 of The TeXbook.)

Missing character: There is no ] ("5D) in font nullfont!
Missing character: There is no f ("66) in font nullfont!
Missing character: There is no i ("69) in font nullfont!
Missing character: There is no g ("67) in font nullfont!
Missing character: There is no / ("2F) in font nullfont!
Missing character: There is no 导 ("5BFC) in font nullfont!
Missing character: There is no 出 ("51FA) in font nullfont!
Missing character: There is no 成 ("6210) in font nullfont!
Missing character: There is no 功 ("529F) in font nullfont!
Missing character: There is no 提 ("63D0) in font nullfont!
Missing character: There is no 醒 ("9192) in font nullfont!

! LaTeX Error: \caption outside float.

See the LaTeX manual or LaTeX Companion for explanation.
Type  H <return>  for immediate help.
 ...                                              
                                                  
l.373 ^^I\caption
                 {评审结果成功导出提醒}
You're in trouble here.  Try typing  <return>  to proceed.
If that doesn't work, type  X <return>  to quit.

Missing character: There is no 评 ("8BC4) in font nullfont!
Missing character: There is no 审 ("5BA1) in font nullfont!
Missing character: There is no 结 ("7ED3) in font nullfont!
Missing character: There is no 果 ("679C) in font nullfont!
Missing character: There is no 成 ("6210) in font nullfont!
Missing character: There is no 功 ("529F) in font nullfont!
Missing character: There is no 导 ("5BFC) in font nullfont!
Missing character: There is no 出 ("51FA) in font nullfont!
Missing character: There is no 提 ("63D0) in font nullfont!
Missing character: There is no 醒 ("9192) in font nullfont!

! LaTeX Error: \begin{document} ended by \end{figure}.

See the LaTeX manual or LaTeX Companion for explanation.
Type  H <return>  for immediate help.
 ...                                              
                                                  
l.375 \end{figure}
                  
Your command was ignored.
Type  I <command> <return>  to replace it with another command,
or  <return>  to continue without it.


Overfull \hbox (30.86pt too wide) in paragraph at lines 369--376
[][]
 []

Missing character: There is no 导 ("5BFC) in font nullfont!
Missing character: There is no 出 ("51FA) in font nullfont!
Missing character: There is no 的 ("7684) in font nullfont!
Missing character: There is no 文 ("6587) in font nullfont!
Missing character: There is no 件 ("4EF6) in font nullfont!
Missing character: There is no 的 ("7684) in font nullfont!
Missing character: There is no 信 ("4FE1) in font nullfont!
Missing character: There is no 息 ("606F) in font nullfont!
Missing character: There is no 如 ("5982) in font nullfont!
Missing character: There is no 图 ("56FE) in font nullfont!
! Undefined control sequence.
<write> ...nce `fig:评审结果导出文件的示例' on page \thepage 
                                                  \space undefined\on@line .^^J
l.377 导出的文件的信息如图\ref{fig:评审结果导出文件的示例}
                                     所示，包括学院，姓名，年级，班级，学号，所获奖项名称，获奖时间，奖项等级，项目...
The control sequence at the end of the top line
of your error message was never \def'ed. If you have
misspelled it (e.g., `\hobx'), type `I' and the correct
spelling (e.g., `I\hbox'). Otherwise just continue,
and I'll forget about whatever was undefined.


LaTeX Warning: Reference `fig:评审结果导出文件的示例' on page  undefined on input line 377
.

Missing character: There is no 所 ("6240) in font nullfont!
Missing character: There is no 示 ("793A) in font nullfont!
Missing character: There is no ， ("FF0C) in font nullfont!
Missing character: There is no 包 ("5305) in font nullfont!
Missing character: There is no 括 ("62EC) in font nullfont!
Missing character: There is no 学 ("5B66) in font nullfont!
Missing character: There is no 院 ("9662) in font nullfont!
Missing character: There is no ， ("FF0C) in font nullfont!
Missing character: There is no 姓 ("59D3) in font nullfont!
Missing character: There is no 名 ("540D) in font nullfont!
Missing character: There is no ， ("FF0C) in font nullfont!
Missing character: There is no 年 ("5E74) in font nullfont!
Missing character: There is no 级 ("7EA7) in font nullfont!
Missing character: There is no ， ("FF0C) in font nullfont!
Missing character: There is no 班 ("73ED) in font nullfont!
Missing character: There is no 级 ("7EA7) in font nullfont!
Missing character: There is no ， ("FF0C) in font nullfont!
Missing character: There is no 学 ("5B66) in font nullfont!
Missing character: There is no 号 ("53F7) in font nullfont!
Missing character: There is no ， ("FF0C) in font nullfont!
Missing character: There is no 所 ("6240) in font nullfont!
Missing character: There is no 获 ("83B7) in font nullfont!
Missing character: There is no 奖 ("5956) in font nullfont!
Missing character: There is no 项 ("9879) in font nullfont!
Missing character: There is no 名 ("540D) in font nullfont!
Missing character: There is no 称 ("79F0) in font nullfont!
Missing character: There is no ， ("FF0C) in font nullfont!
Missing character: There is no 获 ("83B7) in font nullfont!
Missing character: There is no 奖 ("5956) in font nullfont!
Missing character: There is no 时 ("65F6) in font nullfont!
Missing character: There is no 间 ("95F4) in font nullfont!
Missing character: There is no ， ("FF0C) in font nullfont!
Missing character: There is no 奖 ("5956) in font nullfont!
Missing character: There is no 项 ("9879) in font nullfont!
Missing character: There is no 等 ("7B49) in font nullfont!
Missing character: There is no 级 ("7EA7) in font nullfont!
Missing character: There is no ， ("FF0C) in font nullfont!
Missing character: There is no 项 ("9879) in font nullfont!
Missing character: There is no 目 ("76EE) in font nullfont!
Missing character: There is no 类 ("7C7B) in font nullfont!
Missing character: There is no 型 ("578B) in font nullfont!
Missing character: There is no ， ("FF0C) in font nullfont!
Missing character: There is no 评 ("8BC4) in font nullfont!
Missing character: There is no 定 ("5B9A) in font nullfont!
Missing character: There is no 等 ("7B49) in font nullfont!
Missing character: There is no 级 ("7EA7) in font nullfont!
Missing character: There is no ， ("FF0C) in font nullfont!
Missing character: There is no 认 ("8BA4) in font nullfont!
Missing character: There is no 定 ("5B9A) in font nullfont!
Missing character: There is no 情 ("60C5) in font nullfont!
Missing character: There is no 况 ("51B5) in font nullfont!
Missing character: There is no ， ("FF0C) in font nullfont!
Missing character: There is no 加 ("52A0) in font nullfont!
Missing character: There is no 分 ("5206) in font nullfont!
Missing character: There is no ， ("FF0C) in font nullfont!
Missing character: There is no 备 ("5907) in font nullfont!
Missing character: There is no 注 ("6CE8) in font nullfont!
Missing character: There is no 等 ("7B49) in font nullfont!
Missing character: There is no 所 ("6240) in font nullfont!
Missing character: There is no 有 ("6709) in font nullfont!
Missing character: There is no 信 ("4FE1) in font nullfont!
Missing character: There is no 息 ("606F) in font nullfont!
Missing character: There is no 。 ("3002) in font nullfont!

Overfull \hbox (30.86pt too wide) in paragraph at lines 377--378
[][] 
 []


! LaTeX Error: Environment figure undefined.

See the LaTeX manual or LaTeX Companion for explanation.
Type  H <return>  for immediate help.
 ...                                              
                                                  
l.379 \begin{figure}
                    [H]
Your command was ignored.
Type  I <command> <return>  to replace it with another command,
or  <return>  to continue without it.

Missing character: There is no [ ("5B) in font nullfont!
Missing character: There is no H ("48) in font nullfont!
Missing character: There is no ] ("5D) in font nullfont!
! Undefined control sequence.
l.381 ^^I\includegraphics
                         [width=1\linewidth]{fig/评审结果}
The control sequence at the end of the top line
of your error message was never \def'ed. If you have
misspelled it (e.g., `\hobx'), type `I' and the correct
spelling (e.g., `I\hbox'). Otherwise just continue,
and I'll forget about whatever was undefined.

Missing character: There is no [ ("5B) in font nullfont!
Missing character: There is no w ("77) in font nullfont!
Missing character: There is no i ("69) in font nullfont!
Missing character: There is no d ("64) in font nullfont!
Missing character: There is no t ("74) in font nullfont!
Missing character: There is no h ("68) in font nullfont!
Missing character: There is no = ("3D) in font nullfont!
Missing character: There is no 1 ("31) in font nullfont!
! Missing number, treated as zero.
<to be read again> 
                   ]
l.381 ^^I\includegraphics[width=1\linewidth]
                                            {fig/评审结果}
A number should have been here; I inserted `0'.
(If you can't figure out why I needed to see a number,
look up `weird error' in the index to The TeXbook.)

! Illegal unit of measure (pt inserted).
<to be read again> 
                   ]
l.381 ^^I\includegraphics[width=1\linewidth]
                                            {fig/评审结果}
Dimensions can be in units of em, ex, in, pt, pc,
cm, mm, dd, cc, bp, or sp; but yours is a new one!
I'll assume that you meant to say pt, for printer's points.
To recover gracefully from this error, it's best to
delete the erroneous units; e.g., type `2' to delete
two letters. (See Chapter 27 of The TeXbook.)

Missing character: There is no ] ("5D) in font nullfont!
Missing character: There is no f ("66) in font nullfont!
Missing character: There is no i ("69) in font nullfont!
Missing character: There is no g ("67) in font nullfont!
Missing character: There is no / ("2F) in font nullfont!
Missing character: There is no 评 ("8BC4) in font nullfont!
Missing character: There is no 审 ("5BA1) in font nullfont!
Missing character: There is no 结 ("7ED3) in font nullfont!
Missing character: There is no 果 ("679C) in font nullfont!

! LaTeX Error: \caption outside float.

See the LaTeX manual or LaTeX Companion for explanation.
Type  H <return>  for immediate help.
 ...                                              
                                                  
l.382 ^^I\caption
                 {评审结果导出文件的示例}
You're in trouble here.  Try typing  <return>  to proceed.
If that doesn't work, type  X <return>  to quit.

Missing character: There is no 评 ("8BC4) in font nullfont!
Missing character: There is no 审 ("5BA1) in font nullfont!
Missing character: There is no 结 ("7ED3) in font nullfont!
Missing character: There is no 果 ("679C) in font nullfont!
Missing character: There is no 导 ("5BFC) in font nullfont!
Missing character: There is no 出 ("51FA) in font nullfont!
Missing character: There is no 文 ("6587) in font nullfont!
Missing character: There is no 件 ("4EF6) in font nullfont!
Missing character: There is no 的 ("7684) in font nullfont!
Missing character: There is no 示 ("793A) in font nullfont!
Missing character: There is no 例 ("4F8B) in font nullfont!

! LaTeX Error: \begin{document} ended by \end{figure}.

See the LaTeX manual or LaTeX Companion for explanation.
Type  H <return>  for immediate help.
 ...                                              
                                                  
l.384 \end{figure}
                  
Your command was ignored.
Type  I <command> <return>  to replace it with another command,
or  <return>  to continue without it.


Overfull \hbox (20.0pt too wide) in paragraph at lines 379--385
[]
 []

! Undefined control sequence.
l.387 \textcolor
                {mygreen}{
The control sequence at the end of the top line
of your error message was never \def'ed. If you have
misspelled it (e.g., `\hobx'), type `I' and the correct
spelling (e.g., `I\hbox'). Otherwise just continue,
and I'll forget about whatever was undefined.

Missing character: There is no m ("6D) in font nullfont!
Missing character: There is no y ("79) in font nullfont!
Missing character: There is no g ("67) in font nullfont!
Missing character: There is no r ("72) in font nullfont!
Missing character: There is no e ("65) in font nullfont!
Missing character: There is no e ("65) in font nullfont!
Missing character: There is no n ("6E) in font nullfont!
! Undefined control sequence.
l.388 ^^I\section
                 {批量评审结果导出}
The control sequence at the end of the top line
of your error message was never \def'ed. If you have
misspelled it (e.g., `\hobx'), type `I' and the correct
spelling (e.g., `I\hbox'). Otherwise just continue,
and I'll forget about whatever was undefined.

Missing character: There is no 批 ("6279) in font nullfont!
Missing character: There is no 量 ("91CF) in font nullfont!
Missing character: There is no 评 ("8BC4) in font nullfont!
Missing character: There is no 审 ("5BA1) in font nullfont!
Missing character: There is no 结 ("7ED3) in font nullfont!
Missing character: There is no 果 ("679C) in font nullfont!
Missing character: There is no 导 ("5BFC) in font nullfont!
Missing character: There is no 出 ("51FA) in font nullfont!
Missing character: There is no 版 ("7248) in font nullfont!
Missing character: There is no 本 ("672C) in font nullfont!
Missing character: There is no V ("56) in font nullfont!
Missing character: There is no 3 ("33) in font nullfont!
Missing character: There is no . ("2E) in font nullfont!
Missing character: There is no 0 ("30) in font nullfont!
Missing character: There is no 更 ("66F4) in font nullfont!
Missing character: There is no 新 ("65B0) in font nullfont!
Missing character: There is no 中 ("4E2D) in font nullfont!
Missing character: There is no ， ("FF0C) in font nullfont!
Missing character: There is no 新 ("65B0) in font nullfont!
Missing character: There is no 支 ("652F) in font nullfont!
Missing character: There is no 持 ("6301) in font nullfont!
Missing character: There is no 了 ("4E86) in font nullfont!
Missing character: There is no 批 ("6279) in font nullfont!
Missing character: There is no 量 ("91CF) in font nullfont!
Missing character: There is no 处 ("5904) in font nullfont!
Missing character: There is no 理 ("7406) in font nullfont!
Missing character: There is no 操 ("64CD) in font nullfont!
Missing character: There is no 作 ("4F5C) in font nullfont!
Missing character: There is no ， ("FF0C) in font nullfont!
Missing character: There is no 为 ("4E3A) in font nullfont!
Missing character: There is no 了 ("4E86) in font nullfont!
Missing character: There is no 适 ("9002) in font nullfont!
Missing character: There is no 配 ("914D) in font nullfont!
Missing character: There is no 新 ("65B0) in font nullfont!
Missing character: There is no 功 ("529F) in font nullfont!
Missing character: There is no 能 ("80FD) in font nullfont!
Missing character: There is no ， ("FF0C) in font nullfont!
Missing character: There is no 对 ("5BF9) in font nullfont!
Missing character: There is no 于 ("4E8E) in font nullfont!
Missing character: There is no 评 ("8BC4) in font nullfont!
Missing character: There is no 审 ("5BA1) in font nullfont!
Missing character: There is no 结 ("7ED3) in font nullfont!
Missing character: There is no 果 ("679C) in font nullfont!
Missing character: There is no 的 ("7684) in font nullfont!
Missing character: There is no 导 ("5BFC) in font nullfont!
Missing character: There is no 出 ("51FA) in font nullfont!
Missing character: There is no ， ("FF0C) in font nullfont!
Missing character: There is no 本 ("672C) in font nullfont!
Missing character: There is no 软 ("8F6F) in font nullfont!
Missing character: There is no 件 ("4EF6) in font nullfont!
Missing character: There is no 也 ("4E5F) in font nullfont!
Missing character: There is no 对 ("5BF9) in font nullfont!
Missing character: There is no 应 ("5E94) in font nullfont!
Missing character: There is no 新 ("65B0) in font nullfont!
Missing character: There is no 增 ("589E) in font nullfont!
Missing character: There is no 了 ("4E86) in font nullfont!
Missing character: There is no “ ("201C) in font nullfont!
Missing character: There is no 批 ("6279) in font nullfont!
Missing character: There is no 量 ("91CF) in font nullfont!
Missing character: There is no 评 ("8BC4) in font nullfont!
Missing character: There is no 审 ("5BA1) in font nullfont!
Missing character: There is no 结 ("7ED3) in font nullfont!
Missing character: There is no 果 ("679C) in font nullfont!
Missing character: There is no 导 ("5BFC) in font nullfont!
Missing character: There is no 出 ("51FA) in font nullfont!
Missing character: There is no ” ("201D) in font nullfont!
Missing character: There is no 功 ("529F) in font nullfont!
Missing character: There is no 能 ("80FD) in font nullfont!
Missing character: There is no 按 ("6309) in font nullfont!
Missing character: There is no 钮 ("94AE) in font nullfont!
Missing character: There is no ， ("FF0C) in font nullfont!
Missing character: There is no 支 ("652F) in font nullfont!
Missing character: There is no 持 ("6301) in font nullfont!
Missing character: There is no 对 ("5BF9) in font nullfont!
Missing character: There is no 批 ("6279) in font nullfont!
Missing character: There is no 量 ("91CF) in font nullfont!
Missing character: There is no 评 ("8BC4) in font nullfont!
Missing character: There is no 审 ("5BA1) in font nullfont!
Missing character: There is no 的 ("7684) in font nullfont!
Missing character: There is no 结 ("7ED3) in font nullfont!
Missing character: There is no 果 ("679C) in font nullfont!
Missing character: There is no 进 ("8FDB) in font nullfont!
Missing character: There is no 行 ("884C) in font nullfont!
Missing character: There is no 输 ("8F93) in font nullfont!
Missing character: There is no 出 ("51FA) in font nullfont!
Missing character: There is no 。 ("3002) in font nullfont!
Missing character: There is no 在 ("5728) in font nullfont!
Missing character: There is no 点 ("70B9) in font nullfont!
Missing character: There is no 击 ("51FB) in font nullfont!
Missing character: There is no 【 ("3010) in font nullfont!
Missing character: There is no 批 ("6279) in font nullfont!
Missing character: There is no 量 ("91CF) in font nullfont!
Missing character: There is no 评 ("8BC4) in font nullfont!
Missing character: There is no 审 ("5BA1) in font nullfont!
Missing character: There is no 结 ("7ED3) in font nullfont!
Missing character: There is no 果 ("679C) in font nullfont!
Missing character: There is no 导 ("5BFC) in font nullfont!
Missing character: There is no 出 ("51FA) in font nullfont!
Missing character: There is no 】 ("3011) in font nullfont!
Missing character: There is no 后 ("540E) in font nullfont!
Missing character: There is no ， ("FF0C) in font nullfont!
Missing character: There is no 选 ("9009) in font nullfont!
Missing character: There is no 择 ("62E9) in font nullfont!
Missing character: There is no 文 ("6587) in font nullfont!
Missing character: There is no 件 ("4EF6) in font nullfont!
Missing character: There is no 导 ("5BFC) in font nullfont!
Missing character: There is no 出 ("51FA) in font nullfont!
Missing character: There is no 地 ("5730) in font nullfont!
Missing character: There is no 址 ("5740) in font nullfont!
Missing character: There is no 后 ("540E) in font nullfont!
Missing character: There is no ， ("FF0C) in font nullfont!
Missing character: There is no 输 ("8F93) in font nullfont!
Missing character: There is no 出 ("51FA) in font nullfont!
Missing character: There is no 结 ("7ED3) in font nullfont!
Missing character: There is no 果 ("679C) in font nullfont!
Missing character: There is no 如 ("5982) in font nullfont!
Missing character: There is no 图 ("56FE) in font nullfont!
! Undefined control sequence.
<write> ... `fig:版本V3.0批量评审结果导出' on page \thepage 
                                                  \space undefined\on@line .^^J
l.389 ...，选择文件导出地址后，输出结果如图\ref{fig:版本V3.0批量评审结果导出}
                                                  所示，将在选定地址中输出每位学生递交的材料的结果文件...
The control sequence at the end of the top line
of your error message was never \def'ed. If you have
misspelled it (e.g., `\hobx'), type `I' and the correct
spelling (e.g., `I\hbox'). Otherwise just continue,
and I'll forget about whatever was undefined.


LaTeX Warning: Reference `fig:版本V3.0批量评审结果导出' on page  undefined on input line 
389.

Missing character: There is no 所 ("6240) in font nullfont!
Missing character: There is no 示 ("793A) in font nullfont!
Missing character: There is no ， ("FF0C) in font nullfont!
Missing character: There is no 将 ("5C06) in font nullfont!
Missing character: There is no 在 ("5728) in font nullfont!
Missing character: There is no 选 ("9009) in font nullfont!
Missing character: There is no 定 ("5B9A) in font nullfont!
Missing character: There is no 地 ("5730) in font nullfont!
Missing character: There is no 址 ("5740) in font nullfont!
Missing character: There is no 中 ("4E2D) in font nullfont!
Missing character: There is no 输 ("8F93) in font nullfont!
Missing character: There is no 出 ("51FA) in font nullfont!
Missing character: There is no 每 ("6BCF) in font nullfont!
Missing character: There is no 位 ("4F4D) in font nullfont!
Missing character: There is no 学 ("5B66) in font nullfont!
Missing character: There is no 生 ("751F) in font nullfont!
Missing character: There is no 递 ("9012) in font nullfont!
Missing character: There is no 交 ("4EA4) in font nullfont!
Missing character: There is no 的 ("7684) in font nullfont!
Missing character: There is no 材 ("6750) in font nullfont!
Missing character: There is no 料 ("6599) in font nullfont!
Missing character: There is no 的 ("7684) in font nullfont!
Missing character: There is no 结 ("7ED3) in font nullfont!
Missing character: There is no 果 ("679C) in font nullfont!
Missing character: There is no 文 ("6587) in font nullfont!
Missing character: There is no 件 ("4EF6) in font nullfont!
Missing character: There is no 和 ("548C) in font nullfont!
Missing character: There is no 全 ("5168) in font nullfont!
Missing character: There is no 部 ("90E8) in font nullfont!
Missing character: There is no 学 ("5B66) in font nullfont!
Missing character: There is no 生 ("751F) in font nullfont!
Missing character: There is no 评 ("8BC4) in font nullfont!
Missing character: There is no 审 ("5BA1) in font nullfont!
Missing character: There is no 结 ("7ED3) in font nullfont!
Missing character: There is no 果 ("679C) in font nullfont!
Missing character: There is no 总 ("603B) in font nullfont!
Missing character: There is no 表 ("8868) in font nullfont!
Missing character: There is no ， ("FF0C) in font nullfont!
Missing character: There is no 其 ("5176) in font nullfont!
Missing character: There is no 中 ("4E2D) in font nullfont!
Missing character: There is no 单 ("5355) in font nullfont!
Missing character: There is no 个 ("4E2A) in font nullfont!
Missing character: There is no 结 ("7ED3) in font nullfont!
Missing character: There is no 果 ("679C) in font nullfont!
Missing character: There is no 内 ("5185) in font nullfont!
Missing character: There is no 容 ("5BB9) in font nullfont!
Missing character: There is no 与 ("4E0E) in font nullfont!
Missing character: There is no 单 ("5355) in font nullfont!
Missing character: There is no 文 ("6587) in font nullfont!
Missing character: There is no 件 ("4EF6) in font nullfont!
Missing character: There is no 评 ("8BC4) in font nullfont!
Missing character: There is no 审 ("5BA1) in font nullfont!
Missing character: There is no 结 ("7ED3) in font nullfont!
Missing character: There is no 果 ("679C) in font nullfont!
Missing character: There is no 一 ("4E00) in font nullfont!
Missing character: There is no 致 ("81F4) in font nullfont!
Missing character: There is no ， ("FF0C) in font nullfont!
Missing character: There is no 即 ("5373) in font nullfont!
Missing character: There is no 如 ("5982) in font nullfont!
Missing character: There is no 图 ("56FE) in font nullfont!
! Undefined control sequence.
<write> ...nce `fig:评审结果导出文件的示例' on page \thepage 
                                                  \space undefined\on@line .^^J
l.389 ...单个结果内容与单文件评审结果一致，即如图\ref{fig:评审结果导出文件的示例}
                                                  ，全部学生评审结果总表内容如图\ref{fig:版本...
The control sequence at the end of the top line
of your error message was never \def'ed. If you have
misspelled it (e.g., `\hobx'), type `I' and the correct
spelling (e.g., `I\hbox'). Otherwise just continue,
and I'll forget about whatever was undefined.


LaTeX Warning: Reference `fig:评审结果导出文件的示例' on page  undefined on input line 389
.

Missing character: There is no ， ("FF0C) in font nullfont!
Missing character: There is no 全 ("5168) in font nullfont!
Missing character: There is no 部 ("90E8) in font nullfont!
Missing character: There is no 学 ("5B66) in font nullfont!
Missing character: There is no 生 ("751F) in font nullfont!
Missing character: There is no 评 ("8BC4) in font nullfont!
Missing character: There is no 审 ("5BA1) in font nullfont!
Missing character: There is no 结 ("7ED3) in font nullfont!
Missing character: There is no 果 ("679C) in font nullfont!
Missing character: There is no 总 ("603B) in font nullfont!
Missing character: There is no 表 ("8868) in font nullfont!
Missing character: There is no 内 ("5185) in font nullfont!
Missing character: There is no 容 ("5BB9) in font nullfont!
Missing character: There is no 如 ("5982) in font nullfont!
Missing character: There is no 图 ("56FE) in font nullfont!
! Undefined control sequence.
<write> ...g:版本V3.0批量评审结果导出总表示例' on page \thepage 
                                                  \space undefined\on@line .^^J
l.389 ...部学生评审结果总表内容如图\ref{fig:版本V3.0批量评审结果导出总表示例}
                                                  所示。}^^I
The control sequence at the end of the top line
of your error message was never \def'ed. If you have
misspelled it (e.g., `\hobx'), type `I' and the correct
spelling (e.g., `I\hbox'). Otherwise just continue,
and I'll forget about whatever was undefined.


LaTeX Warning: Reference `fig:版本V3.0批量评审结果导出总表示例' on page  undefined on input l
ine 389.

Missing character: There is no 所 ("6240) in font nullfont!
Missing character: There is no 示 ("793A) in font nullfont!
Missing character: There is no 。 ("3002) in font nullfont!

! LaTeX Error: Environment figure undefined.

See the LaTeX manual or LaTeX Companion for explanation.
Type  H <return>  for immediate help.
 ...                                              
                                                  
l.390 \begin{figure}
                    
Your command was ignored.
Type  I <command> <return>  to replace it with another command,
or  <return>  to continue without it.

! Undefined control sequence.
l.392 ^^I\includegraphics
                         [width=0.7\linewidth]{fig/3.0批量评审结果导出}
The control sequence at the end of the top line
of your error message was never \def'ed. If you have
misspelled it (e.g., `\hobx'), type `I' and the correct
spelling (e.g., `I\hbox'). Otherwise just continue,
and I'll forget about whatever was undefined.

Missing character: There is no [ ("5B) in font nullfont!
Missing character: There is no w ("77) in font nullfont!
Missing character: There is no i ("69) in font nullfont!
Missing character: There is no d ("64) in font nullfont!
Missing character: There is no t ("74) in font nullfont!
Missing character: There is no h ("68) in font nullfont!
Missing character: There is no = ("3D) in font nullfont!
Missing character: There is no 0 ("30) in font nullfont!
Missing character: There is no . ("2E) in font nullfont!
Missing character: There is no 7 ("37) in font nullfont!
! Missing number, treated as zero.
<to be read again> 
                   ]
l.392 ^^I\includegraphics[width=0.7\linewidth]
                                              {fig/3.0批量评审结果导出}
A number should have been here; I inserted `0'.
(If you can't figure out why I needed to see a number,
look up `weird error' in the index to The TeXbook.)

! Illegal unit of measure (pt inserted).
<to be read again> 
                   ]
l.392 ^^I\includegraphics[width=0.7\linewidth]
                                              {fig/3.0批量评审结果导出}
Dimensions can be in units of em, ex, in, pt, pc,
cm, mm, dd, cc, bp, or sp; but yours is a new one!
I'll assume that you meant to say pt, for printer's points.
To recover gracefully from this error, it's best to
delete the erroneous units; e.g., type `2' to delete
two letters. (See Chapter 27 of The TeXbook.)

Missing character: There is no ] ("5D) in font nullfont!
Missing character: There is no f ("66) in font nullfont!
Missing character: There is no i ("69) in font nullfont!
Missing character: There is no g ("67) in font nullfont!
Missing character: There is no / ("2F) in font nullfont!
Missing character: There is no 3 ("33) in font nullfont!
Missing character: There is no . ("2E) in font nullfont!
Missing character: There is no 0 ("30) in font nullfont!
Missing character: There is no 批 ("6279) in font nullfont!
Missing character: There is no 量 ("91CF) in font nullfont!
Missing character: There is no 评 ("8BC4) in font nullfont!
Missing character: There is no 审 ("5BA1) in font nullfont!
Missing character: There is no 结 ("7ED3) in font nullfont!
Missing character: There is no 果 ("679C) in font nullfont!
Missing character: There is no 导 ("5BFC) in font nullfont!
Missing character: There is no 出 ("51FA) in font nullfont!

! LaTeX Error: \caption outside float.

See the LaTeX manual or LaTeX Companion for explanation.
Type  H <return>  for immediate help.
 ...                                              
                                                  
l.393 ^^I\caption
                 {版本V3.0批量评审结果导出}
You're in trouble here.  Try typing  <return>  to proceed.
If that doesn't work, type  X <return>  to quit.

Missing character: There is no 版 ("7248) in font nullfont!
Missing character: There is no 本 ("672C) in font nullfont!
Missing character: There is no V ("56) in font nullfont!
Missing character: There is no 3 ("33) in font nullfont!
Missing character: There is no . ("2E) in font nullfont!
Missing character: There is no 0 ("30) in font nullfont!
Missing character: There is no 批 ("6279) in font nullfont!
Missing character: There is no 量 ("91CF) in font nullfont!
Missing character: There is no 评 ("8BC4) in font nullfont!
Missing character: There is no 审 ("5BA1) in font nullfont!
Missing character: There is no 结 ("7ED3) in font nullfont!
Missing character: There is no 果 ("679C) in font nullfont!
Missing character: There is no 导 ("5BFC) in font nullfont!
Missing character: There is no 出 ("51FA) in font nullfont!

! LaTeX Error: \begin{document} ended by \end{figure}.

See the LaTeX manual or LaTeX Companion for explanation.
Type  H <return>  for immediate help.
 ...                                              
                                                  
l.395 \end{figure}
                  
Your command was ignored.
Type  I <command> <return>  to replace it with another command,
or  <return>  to continue without it.


Overfull \hbox (20.0pt too wide) in paragraph at lines 387--396
[]
 []


Overfull \hbox (32.58pt too wide) in paragraph at lines 387--396
[][][]
 []


! LaTeX Error: Environment figure undefined.

See the LaTeX manual or LaTeX Companion for explanation.
Type  H <return>  for immediate help.
 ...                                              
                                                  
l.397 \begin{figure}
                    
Your command was ignored.
Type  I <command> <return>  to replace it with another command,
or  <return>  to continue without it.

! Undefined control sequence.
l.399 ^^I\includegraphics
                         [width=0.7\linewidth]{fig/3.0批量评审结果导出总表}
The control sequence at the end of the top line
of your error message was never \def'ed. If you have
misspelled it (e.g., `\hobx'), type `I' and the correct
spelling (e.g., `I\hbox'). Otherwise just continue,
and I'll forget about whatever was undefined.

Missing character: There is no [ ("5B) in font nullfont!
Missing character: There is no w ("77) in font nullfont!
Missing character: There is no i ("69) in font nullfont!
Missing character: There is no d ("64) in font nullfont!
Missing character: There is no t ("74) in font nullfont!
Missing character: There is no h ("68) in font nullfont!
Missing character: There is no = ("3D) in font nullfont!
Missing character: There is no 0 ("30) in font nullfont!
Missing character: There is no . ("2E) in font nullfont!
Missing character: There is no 7 ("37) in font nullfont!
! Missing number, treated as zero.
<to be read again> 
                   ]
l.399 ^^I\includegraphics[width=0.7\linewidth]
                                              {fig/3.0批量评审结果导出总表}
A number should have been here; I inserted `0'.
(If you can't figure out why I needed to see a number,
look up `weird error' in the index to The TeXbook.)

! Illegal unit of measure (pt inserted).
<to be read again> 
                   ]
l.399 ^^I\includegraphics[width=0.7\linewidth]
                                              {fig/3.0批量评审结果导出总表}
Dimensions can be in units of em, ex, in, pt, pc,
cm, mm, dd, cc, bp, or sp; but yours is a new one!
I'll assume that you meant to say pt, for printer's points.
To recover gracefully from this error, it's best to
delete the erroneous units; e.g., type `2' to delete
two letters. (See Chapter 27 of The TeXbook.)

Missing character: There is no ] ("5D) in font nullfont!
Missing character: There is no f ("66) in font nullfont!
Missing character: There is no i ("69) in font nullfont!
Missing character: There is no g ("67) in font nullfont!
Missing character: There is no / ("2F) in font nullfont!
Missing character: There is no 3 ("33) in font nullfont!
Missing character: There is no . ("2E) in font nullfont!
Missing character: There is no 0 ("30) in font nullfont!
Missing character: There is no 批 ("6279) in font nullfont!
Missing character: There is no 量 ("91CF) in font nullfont!
Missing character: There is no 评 ("8BC4) in font nullfont!
Missing character: There is no 审 ("5BA1) in font nullfont!
Missing character: There is no 结 ("7ED3) in font nullfont!
Missing character: There is no 果 ("679C) in font nullfont!
Missing character: There is no 导 ("5BFC) in font nullfont!
Missing character: There is no 出 ("51FA) in font nullfont!
Missing character: There is no 总 ("603B) in font nullfont!
Missing character: There is no 表 ("8868) in font nullfont!

! LaTeX Error: \caption outside float.

See the LaTeX manual or LaTeX Companion for explanation.
Type  H <return>  for immediate help.
 ...                                              
                                                  
l.400 ^^I\caption
                 {版本V3.0批量评审结果导出总表示例}
You're in trouble here.  Try typing  <return>  to proceed.
If that doesn't work, type  X <return>  to quit.

Missing character: There is no 版 ("7248) in font nullfont!
Missing character: There is no 本 ("672C) in font nullfont!
Missing character: There is no V ("56) in font nullfont!
Missing character: There is no 3 ("33) in font nullfont!
Missing character: There is no . ("2E) in font nullfont!
Missing character: There is no 0 ("30) in font nullfont!
Missing character: There is no 批 ("6279) in font nullfont!
Missing character: There is no 量 ("91CF) in font nullfont!
Missing character: There is no 评 ("8BC4) in font nullfont!
Missing character: There is no 审 ("5BA1) in font nullfont!
Missing character: There is no 结 ("7ED3) in font nullfont!
Missing character: There is no 果 ("679C) in font nullfont!
Missing character: There is no 导 ("5BFC) in font nullfont!
Missing character: There is no 出 ("51FA) in font nullfont!
Missing character: There is no 总 ("603B) in font nullfont!
Missing character: There is no 表 ("8868) in font nullfont!
Missing character: There is no 示 ("793A) in font nullfont!
Missing character: There is no 例 ("4F8B) in font nullfont!

! LaTeX Error: \begin{document} ended by \end{figure}.

See the LaTeX manual or LaTeX Companion for explanation.
Type  H <return>  for immediate help.
 ...                                              
                                                  
l.402 \end{figure}
                  
Your command was ignored.
Type  I <command> <return>  to replace it with another command,
or  <return>  to continue without it.

! Undefined control sequence.
l.405 \textcolor
                {mygreen}{^^I
The control sequence at the end of the top line
of your error message was never \def'ed. If you have
misspelled it (e.g., `\hobx'), type `I' and the correct
spelling (e.g., `I\hbox'). Otherwise just continue,
and I'll forget about whatever was undefined.

Missing character: There is no m ("6D) in font nullfont!
Missing character: There is no y ("79) in font nullfont!
Missing character: There is no g ("67) in font nullfont!
Missing character: There is no r ("72) in font nullfont!
Missing character: There is no e ("65) in font nullfont!
Missing character: There is no e ("65) in font nullfont!
Missing character: There is no n ("6E) in font nullfont!
Missing character: There is no 若 ("82E5) in font nullfont!
Missing character: There is no 采 ("91C7) in font nullfont!
Missing character: There is no 用 ("7528) in font nullfont!
Missing character: There is no 自 ("81EA) in font nullfont!
Missing character: There is no 定 ("5B9A) in font nullfont!
Missing character: There is no 义 ("4E49) in font nullfont!
Missing character: There is no 加 ("52A0) in font nullfont!
Missing character: There is no 分 ("5206) in font nullfont!
Missing character: There is no 规 ("89C4) in font nullfont!
Missing character: There is no 则 ("5219) in font nullfont!
Missing character: There is no ， ("FF0C) in font nullfont!
Missing character: There is no 则 ("5219) in font nullfont!
Missing character: There is no 对 ("5BF9) in font nullfont!
Missing character: There is no 应 ("5E94) in font nullfont!
Missing character: There is no 的 ("7684) in font nullfont!
Missing character: There is no 项 ("9879) in font nullfont!
Missing character: There is no 目 ("76EE) in font nullfont!
Missing character: There is no 类 ("7C7B) in font nullfont!
Missing character: There is no 型 ("578B) in font nullfont!
Missing character: There is no 和 ("548C) in font nullfont!
Missing character: There is no 奖 ("5956) in font nullfont!
Missing character: There is no 项 ("9879) in font nullfont!
Missing character: There is no 级 ("7EA7) in font nullfont!
Missing character: There is no 别 ("522B) in font nullfont!
Missing character: There is no 均 ("5747) in font nullfont!
Missing character: There is no 按 ("6309) in font nullfont!
Missing character: There is no 照 ("7167) in font nullfont!
Missing character: There is no 新 ("65B0) in font nullfont!
Missing character: There is no 的 ("7684) in font nullfont!
Missing character: There is no 导 ("5BFC) in font nullfont!
Missing character: There is no 入 ("5165) in font nullfont!
Missing character: There is no 加 ("52A0) in font nullfont!
Missing character: There is no 分 ("5206) in font nullfont!
Missing character: There is no 详 ("8BE6) in font nullfont!
Missing character: There is no 情 ("60C5) in font nullfont!
Missing character: There is no 进 ("8FDB) in font nullfont!
Missing character: There is no 行 ("884C) in font nullfont!
Missing character: There is no 输 ("8F93) in font nullfont!
Missing character: There is no 出 ("51FA) in font nullfont!
Missing character: There is no ， ("FF0C) in font nullfont!
Missing character: There is no 如 ("5982) in font nullfont!
Missing character: There is no 图 ("56FE) in font nullfont!
! Undefined control sequence.
<write> ...3.0自定义加分批量评审结果导出总表示例' on page \thepage 
                                                  \space undefined\on@line .^^J
l.406 ...情进行输出，如图\ref{fig:版本V3.0自定义加分批量评审结果导出总表示例}
                                                  所示。
The control sequence at the end of the top line
of your error message was never \def'ed. If you have
misspelled it (e.g., `\hobx'), type `I' and the correct
spelling (e.g., `I\hbox'). Otherwise just continue,
and I'll forget about whatever was undefined.


LaTeX Warning: Reference `fig:版本V3.0自定义加分批量评审结果导出总表示例' on page  undefined on in
put line 406.

Missing character: There is no 所 ("6240) in font nullfont!
Missing character: There is no 示 ("793A) in font nullfont!
Missing character: There is no 。 ("3002) in font nullfont!

! LaTeX Error: Environment figure undefined.

See the LaTeX manual or LaTeX Companion for explanation.
Type  H <return>  for immediate help.
 ...                                              
                                                  
l.407 ^^I\begin{figure}
                       [h]
Your command was ignored.
Type  I <command> <return>  to replace it with another command,
or  <return>  to continue without it.

Missing character: There is no [ ("5B) in font nullfont!
Missing character: There is no h ("68) in font nullfont!
Missing character: There is no ] ("5D) in font nullfont!
! Undefined control sequence.
l.409 ^^I^^I\includegraphics
                            [width=0.7\linewidth]{fig/3.0自定义加分批量评审结果导出总表}
The control sequence at the end of the top line
of your error message was never \def'ed. If you have
misspelled it (e.g., `\hobx'), type `I' and the correct
spelling (e.g., `I\hbox'). Otherwise just continue,
and I'll forget about whatever was undefined.

Missing character: There is no [ ("5B) in font nullfont!
Missing character: There is no w ("77) in font nullfont!
Missing character: There is no i ("69) in font nullfont!
Missing character: There is no d ("64) in font nullfont!
Missing character: There is no t ("74) in font nullfont!
Missing character: There is no h ("68) in font nullfont!
Missing character: There is no = ("3D) in font nullfont!
Missing character: There is no 0 ("30) in font nullfont!
Missing character: There is no . ("2E) in font nullfont!
Missing character: There is no 7 ("37) in font nullfont!
! Missing number, treated as zero.
<to be read again> 
                   ]
l.409 ^^I^^I\includegraphics[width=0.7\linewidth]
                                                 {fig/3.0自定义加分批量评审结果导出总表}
A number should have been here; I inserted `0'.
(If you can't figure out why I needed to see a number,
look up `weird error' in the index to The TeXbook.)

! Illegal unit of measure (pt inserted).
<to be read again> 
                   ]
l.409 ^^I^^I\includegraphics[width=0.7\linewidth]
                                                 {fig/3.0自定义加分批量评审结果导出总表}
Dimensions can be in units of em, ex, in, pt, pc,
cm, mm, dd, cc, bp, or sp; but yours is a new one!
I'll assume that you meant to say pt, for printer's points.
To recover gracefully from this error, it's best to
delete the erroneous units; e.g., type `2' to delete
two letters. (See Chapter 27 of The TeXbook.)

Missing character: There is no ] ("5D) in font nullfont!
Missing character: There is no f ("66) in font nullfont!
Missing character: There is no i ("69) in font nullfont!
Missing character: There is no g ("67) in font nullfont!
Missing character: There is no / ("2F) in font nullfont!
Missing character: There is no 3 ("33) in font nullfont!
Missing character: There is no . ("2E) in font nullfont!
Missing character: There is no 0 ("30) in font nullfont!
Missing character: There is no 自 ("81EA) in font nullfont!
Missing character: There is no 定 ("5B9A) in font nullfont!
Missing character: There is no 义 ("4E49) in font nullfont!
Missing character: There is no 加 ("52A0) in font nullfont!
Missing character: There is no 分 ("5206) in font nullfont!
Missing character: There is no 批 ("6279) in font nullfont!
Missing character: There is no 量 ("91CF) in font nullfont!
Missing character: There is no 评 ("8BC4) in font nullfont!
Missing character: There is no 审 ("5BA1) in font nullfont!
Missing character: There is no 结 ("7ED3) in font nullfont!
Missing character: There is no 果 ("679C) in font nullfont!
Missing character: There is no 导 ("5BFC) in font nullfont!
Missing character: There is no 出 ("51FA) in font nullfont!
Missing character: There is no 总 ("603B) in font nullfont!
Missing character: There is no 表 ("8868) in font nullfont!

! LaTeX Error: \caption outside float.

See the LaTeX manual or LaTeX Companion for explanation.
Type  H <return>  for immediate help.
 ...                                              
                                                  
l.410 ^^I^^I\caption
                    {版本V3.0自定义加分批量评审结果导出总表示例}
You're in trouble here.  Try typing  <return>  to proceed.
If that doesn't work, type  X <return>  to quit.

Missing character: There is no 版 ("7248) in font nullfont!
Missing character: There is no 本 ("672C) in font nullfont!
Missing character: There is no V ("56) in font nullfont!
Missing character: There is no 3 ("33) in font nullfont!
Missing character: There is no . ("2E) in font nullfont!
Missing character: There is no 0 ("30) in font nullfont!
Missing character: There is no 自 ("81EA) in font nullfont!
Missing character: There is no 定 ("5B9A) in font nullfont!
Missing character: There is no 义 ("4E49) in font nullfont!
Missing character: There is no 加 ("52A0) in font nullfont!
Missing character: There is no 分 ("5206) in font nullfont!
Missing character: There is no 批 ("6279) in font nullfont!
Missing character: There is no 量 ("91CF) in font nullfont!
Missing character: There is no 评 ("8BC4) in font nullfont!
Missing character: There is no 审 ("5BA1) in font nullfont!
Missing character: There is no 结 ("7ED3) in font nullfont!
Missing character: There is no 果 ("679C) in font nullfont!
Missing character: There is no 导 ("5BFC) in font nullfont!
Missing character: There is no 出 ("51FA) in font nullfont!
Missing character: There is no 总 ("603B) in font nullfont!
Missing character: There is no 表 ("8868) in font nullfont!
Missing character: There is no 示 ("793A) in font nullfont!
Missing character: There is no 例 ("4F8B) in font nullfont!

! LaTeX Error: \begin{document} ended by \end{figure}.

See the LaTeX manual or LaTeX Companion for explanation.
Type  H <return>  for immediate help.
 ...                                              
                                                  
l.412 ^^I\end{figure}
                     
Your command was ignored.
Type  I <command> <return>  to replace it with another command,
or  <return>  to continue without it.


Overfull \hbox (20.0pt too wide) in paragraph at lines 405--414
[]
 []


Overfull \hbox (10.86pt too wide) in paragraph at lines 405--414
[]
 []

! Undefined control sequence.
l.418 \section
              {统计结果导出}
The control sequence at the end of the top line
of your error message was never \def'ed. If you have
misspelled it (e.g., `\hobx'), type `I' and the correct
spelling (e.g., `I\hbox'). Otherwise just continue,
and I'll forget about whatever was undefined.

Missing character: There is no 统 ("7EDF) in font nullfont!
Missing character: There is no 计 ("8BA1) in font nullfont!
Missing character: There is no 结 ("7ED3) in font nullfont!
Missing character: There is no 果 ("679C) in font nullfont!
Missing character: There is no 导 ("5BFC) in font nullfont!
Missing character: There is no 出 ("51FA) in font nullfont!
Missing character: There is no 当 ("5F53) in font nullfont!
Missing character: There is no 所 ("6240) in font nullfont!
Missing character: There is no 有 ("6709) in font nullfont!
Missing character: There is no 的 ("7684) in font nullfont!
Missing character: There is no 加 ("52A0) in font nullfont!
Missing character: There is no 分 ("5206) in font nullfont!
Missing character: There is no 项 ("9879) in font nullfont!
Missing character: There is no 目 ("76EE) in font nullfont!
Missing character: There is no 完 ("5B8C) in font nullfont!
Missing character: There is no 成 ("6210) in font nullfont!
Missing character: There is no 评 ("8BC4) in font nullfont!
Missing character: There is no 审 ("5BA1) in font nullfont!
Missing character: There is no 后 ("540E) in font nullfont!
Missing character: There is no ， ("FF0C) in font nullfont!
Missing character: There is no 点 ("70B9) in font nullfont!
Missing character: There is no 击 ("51FB) in font nullfont!
Missing character: There is no “ ("201C) in font nullfont!
Missing character: There is no 评 ("8BC4) in font nullfont!
Missing character: There is no 审 ("5BA1) in font nullfont!
Missing character: There is no 结 ("7ED3) in font nullfont!
Missing character: There is no 果 ("679C) in font nullfont!
Missing character: There is no 导 ("5BFC) in font nullfont!
Missing character: There is no 出 ("51FA) in font nullfont!
Missing character: There is no E ("45) in font nullfont!
Missing character: There is no x ("78) in font nullfont!
Missing character: There is no c ("63) in font nullfont!
Missing character: There is no e ("65) in font nullfont!
Missing character: There is no l ("6C) in font nullfont!
Missing character: There is no ” ("201D) in font nullfont!
Missing character: There is no ， ("FF0C) in font nullfont!
Missing character: There is no 会 ("4F1A) in font nullfont!
Missing character: There is no 弹 ("5F39) in font nullfont!
Missing character: There is no 窗 ("7A97) in font nullfont!
Missing character: There is no 选 ("9009) in font nullfont!
Missing character: There is no 择 ("62E9) in font nullfont!
Missing character: There is no 文 ("6587) in font nullfont!
Missing character: There is no 件 ("4EF6) in font nullfont!
Missing character: There is no 保 ("4FDD) in font nullfont!
Missing character: There is no 存 ("5B58) in font nullfont!
Missing character: There is no 位 ("4F4D) in font nullfont!
Missing character: There is no 置 ("7F6E) in font nullfont!
Missing character: There is no 和 ("548C) in font nullfont!
Missing character: There is no 文 ("6587) in font nullfont!
Missing character: There is no 件 ("4EF6) in font nullfont!
Missing character: There is no 名 ("540D) in font nullfont!
Missing character: There is no 称 ("79F0) in font nullfont!
Missing character: There is no ， ("FF0C) in font nullfont!
Missing character: There is no 默 ("9ED8) in font nullfont!
Missing character: There is no 认 ("8BA4) in font nullfont!
Missing character: There is no 文 ("6587) in font nullfont!
Missing character: There is no 件 ("4EF6) in font nullfont!
Missing character: There is no 名 ("540D) in font nullfont!
Missing character: There is no 称 ("79F0) in font nullfont!
Missing character: There is no 为 ("4E3A) in font nullfont!
Missing character: There is no “ ("201C) in font nullfont!
Missing character: There is no 学 ("5B66) in font nullfont!
Missing character: There is no 院 ("9662) in font nullfont!
Missing character: There is no 姓 ("59D3) in font nullfont!
Missing character: There is no 名 ("540D) in font nullfont!
Missing character: There is no 年 ("5E74) in font nullfont!
Missing character: There is no 级 ("7EA7) in font nullfont!
Missing character: There is no 专 ("4E13) in font nullfont!
Missing character: There is no 业 ("4E1A) in font nullfont!
Missing character: There is no 学 ("5B66) in font nullfont!
Missing character: There is no 号 ("53F7) in font nullfont!
Missing character: There is no 统 ("7EDF) in font nullfont!
Missing character: There is no 计 ("8BA1) in font nullfont!
Missing character: There is no . ("2E) in font nullfont!
Missing character: There is no x ("78) in font nullfont!
Missing character: There is no l ("6C) in font nullfont!
Missing character: There is no s ("73) in font nullfont!
Missing character: There is no x ("78) in font nullfont!
Missing character: There is no ” ("201D) in font nullfont!
Missing character: There is no ， ("FF0C) in font nullfont!
Missing character: There is no 如 ("5982) in font nullfont!
Missing character: There is no 图 ("56FE) in font nullfont!
! Undefined control sequence.
<write> ...eference `fig:统计结果导出' on page \thepage 
                                                  \space undefined\on@line .^^J
l.419 ...\_年级\_专业\_学号\_统计.xlsx”，如图\ref{fig:统计结果导出}
                                                  所示。如果未选择保存位置，亦会如图\ref{fig:...
The control sequence at the end of the top line
of your error message was never \def'ed. If you have
misspelled it (e.g., `\hobx'), type `I' and the correct
spelling (e.g., `I\hbox'). Otherwise just continue,
and I'll forget about whatever was undefined.


LaTeX Warning: Reference `fig:统计结果导出' on page  undefined on input line 419.

Missing character: There is no 所 ("6240) in font nullfont!
Missing character: There is no 示 ("793A) in font nullfont!
Missing character: There is no 。 ("3002) in font nullfont!
Missing character: There is no 如 ("5982) in font nullfont!
Missing character: There is no 果 ("679C) in font nullfont!
Missing character: There is no 未 ("672A) in font nullfont!
Missing character: There is no 选 ("9009) in font nullfont!
Missing character: There is no 择 ("62E9) in font nullfont!
Missing character: There is no 保 ("4FDD) in font nullfont!
Missing character: There is no 存 ("5B58) in font nullfont!
Missing character: There is no 位 ("4F4D) in font nullfont!
Missing character: There is no 置 ("7F6E) in font nullfont!
Missing character: There is no ， ("FF0C) in font nullfont!
Missing character: There is no 亦 ("4EA6) in font nullfont!
Missing character: There is no 会 ("4F1A) in font nullfont!
Missing character: There is no 如 ("5982) in font nullfont!
Missing character: There is no 图 ("56FE) in font nullfont!
! Undefined control sequence.
<write> ...ence `fig:文件路径未选择提醒1' on page \thepage 
                                                  \space undefined\on@line .^^J
l.419 ...果导出}所示。如果未选择保存位置，亦会如图\ref{fig:文件路径未选择提醒1}
                                                  弹窗提示用户。
The control sequence at the end of the top line
of your error message was never \def'ed. If you have
misspelled it (e.g., `\hobx'), type `I' and the correct
spelling (e.g., `I\hbox'). Otherwise just continue,
and I'll forget about whatever was undefined.


LaTeX Warning: Reference `fig:文件路径未选择提醒1' on page  undefined on input line 419.


Missing character: There is no 弹 ("5F39) in font nullfont!
Missing character: There is no 窗 ("7A97) in font nullfont!
Missing character: There is no 提 ("63D0) in font nullfont!
Missing character: There is no 示 ("793A) in font nullfont!
Missing character: There is no 用 ("7528) in font nullfont!
Missing character: There is no 户 ("6237) in font nullfont!
Missing character: There is no 。 ("3002) in font nullfont!

! LaTeX Error: Environment figure undefined.

See the LaTeX manual or LaTeX Companion for explanation.
Type  H <return>  for immediate help.
 ...                                              
                                                  
l.420 \begin{figure}
                    [H]
Your command was ignored.
Type  I <command> <return>  to replace it with another command,
or  <return>  to continue without it.

Missing character: There is no [ ("5B) in font nullfont!
Missing character: There is no H ("48) in font nullfont!
Missing character: There is no ] ("5D) in font nullfont!
! Undefined control sequence.
l.424 ^^I^^I\includegraphics
                            [width=\linewidth]{fig/统计结果导出}
The control sequence at the end of the top line
of your error message was never \def'ed. If you have
misspelled it (e.g., `\hobx'), type `I' and the correct
spelling (e.g., `I\hbox'). Otherwise just continue,
and I'll forget about whatever was undefined.

Missing character: There is no [ ("5B) in font nullfont!
Missing character: There is no w ("77) in font nullfont!
Missing character: There is no i ("69) in font nullfont!
Missing character: There is no d ("64) in font nullfont!
Missing character: There is no t ("74) in font nullfont!
Missing character: There is no h ("68) in font nullfont!
Missing character: There is no = ("3D) in font nullfont!
! Missing number, treated as zero.
<to be read again> 
                   ]
l.424 ^^I^^I\includegraphics[width=\linewidth]
                                              {fig/统计结果导出}
A number should have been here; I inserted `0'.
(If you can't figure out why I needed to see a number,
look up `weird error' in the index to The TeXbook.)

! Illegal unit of measure (pt inserted).
<to be read again> 
                   ]
l.424 ^^I^^I\includegraphics[width=\linewidth]
                                              {fig/统计结果导出}
Dimensions can be in units of em, ex, in, pt, pc,
cm, mm, dd, cc, bp, or sp; but yours is a new one!
I'll assume that you meant to say pt, for printer's points.
To recover gracefully from this error, it's best to
delete the erroneous units; e.g., type `2' to delete
two letters. (See Chapter 27 of The TeXbook.)

Missing character: There is no ] ("5D) in font nullfont!
Missing character: There is no f ("66) in font nullfont!
Missing character: There is no i ("69) in font nullfont!
Missing character: There is no g ("67) in font nullfont!
Missing character: There is no / ("2F) in font nullfont!
Missing character: There is no 统 ("7EDF) in font nullfont!
Missing character: There is no 计 ("8BA1) in font nullfont!
Missing character: There is no 结 ("7ED3) in font nullfont!
Missing character: There is no 果 ("679C) in font nullfont!
Missing character: There is no 导 ("5BFC) in font nullfont!
Missing character: There is no 出 ("51FA) in font nullfont!

! LaTeX Error: \caption outside float.

See the LaTeX manual or LaTeX Companion for explanation.
Type  H <return>  for immediate help.
 ...                                              
                                                  
l.425 ^^I^^I\caption
                    {统计结果导出}
You're in trouble here.  Try typing  <return>  to proceed.
If that doesn't work, type  X <return>  to quit.

Missing character: There is no 统 ("7EDF) in font nullfont!
Missing character: There is no 计 ("8BA1) in font nullfont!
Missing character: There is no 结 ("7ED3) in font nullfont!
Missing character: There is no 果 ("679C) in font nullfont!
Missing character: There is no 导 ("5BFC) in font nullfont!
Missing character: There is no 出 ("51FA) in font nullfont!
! Undefined control sequence.
l.431 ^^I^^I\includegraphics
                            [width=0.7\linewidth]{fig/文件路径未选择}
The control sequence at the end of the top line
of your error message was never \def'ed. If you have
misspelled it (e.g., `\hobx'), type `I' and the correct
spelling (e.g., `I\hbox'). Otherwise just continue,
and I'll forget about whatever was undefined.

Missing character: There is no [ ("5B) in font nullfont!
Missing character: There is no w ("77) in font nullfont!
Missing character: There is no i ("69) in font nullfont!
Missing character: There is no d ("64) in font nullfont!
Missing character: There is no t ("74) in font nullfont!
Missing character: There is no h ("68) in font nullfont!
Missing character: There is no = ("3D) in font nullfont!
Missing character: There is no 0 ("30) in font nullfont!
Missing character: There is no . ("2E) in font nullfont!
Missing character: There is no 7 ("37) in font nullfont!
! Missing number, treated as zero.
<to be read again> 
                   ]
l.431 ^^I^^I\includegraphics[width=0.7\linewidth]
                                                 {fig/文件路径未选择}
A number should have been here; I inserted `0'.
(If you can't figure out why I needed to see a number,
look up `weird error' in the index to The TeXbook.)

! Illegal unit of measure (pt inserted).
<to be read again> 
                   ]
l.431 ^^I^^I\includegraphics[width=0.7\linewidth]
                                                 {fig/文件路径未选择}
Dimensions can be in units of em, ex, in, pt, pc,
cm, mm, dd, cc, bp, or sp; but yours is a new one!
I'll assume that you meant to say pt, for printer's points.
To recover gracefully from this error, it's best to
delete the erroneous units; e.g., type `2' to delete
two letters. (See Chapter 27 of The TeXbook.)

Missing character: There is no ] ("5D) in font nullfont!
Missing character: There is no f ("66) in font nullfont!
Missing character: There is no i ("69) in font nullfont!
Missing character: There is no g ("67) in font nullfont!
Missing character: There is no / ("2F) in font nullfont!
Missing character: There is no 文 ("6587) in font nullfont!
Missing character: There is no 件 ("4EF6) in font nullfont!
Missing character: There is no 路 ("8DEF) in font nullfont!
Missing character: There is no 径 ("5F84) in font nullfont!
Missing character: There is no 未 ("672A) in font nullfont!
Missing character: There is no 选 ("9009) in font nullfont!
Missing character: There is no 择 ("62E9) in font nullfont!

! LaTeX Error: \caption outside float.

See the LaTeX manual or LaTeX Companion for explanation.
Type  H <return>  for immediate help.
 ...                                              
                                                  
l.432 ^^I^^I\caption
                    {文件路径未选择提醒}
You're in trouble here.  Try typing  <return>  to proceed.
If that doesn't work, type  X <return>  to quit.

Missing character: There is no 文 ("6587) in font nullfont!
Missing character: There is no 件 ("4EF6) in font nullfont!
Missing character: There is no 路 ("8DEF) in font nullfont!
Missing character: There is no 径 ("5F84) in font nullfont!
Missing character: There is no 未 ("672A) in font nullfont!
Missing character: There is no 选 ("9009) in font nullfont!
Missing character: There is no 择 ("62E9) in font nullfont!
Missing character: There is no 提 ("63D0) in font nullfont!
Missing character: There is no 醒 ("9192) in font nullfont!

! LaTeX Error: \begin{document} ended by \end{figure}.

See the LaTeX manual or LaTeX Companion for explanation.
Type  H <return>  for immediate help.
 ...                                              
                                                  
l.435 \end{figure}
                  
Your command was ignored.
Type  I <command> <return>  to replace it with another command,
or  <return>  to continue without it.


Overfull \hbox (20.0pt too wide) in paragraph at lines 418--436
[]
 []


Overfull \hbox (21.72pt too wide) in paragraph at lines 418--436
[][][][][][][]
 []

Missing character: There is no 成 ("6210) in font nullfont!
Missing character: There is no 功 ("529F) in font nullfont!
Missing character: There is no 导 ("5BFC) in font nullfont!
Missing character: There is no 出 ("51FA) in font nullfont!
Missing character: There is no 后 ("540E) in font nullfont!
Missing character: There is no 会 ("4F1A) in font nullfont!
Missing character: There is no 如 ("5982) in font nullfont!
Missing character: There is no 图 ("56FE) in font nullfont!
! Undefined control sequence.
<write> ...ence `fig:统计结果成功导出提醒' on page \thepage 
                                                  \space undefined\on@line .^^J
l.437 成功导出后会如图\ref{fig:统计结果成功导出提醒}
                                  所示弹窗提示用户已成功导出文件，并给出文件保存位置。
The control sequence at the end of the top line
of your error message was never \def'ed. If you have
misspelled it (e.g., `\hobx'), type `I' and the correct
spelling (e.g., `I\hbox'). Otherwise just continue,
and I'll forget about whatever was undefined.


LaTeX Warning: Reference `fig:统计结果成功导出提醒' on page  undefined on input line 437.


Missing character: There is no 所 ("6240) in font nullfont!
Missing character: There is no 示 ("793A) in font nullfont!
Missing character: There is no 弹 ("5F39) in font nullfont!
Missing character: There is no 窗 ("7A97) in font nullfont!
Missing character: There is no 提 ("63D0) in font nullfont!
Missing character: There is no 示 ("793A) in font nullfont!
Missing character: There is no 用 ("7528) in font nullfont!
Missing character: There is no 户 ("6237) in font nullfont!
Missing character: There is no 已 ("5DF2) in font nullfont!
Missing character: There is no 成 ("6210) in font nullfont!
Missing character: There is no 功 ("529F) in font nullfont!
Missing character: There is no 导 ("5BFC) in font nullfont!
Missing character: There is no 出 ("51FA) in font nullfont!
Missing character: There is no 文 ("6587) in font nullfont!
Missing character: There is no 件 ("4EF6) in font nullfont!
Missing character: There is no ， ("FF0C) in font nullfont!
Missing character: There is no 并 ("5E76) in font nullfont!
Missing character: There is no 给 ("7ED9) in font nullfont!
Missing character: There is no 出 ("51FA) in font nullfont!
Missing character: There is no 文 ("6587) in font nullfont!
Missing character: There is no 件 ("4EF6) in font nullfont!
Missing character: There is no 保 ("4FDD) in font nullfont!
Missing character: There is no 存 ("5B58) in font nullfont!
Missing character: There is no 位 ("4F4D) in font nullfont!
Missing character: There is no 置 ("7F6E) in font nullfont!
Missing character: There is no 。 ("3002) in font nullfont!

! LaTeX Error: Environment figure undefined.

See the LaTeX manual or LaTeX Companion for explanation.
Type  H <return>  for immediate help.
 ...                                              
                                                  
l.438 \begin{figure}
                    [H]
Your command was ignored.
Type  I <command> <return>  to replace it with another command,
or  <return>  to continue without it.

Missing character: There is no [ ("5B) in font nullfont!
Missing character: There is no H ("48) in font nullfont!
Missing character: There is no ] ("5D) in font nullfont!
! Undefined control sequence.
l.440 ^^I\includegraphics
                         [width=0.7\linewidth]{fig/导出成功2}
The control sequence at the end of the top line
of your error message was never \def'ed. If you have
misspelled it (e.g., `\hobx'), type `I' and the correct
spelling (e.g., `I\hbox'). Otherwise just continue,
and I'll forget about whatever was undefined.

Missing character: There is no [ ("5B) in font nullfont!
Missing character: There is no w ("77) in font nullfont!
Missing character: There is no i ("69) in font nullfont!
Missing character: There is no d ("64) in font nullfont!
Missing character: There is no t ("74) in font nullfont!
Missing character: There is no h ("68) in font nullfont!
Missing character: There is no = ("3D) in font nullfont!
Missing character: There is no 0 ("30) in font nullfont!
Missing character: There is no . ("2E) in font nullfont!
Missing character: There is no 7 ("37) in font nullfont!
! Missing number, treated as zero.
<to be read again> 
                   ]
l.440 ^^I\includegraphics[width=0.7\linewidth]
                                              {fig/导出成功2}
A number should have been here; I inserted `0'.
(If you can't figure out why I needed to see a number,
look up `weird error' in the index to The TeXbook.)

! Illegal unit of measure (pt inserted).
<to be read again> 
                   ]
l.440 ^^I\includegraphics[width=0.7\linewidth]
                                              {fig/导出成功2}
Dimensions can be in units of em, ex, in, pt, pc,
cm, mm, dd, cc, bp, or sp; but yours is a new one!
I'll assume that you meant to say pt, for printer's points.
To recover gracefully from this error, it's best to
delete the erroneous units; e.g., type `2' to delete
two letters. (See Chapter 27 of The TeXbook.)

Missing character: There is no ] ("5D) in font nullfont!
Missing character: There is no f ("66) in font nullfont!
Missing character: There is no i ("69) in font nullfont!
Missing character: There is no g ("67) in font nullfont!
Missing character: There is no / ("2F) in font nullfont!
Missing character: There is no 导 ("5BFC) in font nullfont!
Missing character: There is no 出 ("51FA) in font nullfont!
Missing character: There is no 成 ("6210) in font nullfont!
Missing character: There is no 功 ("529F) in font nullfont!
Missing character: There is no 2 ("32) in font nullfont!

! LaTeX Error: \caption outside float.

See the LaTeX manual or LaTeX Companion for explanation.
Type  H <return>  for immediate help.
 ...                                              
                                                  
l.441 ^^I\caption
                 {统计结果成功导出提醒}
You're in trouble here.  Try typing  <return>  to proceed.
If that doesn't work, type  X <return>  to quit.

Missing character: There is no 统 ("7EDF) in font nullfont!
Missing character: There is no 计 ("8BA1) in font nullfont!
Missing character: There is no 结 ("7ED3) in font nullfont!
Missing character: There is no 果 ("679C) in font nullfont!
Missing character: There is no 成 ("6210) in font nullfont!
Missing character: There is no 功 ("529F) in font nullfont!
Missing character: There is no 导 ("5BFC) in font nullfont!
Missing character: There is no 出 ("51FA) in font nullfont!
Missing character: There is no 提 ("63D0) in font nullfont!
Missing character: There is no 醒 ("9192) in font nullfont!

! LaTeX Error: \begin{document} ended by \end{figure}.

See the LaTeX manual or LaTeX Companion for explanation.
Type  H <return>  for immediate help.
 ...                                              
                                                  
l.443 \end{figure}
                  
Your command was ignored.
Type  I <command> <return>  to replace it with another command,
or  <return>  to continue without it.


Overfull \hbox (30.86pt too wide) in paragraph at lines 437--444
[][]
 []

Missing character: There is no 导 ("5BFC) in font nullfont!
Missing character: There is no 出 ("51FA) in font nullfont!
Missing character: There is no 的 ("7684) in font nullfont!
Missing character: There is no 文 ("6587) in font nullfont!
Missing character: There is no 件 ("4EF6) in font nullfont!
Missing character: There is no 的 ("7684) in font nullfont!
Missing character: There is no 信 ("4FE1) in font nullfont!
Missing character: There is no 息 ("606F) in font nullfont!
Missing character: There is no 如 ("5982) in font nullfont!
Missing character: There is no 图 ("56FE) in font nullfont!
! Undefined control sequence.
<write> ...nce `fig:统计结果导出文件的示例' on page \thepage 
                                                  \space undefined\on@line .^^J
l.445 导出的文件的信息如图\ref{fig:统计结果导出文件的示例}
                                     所示，包括学院，姓名，年级，班级，学号，竞赛类加分，科研创新类加分，外语类加分...
The control sequence at the end of the top line
of your error message was never \def'ed. If you have
misspelled it (e.g., `\hobx'), type `I' and the correct
spelling (e.g., `I\hbox'). Otherwise just continue,
and I'll forget about whatever was undefined.


LaTeX Warning: Reference `fig:统计结果导出文件的示例' on page  undefined on input line 445
.

Missing character: There is no 所 ("6240) in font nullfont!
Missing character: There is no 示 ("793A) in font nullfont!
Missing character: There is no ， ("FF0C) in font nullfont!
Missing character: There is no 包 ("5305) in font nullfont!
Missing character: There is no 括 ("62EC) in font nullfont!
Missing character: There is no 学 ("5B66) in font nullfont!
Missing character: There is no 院 ("9662) in font nullfont!
Missing character: There is no ， ("FF0C) in font nullfont!
Missing character: There is no 姓 ("59D3) in font nullfont!
Missing character: There is no 名 ("540D) in font nullfont!
Missing character: There is no ， ("FF0C) in font nullfont!
Missing character: There is no 年 ("5E74) in font nullfont!
Missing character: There is no 级 ("7EA7) in font nullfont!
Missing character: There is no ， ("FF0C) in font nullfont!
Missing character: There is no 班 ("73ED) in font nullfont!
Missing character: There is no 级 ("7EA7) in font nullfont!
Missing character: There is no ， ("FF0C) in font nullfont!
Missing character: There is no 学 ("5B66) in font nullfont!
Missing character: There is no 号 ("53F7) in font nullfont!
Missing character: There is no ， ("FF0C) in font nullfont!
Missing character: There is no 竞 ("7ADE) in font nullfont!
Missing character: There is no 赛 ("8D5B) in font nullfont!
Missing character: There is no 类 ("7C7B) in font nullfont!
Missing character: There is no 加 ("52A0) in font nullfont!
Missing character: There is no 分 ("5206) in font nullfont!
Missing character: There is no ， ("FF0C) in font nullfont!
Missing character: There is no 科 ("79D1) in font nullfont!
Missing character: There is no 研 ("7814) in font nullfont!
Missing character: There is no 创 ("521B) in font nullfont!
Missing character: There is no 新 ("65B0) in font nullfont!
Missing character: There is no 类 ("7C7B) in font nullfont!
Missing character: There is no 加 ("52A0) in font nullfont!
Missing character: There is no 分 ("5206) in font nullfont!
Missing character: There is no ， ("FF0C) in font nullfont!
Missing character: There is no 外 ("5916) in font nullfont!
Missing character: There is no 语 ("8BED) in font nullfont!
Missing character: There is no 类 ("7C7B) in font nullfont!
Missing character: There is no 加 ("52A0) in font nullfont!
Missing character: There is no 分 ("5206) in font nullfont!
Missing character: There is no 等 ("7B49) in font nullfont!
Missing character: There is no 所 ("6240) in font nullfont!
Missing character: There is no 有 ("6709) in font nullfont!
Missing character: There is no 信 ("4FE1) in font nullfont!
Missing character: There is no 息 ("606F) in font nullfont!
Missing character: There is no 。 ("3002) in font nullfont!
Missing character: There is no 请 ("8BF7) in font nullfont!
Missing character: There is no 注 ("6CE8) in font nullfont!
Missing character: There is no 意 ("610F) in font nullfont!
Missing character: There is no ， ("FF0C) in font nullfont!
Missing character: There is no 软 ("8F6F) in font nullfont!
Missing character: There is no 件 ("4EF6) in font nullfont!
Missing character: There is no 设 ("8BBE) in font nullfont!
Missing character: There is no 置 ("7F6E) in font nullfont!
Missing character: There is no 了 ("4E86) in font nullfont!
Missing character: There is no 每 ("6BCF) in font nullfont!
Missing character: There is no 种 ("79CD) in font nullfont!
Missing character: There is no 项 ("9879) in font nullfont!
Missing character: There is no 目 ("76EE) in font nullfont!
Missing character: There is no 类 ("7C7B) in font nullfont!
Missing character: There is no 型 ("578B) in font nullfont!
Missing character: There is no 的 ("7684) in font nullfont!
Missing character: There is no 加 ("52A0) in font nullfont!
Missing character: There is no 分 ("5206) in font nullfont!
Missing character: There is no 上 ("4E0A) in font nullfont!
Missing character: There is no 限 ("9650) in font nullfont!
Missing character: There is no 为 ("4E3A) in font nullfont!
Missing character: There is no 6 ("36) in font nullfont!
Missing character: There is no 分 ("5206) in font nullfont!
Missing character: There is no 。 ("3002) in font nullfont!

Overfull \hbox (30.86pt too wide) in paragraph at lines 445--446
[][] 
 []


! LaTeX Error: Environment figure undefined.

See the LaTeX manual or LaTeX Companion for explanation.
Type  H <return>  for immediate help.
 ...                                              
                                                  
l.447 \begin{figure}
                    [H]
Your command was ignored.
Type  I <command> <return>  to replace it with another command,
or  <return>  to continue without it.

Missing character: There is no [ ("5B) in font nullfont!
Missing character: There is no H ("48) in font nullfont!
Missing character: There is no ] ("5D) in font nullfont!
! Undefined control sequence.
l.449 ^^I\includegraphics
                         [width=1\linewidth]{fig/统计结果}
The control sequence at the end of the top line
of your error message was never \def'ed. If you have
misspelled it (e.g., `\hobx'), type `I' and the correct
spelling (e.g., `I\hbox'). Otherwise just continue,
and I'll forget about whatever was undefined.

Missing character: There is no [ ("5B) in font nullfont!
Missing character: There is no w ("77) in font nullfont!
Missing character: There is no i ("69) in font nullfont!
Missing character: There is no d ("64) in font nullfont!
Missing character: There is no t ("74) in font nullfont!
Missing character: There is no h ("68) in font nullfont!
Missing character: There is no = ("3D) in font nullfont!
Missing character: There is no 1 ("31) in font nullfont!
! Missing number, treated as zero.
<to be read again> 
                   ]
l.449 ^^I\includegraphics[width=1\linewidth]
                                            {fig/统计结果}
A number should have been here; I inserted `0'.
(If you can't figure out why I needed to see a number,
look up `weird error' in the index to The TeXbook.)

! Illegal unit of measure (pt inserted).
<to be read again> 
                   ]
l.449 ^^I\includegraphics[width=1\linewidth]
                                            {fig/统计结果}
Dimensions can be in units of em, ex, in, pt, pc,
cm, mm, dd, cc, bp, or sp; but yours is a new one!
I'll assume that you meant to say pt, for printer's points.
To recover gracefully from this error, it's best to
delete the erroneous units; e.g., type `2' to delete
two letters. (See Chapter 27 of The TeXbook.)

Missing character: There is no ] ("5D) in font nullfont!
Missing character: There is no f ("66) in font nullfont!
Missing character: There is no i ("69) in font nullfont!
Missing character: There is no g ("67) in font nullfont!
Missing character: There is no / ("2F) in font nullfont!
Missing character: There is no 统 ("7EDF) in font nullfont!
Missing character: There is no 计 ("8BA1) in font nullfont!
Missing character: There is no 结 ("7ED3) in font nullfont!
Missing character: There is no 果 ("679C) in font nullfont!

! LaTeX Error: \caption outside float.

See the LaTeX manual or LaTeX Companion for explanation.
Type  H <return>  for immediate help.
 ...                                              
                                                  
l.450 ^^I\caption
                 {统计结果导出文件的示例}
You're in trouble here.  Try typing  <return>  to proceed.
If that doesn't work, type  X <return>  to quit.

Missing character: There is no 统 ("7EDF) in font nullfont!
Missing character: There is no 计 ("8BA1) in font nullfont!
Missing character: There is no 结 ("7ED3) in font nullfont!
Missing character: There is no 果 ("679C) in font nullfont!
Missing character: There is no 导 ("5BFC) in font nullfont!
Missing character: There is no 出 ("51FA) in font nullfont!
Missing character: There is no 文 ("6587) in font nullfont!
Missing character: There is no 件 ("4EF6) in font nullfont!
Missing character: There is no 的 ("7684) in font nullfont!
Missing character: There is no 示 ("793A) in font nullfont!
Missing character: There is no 例 ("4F8B) in font nullfont!

! LaTeX Error: \begin{document} ended by \end{figure}.

See the LaTeX manual or LaTeX Companion for explanation.
Type  H <return>  for immediate help.
 ...                                              
                                                  
l.452 \end{figure}
                  
Your command was ignored.
Type  I <command> <return>  to replace it with another command,
or  <return>  to continue without it.


Overfull \hbox (20.0pt too wide) in paragraph at lines 447--453
[]
 []

! Undefined control sequence.
l.454 \textcolor
                {mygreen}{
The control sequence at the end of the top line
of your error message was never \def'ed. If you have
misspelled it (e.g., `\hobx'), type `I' and the correct
spelling (e.g., `I\hbox'). Otherwise just continue,
and I'll forget about whatever was undefined.

Missing character: There is no m ("6D) in font nullfont!
Missing character: There is no y ("79) in font nullfont!
Missing character: There is no g ("67) in font nullfont!
Missing character: There is no r ("72) in font nullfont!
Missing character: There is no e ("65) in font nullfont!
Missing character: There is no e ("65) in font nullfont!
Missing character: There is no n ("6E) in font nullfont!
! Undefined control sequence.
l.455 ^^I\section
                 {批量统计结果导出}
The control sequence at the end of the top line
of your error message was never \def'ed. If you have
misspelled it (e.g., `\hobx'), type `I' and the correct
spelling (e.g., `I\hbox'). Otherwise just continue,
and I'll forget about whatever was undefined.

Missing character: There is no 批 ("6279) in font nullfont!
Missing character: There is no 量 ("91CF) in font nullfont!
Missing character: There is no 统 ("7EDF) in font nullfont!
Missing character: There is no 计 ("8BA1) in font nullfont!
Missing character: There is no 结 ("7ED3) in font nullfont!
Missing character: There is no 果 ("679C) in font nullfont!
Missing character: There is no 导 ("5BFC) in font nullfont!
Missing character: There is no 出 ("51FA) in font nullfont!
Missing character: There is no 版 ("7248) in font nullfont!
Missing character: There is no 本 ("672C) in font nullfont!
Missing character: There is no V ("56) in font nullfont!
Missing character: There is no 3 ("33) in font nullfont!
Missing character: There is no . ("2E) in font nullfont!
Missing character: There is no 0 ("30) in font nullfont!
Missing character: There is no 更 ("66F4) in font nullfont!
Missing character: There is no 新 ("65B0) in font nullfont!
Missing character: There is no 中 ("4E2D) in font nullfont!
Missing character: There is no ， ("FF0C) in font nullfont!
Missing character: There is no 新 ("65B0) in font nullfont!
Missing character: There is no 支 ("652F) in font nullfont!
Missing character: There is no 持 ("6301) in font nullfont!
Missing character: There is no 了 ("4E86) in font nullfont!
Missing character: There is no 批 ("6279) in font nullfont!
Missing character: There is no 量 ("91CF) in font nullfont!
Missing character: There is no 处 ("5904) in font nullfont!
Missing character: There is no 理 ("7406) in font nullfont!
Missing character: There is no 操 ("64CD) in font nullfont!
Missing character: There is no 作 ("4F5C) in font nullfont!
Missing character: There is no ， ("FF0C) in font nullfont!
Missing character: There is no 为 ("4E3A) in font nullfont!
Missing character: There is no 了 ("4E86) in font nullfont!
Missing character: There is no 适 ("9002) in font nullfont!
Missing character: There is no 配 ("914D) in font nullfont!
Missing character: There is no 新 ("65B0) in font nullfont!
Missing character: There is no 功 ("529F) in font nullfont!
Missing character: There is no 能 ("80FD) in font nullfont!
Missing character: There is no ， ("FF0C) in font nullfont!
Missing character: There is no 对 ("5BF9) in font nullfont!
Missing character: There is no 于 ("4E8E) in font nullfont!
Missing character: There is no 统 ("7EDF) in font nullfont!
Missing character: There is no 计 ("8BA1) in font nullfont!
Missing character: There is no 结 ("7ED3) in font nullfont!
Missing character: There is no 果 ("679C) in font nullfont!
Missing character: There is no 的 ("7684) in font nullfont!
Missing character: There is no 导 ("5BFC) in font nullfont!
Missing character: There is no 出 ("51FA) in font nullfont!
Missing character: There is no ， ("FF0C) in font nullfont!
Missing character: There is no 本 ("672C) in font nullfont!
Missing character: There is no 软 ("8F6F) in font nullfont!
Missing character: There is no 件 ("4EF6) in font nullfont!
Missing character: There is no 也 ("4E5F) in font nullfont!
Missing character: There is no 对 ("5BF9) in font nullfont!
Missing character: There is no 应 ("5E94) in font nullfont!
Missing character: There is no 新 ("65B0) in font nullfont!
Missing character: There is no 增 ("589E) in font nullfont!
Missing character: There is no 了 ("4E86) in font nullfont!
Missing character: There is no “ ("201C) in font nullfont!
Missing character: There is no 批 ("6279) in font nullfont!
Missing character: There is no 量 ("91CF) in font nullfont!
Missing character: There is no 统 ("7EDF) in font nullfont!
Missing character: There is no 计 ("8BA1) in font nullfont!
Missing character: There is no 结 ("7ED3) in font nullfont!
Missing character: There is no 果 ("679C) in font nullfont!
Missing character: There is no 导 ("5BFC) in font nullfont!
Missing character: There is no 出 ("51FA) in font nullfont!
Missing character: There is no ” ("201D) in font nullfont!
Missing character: There is no 功 ("529F) in font nullfont!
Missing character: There is no 能 ("80FD) in font nullfont!
Missing character: There is no 按 ("6309) in font nullfont!
Missing character: There is no 钮 ("94AE) in font nullfont!
Missing character: There is no ， ("FF0C) in font nullfont!
Missing character: There is no 支 ("652F) in font nullfont!
Missing character: There is no 持 ("6301) in font nullfont!
Missing character: There is no 对 ("5BF9) in font nullfont!
Missing character: There is no 批 ("6279) in font nullfont!
Missing character: There is no 量 ("91CF) in font nullfont!
Missing character: There is no 评 ("8BC4) in font nullfont!
Missing character: There is no 审 ("5BA1) in font nullfont!
Missing character: There is no 的 ("7684) in font nullfont!
Missing character: There is no 统 ("7EDF) in font nullfont!
Missing character: There is no 计 ("8BA1) in font nullfont!
Missing character: There is no 结 ("7ED3) in font nullfont!
Missing character: There is no 果 ("679C) in font nullfont!
Missing character: There is no 进 ("8FDB) in font nullfont!
Missing character: There is no 行 ("884C) in font nullfont!
Missing character: There is no 输 ("8F93) in font nullfont!
Missing character: There is no 出 ("51FA) in font nullfont!
Missing character: There is no 。 ("3002) in font nullfont!
Missing character: There is no 在 ("5728) in font nullfont!
Missing character: There is no 点 ("70B9) in font nullfont!
Missing character: There is no 击 ("51FB) in font nullfont!
Missing character: There is no 【 ("3010) in font nullfont!
Missing character: There is no 批 ("6279) in font nullfont!
Missing character: There is no 量 ("91CF) in font nullfont!
Missing character: There is no 统 ("7EDF) in font nullfont!
Missing character: There is no 计 ("8BA1) in font nullfont!
Missing character: There is no 结 ("7ED3) in font nullfont!
Missing character: There is no 果 ("679C) in font nullfont!
Missing character: There is no 导 ("5BFC) in font nullfont!
Missing character: There is no 出 ("51FA) in font nullfont!
Missing character: There is no 】 ("3011) in font nullfont!
Missing character: There is no 后 ("540E) in font nullfont!
Missing character: There is no ， ("FF0C) in font nullfont!
Missing character: There is no 选 ("9009) in font nullfont!
Missing character: There is no 择 ("62E9) in font nullfont!
Missing character: There is no 文 ("6587) in font nullfont!
Missing character: There is no 件 ("4EF6) in font nullfont!
Missing character: There is no 导 ("5BFC) in font nullfont!
Missing character: There is no 出 ("51FA) in font nullfont!
Missing character: There is no 地 ("5730) in font nullfont!
Missing character: There is no 址 ("5740) in font nullfont!
Missing character: There is no 后 ("540E) in font nullfont!
Missing character: There is no ， ("FF0C) in font nullfont!
Missing character: There is no 输 ("8F93) in font nullfont!
Missing character: There is no 出 ("51FA) in font nullfont!
Missing character: There is no 结 ("7ED3) in font nullfont!
Missing character: There is no 果 ("679C) in font nullfont!
Missing character: There is no 内 ("5185) in font nullfont!
Missing character: There is no 容 ("5BB9) in font nullfont!
Missing character: There is no 如 ("5982) in font nullfont!
Missing character: There is no 图 ("56FE) in font nullfont!
! Undefined control sequence.
<write> ...V3.0统计结果导出示例（默认加分规则）' on page \thepage 
                                                  \space undefined\on@line .^^J
l.456 ...，输出结果内容如图\ref{fig:版本V3.0统计结果导出示例（默认加分规则）}
                                                   所示。}^^I
The control sequence at the end of the top line
of your error message was never \def'ed. If you have
misspelled it (e.g., `\hobx'), type `I' and the correct
spelling (e.g., `I\hbox'). Otherwise just continue,
and I'll forget about whatever was undefined.


LaTeX Warning: Reference `fig:版本V3.0统计结果导出示例（默认加分规则）' on page  undefined on inp
ut line 456.

Missing character: There is no 所 ("6240) in font nullfont!
Missing character: There is no 示 ("793A) in font nullfont!
Missing character: There is no 。 ("3002) in font nullfont!

Overfull \hbox (20.0pt too wide) in paragraph at lines 454--457
[]
 []


Overfull \hbox (10.86pt too wide) in paragraph at lines 454--457
[]
 []


! LaTeX Error: Environment figure undefined.

See the LaTeX manual or LaTeX Companion for explanation.
Type  H <return>  for immediate help.
 ...                                              
                                                  
l.458 \begin{figure}
                    [h]
Your command was ignored.
Type  I <command> <return>  to replace it with another command,
or  <return>  to continue without it.

Missing character: There is no [ ("5B) in font nullfont!
Missing character: There is no h ("68) in font nullfont!
Missing character: There is no ] ("5D) in font nullfont!
! Undefined control sequence.
l.460 ^^I\includegraphics
                         [width=0.7\linewidth]{fig/3.0统计结果导出示例（默认加分规则）}
The control sequence at the end of the top line
of your error message was never \def'ed. If you have
misspelled it (e.g., `\hobx'), type `I' and the correct
spelling (e.g., `I\hbox'). Otherwise just continue,
and I'll forget about whatever was undefined.

Missing character: There is no [ ("5B) in font nullfont!
Missing character: There is no w ("77) in font nullfont!
Missing character: There is no i ("69) in font nullfont!
Missing character: There is no d ("64) in font nullfont!
Missing character: There is no t ("74) in font nullfont!
Missing character: There is no h ("68) in font nullfont!
Missing character: There is no = ("3D) in font nullfont!
Missing character: There is no 0 ("30) in font nullfont!
Missing character: There is no . ("2E) in font nullfont!
Missing character: There is no 7 ("37) in font nullfont!
! Missing number, treated as zero.
<to be read again> 
                   ]
l.460 ^^I\includegraphics[width=0.7\linewidth]
                                              {fig/3.0统计结果导出示例（默认加分规则）}
A number should have been here; I inserted `0'.
(If you can't figure out why I needed to see a number,
look up `weird error' in the index to The TeXbook.)

! Illegal unit of measure (pt inserted).
<to be read again> 
                   ]
l.460 ^^I\includegraphics[width=0.7\linewidth]
                                              {fig/3.0统计结果导出示例（默认加分规则）}
Dimensions can be in units of em, ex, in, pt, pc,
cm, mm, dd, cc, bp, or sp; but yours is a new one!
I'll assume that you meant to say pt, for printer's points.
To recover gracefully from this error, it's best to
delete the erroneous units; e.g., type `2' to delete
two letters. (See Chapter 27 of The TeXbook.)

Missing character: There is no ] ("5D) in font nullfont!
Missing character: There is no f ("66) in font nullfont!
Missing character: There is no i ("69) in font nullfont!
Missing character: There is no g ("67) in font nullfont!
Missing character: There is no / ("2F) in font nullfont!
Missing character: There is no 3 ("33) in font nullfont!
Missing character: There is no . ("2E) in font nullfont!
Missing character: There is no 0 ("30) in font nullfont!
Missing character: There is no 统 ("7EDF) in font nullfont!
Missing character: There is no 计 ("8BA1) in font nullfont!
Missing character: There is no 结 ("7ED3) in font nullfont!
Missing character: There is no 果 ("679C) in font nullfont!
Missing character: There is no 导 ("5BFC) in font nullfont!
Missing character: There is no 出 ("51FA) in font nullfont!
Missing character: There is no 示 ("793A) in font nullfont!
Missing character: There is no 例 ("4F8B) in font nullfont!
Missing character: There is no （ ("FF08) in font nullfont!
Missing character: There is no 默 ("9ED8) in font nullfont!
Missing character: There is no 认 ("8BA4) in font nullfont!
Missing character: There is no 加 ("52A0) in font nullfont!
Missing character: There is no 分 ("5206) in font nullfont!
Missing character: There is no 规 ("89C4) in font nullfont!
Missing character: There is no 则 ("5219) in font nullfont!
Missing character: There is no ） ("FF09) in font nullfont!

! LaTeX Error: \caption outside float.

See the LaTeX manual or LaTeX Companion for explanation.
Type  H <return>  for immediate help.
 ...                                              
                                                  
l.461 ^^I\caption
                 {版本V3.0统计结果导出示例（默认加分规则）}
You're in trouble here.  Try typing  <return>  to proceed.
If that doesn't work, type  X <return>  to quit.

Missing character: There is no 版 ("7248) in font nullfont!
Missing character: There is no 本 ("672C) in font nullfont!
Missing character: There is no V ("56) in font nullfont!
Missing character: There is no 3 ("33) in font nullfont!
Missing character: There is no . ("2E) in font nullfont!
Missing character: There is no 0 ("30) in font nullfont!
Missing character: There is no 统 ("7EDF) in font nullfont!
Missing character: There is no 计 ("8BA1) in font nullfont!
Missing character: There is no 结 ("7ED3) in font nullfont!
Missing character: There is no 果 ("679C) in font nullfont!
Missing character: There is no 导 ("5BFC) in font nullfont!
Missing character: There is no 出 ("51FA) in font nullfont!
Missing character: There is no 示 ("793A) in font nullfont!
Missing character: There is no 例 ("4F8B) in font nullfont!
Missing character: There is no （ ("FF08) in font nullfont!
Missing character: There is no 默 ("9ED8) in font nullfont!
Missing character: There is no 认 ("8BA4) in font nullfont!
Missing character: There is no 加 ("52A0) in font nullfont!
Missing character: There is no 分 ("5206) in font nullfont!
Missing character: There is no 规 ("89C4) in font nullfont!
Missing character: There is no 则 ("5219) in font nullfont!
Missing character: There is no ） ("FF09) in font nullfont!

! LaTeX Error: \begin{document} ended by \end{figure}.

See the LaTeX manual or LaTeX Companion for explanation.
Type  H <return>  for immediate help.
 ...                                              
                                                  
l.463 \end{figure}
                  
Your command was ignored.
Type  I <command> <return>  to replace it with another command,
or  <return>  to continue without it.


Overfull \hbox (20.0pt too wide) in paragraph at lines 458--464
[]
 []

! Undefined control sequence.
l.465 \textcolor
                {mygreen}{^^I
The control sequence at the end of the top line
of your error message was never \def'ed. If you have
misspelled it (e.g., `\hobx'), type `I' and the correct
spelling (e.g., `I\hbox'). Otherwise just continue,
and I'll forget about whatever was undefined.

Missing character: There is no m ("6D) in font nullfont!
Missing character: There is no y ("79) in font nullfont!
Missing character: There is no g ("67) in font nullfont!
Missing character: There is no r ("72) in font nullfont!
Missing character: There is no e ("65) in font nullfont!
Missing character: There is no e ("65) in font nullfont!
Missing character: There is no n ("6E) in font nullfont!
Missing character: There is no 若 ("82E5) in font nullfont!
Missing character: There is no 采 ("91C7) in font nullfont!
Missing character: There is no 用 ("7528) in font nullfont!
Missing character: There is no 自 ("81EA) in font nullfont!
Missing character: There is no 定 ("5B9A) in font nullfont!
Missing character: There is no 义 ("4E49) in font nullfont!
Missing character: There is no 加 ("52A0) in font nullfont!
Missing character: There is no 分 ("5206) in font nullfont!
Missing character: There is no 规 ("89C4) in font nullfont!
Missing character: There is no 则 ("5219) in font nullfont!
Missing character: There is no ， ("FF0C) in font nullfont!
Missing character: There is no 则 ("5219) in font nullfont!
Missing character: There is no 对 ("5BF9) in font nullfont!
Missing character: There is no 应 ("5E94) in font nullfont!
Missing character: There is no 的 ("7684) in font nullfont!
Missing character: There is no 项 ("9879) in font nullfont!
Missing character: There is no 目 ("76EE) in font nullfont!
Missing character: There is no 类 ("7C7B) in font nullfont!
Missing character: There is no 型 ("578B) in font nullfont!
Missing character: There is no 和 ("548C) in font nullfont!
Missing character: There is no 奖 ("5956) in font nullfont!
Missing character: There is no 项 ("9879) in font nullfont!
Missing character: There is no 级 ("7EA7) in font nullfont!
Missing character: There is no 别 ("522B) in font nullfont!
Missing character: There is no 均 ("5747) in font nullfont!
Missing character: There is no 按 ("6309) in font nullfont!
Missing character: There is no 照 ("7167) in font nullfont!
Missing character: There is no 新 ("65B0) in font nullfont!
Missing character: There is no 的 ("7684) in font nullfont!
Missing character: There is no 导 ("5BFC) in font nullfont!
Missing character: There is no 入 ("5165) in font nullfont!
Missing character: There is no 加 ("52A0) in font nullfont!
Missing character: There is no 分 ("5206) in font nullfont!
Missing character: There is no 详 ("8BE6) in font nullfont!
Missing character: There is no 情 ("60C5) in font nullfont!
Missing character: There is no 进 ("8FDB) in font nullfont!
Missing character: There is no 行 ("884C) in font nullfont!
Missing character: There is no 输 ("8F93) in font nullfont!
Missing character: There is no 出 ("51FA) in font nullfont!
Missing character: There is no ， ("FF0C) in font nullfont!
Missing character: There is no 如 ("5982) in font nullfont!
Missing character: There is no 图 ("56FE) in font nullfont!
! Undefined control sequence.
<write> ...本V3.0自定义加分批量统计结果导出示例' on page \thepage 
                                                  \space undefined\on@line .^^J
l.466 ...分详情进行输出，如图\ref{fig:版本V3.0自定义加分批量统计结果导出示例}
                                                  所示。
The control sequence at the end of the top line
of your error message was never \def'ed. If you have
misspelled it (e.g., `\hobx'), type `I' and the correct
spelling (e.g., `I\hbox'). Otherwise just continue,
and I'll forget about whatever was undefined.


LaTeX Warning: Reference `fig:版本V3.0自定义加分批量统计结果导出示例' on page  undefined on inpu
t line 466.

Missing character: There is no 所 ("6240) in font nullfont!
Missing character: There is no 示 ("793A) in font nullfont!
Missing character: There is no 。 ("3002) in font nullfont!

! LaTeX Error: Environment figure undefined.

See the LaTeX manual or LaTeX Companion for explanation.
Type  H <return>  for immediate help.
 ...                                              
                                                  
l.467 ^^I\begin{figure}
                       [h]
Your command was ignored.
Type  I <command> <return>  to replace it with another command,
or  <return>  to continue without it.

Missing character: There is no [ ("5B) in font nullfont!
Missing character: There is no h ("68) in font nullfont!
Missing character: There is no ] ("5D) in font nullfont!
! Undefined control sequence.
l.469 ^^I^^I\includegraphics
                            [width=0.7\linewidth]{fig/3.0自定义加分批量统计结果导出示例}
The control sequence at the end of the top line
of your error message was never \def'ed. If you have
misspelled it (e.g., `\hobx'), type `I' and the correct
spelling (e.g., `I\hbox'). Otherwise just continue,
and I'll forget about whatever was undefined.

Missing character: There is no [ ("5B) in font nullfont!
Missing character: There is no w ("77) in font nullfont!
Missing character: There is no i ("69) in font nullfont!
Missing character: There is no d ("64) in font nullfont!
Missing character: There is no t ("74) in font nullfont!
Missing character: There is no h ("68) in font nullfont!
Missing character: There is no = ("3D) in font nullfont!
Missing character: There is no 0 ("30) in font nullfont!
Missing character: There is no . ("2E) in font nullfont!
Missing character: There is no 7 ("37) in font nullfont!
! Missing number, treated as zero.
<to be read again> 
                   ]
l.469 ^^I^^I\includegraphics[width=0.7\linewidth]
                                                 {fig/3.0自定义加分批量统计结果导出示例}
A number should have been here; I inserted `0'.
(If you can't figure out why I needed to see a number,
look up `weird error' in the index to The TeXbook.)

! Illegal unit of measure (pt inserted).
<to be read again> 
                   ]
l.469 ^^I^^I\includegraphics[width=0.7\linewidth]
                                                 {fig/3.0自定义加分批量统计结果导出示例}
Dimensions can be in units of em, ex, in, pt, pc,
cm, mm, dd, cc, bp, or sp; but yours is a new one!
I'll assume that you meant to say pt, for printer's points.
To recover gracefully from this error, it's best to
delete the erroneous units; e.g., type `2' to delete
two letters. (See Chapter 27 of The TeXbook.)

Missing character: There is no ] ("5D) in font nullfont!
Missing character: There is no f ("66) in font nullfont!
Missing character: There is no i ("69) in font nullfont!
Missing character: There is no g ("67) in font nullfont!
Missing character: There is no / ("2F) in font nullfont!
Missing character: There is no 3 ("33) in font nullfont!
Missing character: There is no . ("2E) in font nullfont!
Missing character: There is no 0 ("30) in font nullfont!
Missing character: There is no 自 ("81EA) in font nullfont!
Missing character: There is no 定 ("5B9A) in font nullfont!
Missing character: There is no 义 ("4E49) in font nullfont!
Missing character: There is no 加 ("52A0) in font nullfont!
Missing character: There is no 分 ("5206) in font nullfont!
Missing character: There is no 批 ("6279) in font nullfont!
Missing character: There is no 量 ("91CF) in font nullfont!
Missing character: There is no 统 ("7EDF) in font nullfont!
Missing character: There is no 计 ("8BA1) in font nullfont!
Missing character: There is no 结 ("7ED3) in font nullfont!
Missing character: There is no 果 ("679C) in font nullfont!
Missing character: There is no 导 ("5BFC) in font nullfont!
Missing character: There is no 出 ("51FA) in font nullfont!
Missing character: There is no 示 ("793A) in font nullfont!
Missing character: There is no 例 ("4F8B) in font nullfont!

! LaTeX Error: \caption outside float.

See the LaTeX manual or LaTeX Companion for explanation.
Type  H <return>  for immediate help.
 ...                                              
                                                  
l.470 ^^I^^I\caption
                    {版本V3.0自定义加分批量统计结果导出示例}
You're in trouble here.  Try typing  <return>  to proceed.
If that doesn't work, type  X <return>  to quit.

Missing character: There is no 版 ("7248) in font nullfont!
Missing character: There is no 本 ("672C) in font nullfont!
Missing character: There is no V ("56) in font nullfont!
Missing character: There is no 3 ("33) in font nullfont!
Missing character: There is no . ("2E) in font nullfont!
Missing character: There is no 0 ("30) in font nullfont!
Missing character: There is no 自 ("81EA) in font nullfont!
Missing character: There is no 定 ("5B9A) in font nullfont!
Missing character: There is no 义 ("4E49) in font nullfont!
Missing character: There is no 加 ("52A0) in font nullfont!
Missing character: There is no 分 ("5206) in font nullfont!
Missing character: There is no 批 ("6279) in font nullfont!
Missing character: There is no 量 ("91CF) in font nullfont!
Missing character: There is no 统 ("7EDF) in font nullfont!
Missing character: There is no 计 ("8BA1) in font nullfont!
Missing character: There is no 结 ("7ED3) in font nullfont!
Missing character: There is no 果 ("679C) in font nullfont!
Missing character: There is no 导 ("5BFC) in font nullfont!
Missing character: There is no 出 ("51FA) in font nullfont!
Missing character: There is no 示 ("793A) in font nullfont!
Missing character: There is no 例 ("4F8B) in font nullfont!

! LaTeX Error: \begin{document} ended by \end{figure}.

See the LaTeX manual or LaTeX Companion for explanation.
Type  H <return>  for immediate help.
 ...                                              
                                                  
l.472 ^^I\end{figure}
                     
Your command was ignored.
Type  I <command> <return>  to replace it with another command,
or  <return>  to continue without it.


Overfull \hbox (20.0pt too wide) in paragraph at lines 465--474
[]
 []


Overfull \hbox (10.86pt too wide) in paragraph at lines 465--474
[]
 []

! Undefined control sequence.
l.475 \section
              {结果导出保护}
The control sequence at the end of the top line
of your error message was never \def'ed. If you have
misspelled it (e.g., `\hobx'), type `I' and the correct
spelling (e.g., `I\hbox'). Otherwise just continue,
and I'll forget about whatever was undefined.

Missing character: There is no 结 ("7ED3) in font nullfont!
Missing character: There is no 果 ("679C) in font nullfont!
Missing character: There is no 导 ("5BFC) in font nullfont!
Missing character: There is no 出 ("51FA) in font nullfont!
Missing character: There is no 保 ("4FDD) in font nullfont!
Missing character: There is no 护 ("62A4) in font nullfont!
Missing character: There is no 如 ("5982) in font nullfont!
Missing character: There is no 图 ("56FE) in font nullfont!
! Undefined control sequence.
<write> ...ce `fig:评审未完成时结果导出提醒' on page \thepage 
                                                  \space undefined\on@line .^^J
l.476 如图\ref{fig:评审未完成时结果导出提醒}
                              所示，当用户未正确评审完所有的加分项目却选择结果导出时，会弹窗提醒用户还有未完成的评审项目。
The control sequence at the end of the top line
of your error message was never \def'ed. If you have
misspelled it (e.g., `\hobx'), type `I' and the correct
spelling (e.g., `I\hbox'). Otherwise just continue,
and I'll forget about whatever was undefined.


LaTeX Warning: Reference `fig:评审未完成时结果导出提醒' on page  undefined on input line 47
6.

Missing character: There is no 所 ("6240) in font nullfont!
Missing character: There is no 示 ("793A) in font nullfont!
Missing character: There is no ， ("FF0C) in font nullfont!
Missing character: There is no 当 ("5F53) in font nullfont!
Missing character: There is no 用 ("7528) in font nullfont!
Missing character: There is no 户 ("6237) in font nullfont!
Missing character: There is no 未 ("672A) in font nullfont!
Missing character: There is no 正 ("6B63) in font nullfont!
Missing character: There is no 确 ("786E) in font nullfont!
Missing character: There is no 评 ("8BC4) in font nullfont!
Missing character: There is no 审 ("5BA1) in font nullfont!
Missing character: There is no 完 ("5B8C) in font nullfont!
Missing character: There is no 所 ("6240) in font nullfont!
Missing character: There is no 有 ("6709) in font nullfont!
Missing character: There is no 的 ("7684) in font nullfont!
Missing character: There is no 加 ("52A0) in font nullfont!
Missing character: There is no 分 ("5206) in font nullfont!
Missing character: There is no 项 ("9879) in font nullfont!
Missing character: There is no 目 ("76EE) in font nullfont!
Missing character: There is no 却 ("5374) in font nullfont!
Missing character: There is no 选 ("9009) in font nullfont!
Missing character: There is no 择 ("62E9) in font nullfont!
Missing character: There is no 结 ("7ED3) in font nullfont!
Missing character: There is no 果 ("679C) in font nullfont!
Missing character: There is no 导 ("5BFC) in font nullfont!
Missing character: There is no 出 ("51FA) in font nullfont!
Missing character: There is no 时 ("65F6) in font nullfont!
Missing character: There is no ， ("FF0C) in font nullfont!
Missing character: There is no 会 ("4F1A) in font nullfont!
Missing character: There is no 弹 ("5F39) in font nullfont!
Missing character: There is no 窗 ("7A97) in font nullfont!
Missing character: There is no 提 ("63D0) in font nullfont!
Missing character: There is no 醒 ("9192) in font nullfont!
Missing character: There is no 用 ("7528) in font nullfont!
Missing character: There is no 户 ("6237) in font nullfont!
Missing character: There is no 还 ("8FD8) in font nullfont!
Missing character: There is no 有 ("6709) in font nullfont!
Missing character: There is no 未 ("672A) in font nullfont!
Missing character: There is no 完 ("5B8C) in font nullfont!
Missing character: There is no 成 ("6210) in font nullfont!
Missing character: There is no 的 ("7684) in font nullfont!
Missing character: There is no 评 ("8BC4) in font nullfont!
Missing character: There is no 审 ("5BA1) in font nullfont!
Missing character: There is no 项 ("9879) in font nullfont!
Missing character: There is no 目 ("76EE) in font nullfont!
Missing character: There is no 。 ("3002) in font nullfont!

! LaTeX Error: Environment figure undefined.

See the LaTeX manual or LaTeX Companion for explanation.
Type  H <return>  for immediate help.
 ...                                              
                                                  
l.477 \begin{figure}
                    [H]
Your command was ignored.
Type  I <command> <return>  to replace it with another command,
or  <return>  to continue without it.

Missing character: There is no [ ("5B) in font nullfont!
Missing character: There is no H ("48) in font nullfont!
Missing character: There is no ] ("5D) in font nullfont!
! Undefined control sequence.
l.479 ^^I\includegraphics
                         [width=0.7\linewidth]{fig/评审未完成时结果导出提醒}
The control sequence at the end of the top line
of your error message was never \def'ed. If you have
misspelled it (e.g., `\hobx'), type `I' and the correct
spelling (e.g., `I\hbox'). Otherwise just continue,
and I'll forget about whatever was undefined.

Missing character: There is no [ ("5B) in font nullfont!
Missing character: There is no w ("77) in font nullfont!
Missing character: There is no i ("69) in font nullfont!
Missing character: There is no d ("64) in font nullfont!
Missing character: There is no t ("74) in font nullfont!
Missing character: There is no h ("68) in font nullfont!
Missing character: There is no = ("3D) in font nullfont!
Missing character: There is no 0 ("30) in font nullfont!
Missing character: There is no . ("2E) in font nullfont!
Missing character: There is no 7 ("37) in font nullfont!
! Missing number, treated as zero.
<to be read again> 
                   ]
l.479 ^^I\includegraphics[width=0.7\linewidth]
                                              {fig/评审未完成时结果导出提醒}
A number should have been here; I inserted `0'.
(If you can't figure out why I needed to see a number,
look up `weird error' in the index to The TeXbook.)

! Illegal unit of measure (pt inserted).
<to be read again> 
                   ]
l.479 ^^I\includegraphics[width=0.7\linewidth]
                                              {fig/评审未完成时结果导出提醒}
Dimensions can be in units of em, ex, in, pt, pc,
cm, mm, dd, cc, bp, or sp; but yours is a new one!
I'll assume that you meant to say pt, for printer's points.
To recover gracefully from this error, it's best to
delete the erroneous units; e.g., type `2' to delete
two letters. (See Chapter 27 of The TeXbook.)

Missing character: There is no ] ("5D) in font nullfont!
Missing character: There is no f ("66) in font nullfont!
Missing character: There is no i ("69) in font nullfont!
Missing character: There is no g ("67) in font nullfont!
Missing character: There is no / ("2F) in font nullfont!
Missing character: There is no 评 ("8BC4) in font nullfont!
Missing character: There is no 审 ("5BA1) in font nullfont!
Missing character: There is no 未 ("672A) in font nullfont!
Missing character: There is no 完 ("5B8C) in font nullfont!
Missing character: There is no 成 ("6210) in font nullfont!
Missing character: There is no 时 ("65F6) in font nullfont!
Missing character: There is no 结 ("7ED3) in font nullfont!
Missing character: There is no 果 ("679C) in font nullfont!
Missing character: There is no 导 ("5BFC) in font nullfont!
Missing character: There is no 出 ("51FA) in font nullfont!
Missing character: There is no 提 ("63D0) in font nullfont!
Missing character: There is no 醒 ("9192) in font nullfont!

! LaTeX Error: \caption outside float.

See the LaTeX manual or LaTeX Companion for explanation.
Type  H <return>  for immediate help.
 ...                                              
                                                  
l.480 ^^I\caption
                 {评审未完成时结果导出提醒}
You're in trouble here.  Try typing  <return>  to proceed.
If that doesn't work, type  X <return>  to quit.

Missing character: There is no 评 ("8BC4) in font nullfont!
Missing character: There is no 审 ("5BA1) in font nullfont!
Missing character: There is no 未 ("672A) in font nullfont!
Missing character: There is no 完 ("5B8C) in font nullfont!
Missing character: There is no 成 ("6210) in font nullfont!
Missing character: There is no 时 ("65F6) in font nullfont!
Missing character: There is no 结 ("7ED3) in font nullfont!
Missing character: There is no 果 ("679C) in font nullfont!
Missing character: There is no 导 ("5BFC) in font nullfont!
Missing character: There is no 出 ("51FA) in font nullfont!
Missing character: There is no 提 ("63D0) in font nullfont!
Missing character: There is no 醒 ("9192) in font nullfont!

! LaTeX Error: \begin{document} ended by \end{figure}.

See the LaTeX manual or LaTeX Companion for explanation.
Type  H <return>  for immediate help.
 ...                                              
                                                  
l.482 \end{figure}
                  
Your command was ignored.
Type  I <command> <return>  to replace it with another command,
or  <return>  to continue without it.


Overfull \hbox (20.0pt too wide) in paragraph at lines 475--483
[]
 []


Overfull \hbox (10.86pt too wide) in paragraph at lines 475--483
[]
 []

! Undefined control sequence.
l.484 \textcolor
                {mygreen}{
The control sequence at the end of the top line
of your error message was never \def'ed. If you have
misspelled it (e.g., `\hobx'), type `I' and the correct
spelling (e.g., `I\hbox'). Otherwise just continue,
and I'll forget about whatever was undefined.

Missing character: There is no m ("6D) in font nullfont!
Missing character: There is no y ("79) in font nullfont!
Missing character: There is no g ("67) in font nullfont!
Missing character: There is no r ("72) in font nullfont!
Missing character: There is no e ("65) in font nullfont!
Missing character: There is no e ("65) in font nullfont!
Missing character: There is no n ("6E) in font nullfont!
Missing character: There is no 如 ("5982) in font nullfont!
Missing character: There is no 图 ("56FE) in font nullfont!
! Undefined control sequence.
<write> ...本V3.0未完成批量评审而导出的弹窗提醒' on page \thepage 
                                                  \space undefined\on@line .^^J
l.485 ^^I如图\ref{fig:版本V3.0未完成批量评审而导出的弹窗提醒}
                                          所示，在批量处理状态，如果没有完成所有学生的评审工作而进行结果导出，...
The control sequence at the end of the top line
of your error message was never \def'ed. If you have
misspelled it (e.g., `\hobx'), type `I' and the correct
spelling (e.g., `I\hbox'). Otherwise just continue,
and I'll forget about whatever was undefined.


LaTeX Warning: Reference `fig:版本V3.0未完成批量评审而导出的弹窗提醒' on page  undefined on inpu
t line 485.

Missing character: There is no 所 ("6240) in font nullfont!
Missing character: There is no 示 ("793A) in font nullfont!
Missing character: There is no ， ("FF0C) in font nullfont!
Missing character: There is no 在 ("5728) in font nullfont!
Missing character: There is no 批 ("6279) in font nullfont!
Missing character: There is no 量 ("91CF) in font nullfont!
Missing character: There is no 处 ("5904) in font nullfont!
Missing character: There is no 理 ("7406) in font nullfont!
Missing character: There is no 状 ("72B6) in font nullfont!
Missing character: There is no 态 ("6001) in font nullfont!
Missing character: There is no ， ("FF0C) in font nullfont!
Missing character: There is no 如 ("5982) in font nullfont!
Missing character: There is no 果 ("679C) in font nullfont!
Missing character: There is no 没 ("6CA1) in font nullfont!
Missing character: There is no 有 ("6709) in font nullfont!
Missing character: There is no 完 ("5B8C) in font nullfont!
Missing character: There is no 成 ("6210) in font nullfont!
Missing character: There is no 所 ("6240) in font nullfont!
Missing character: There is no 有 ("6709) in font nullfont!
Missing character: There is no 学 ("5B66) in font nullfont!
Missing character: There is no 生 ("751F) in font nullfont!
Missing character: There is no 的 ("7684) in font nullfont!
Missing character: There is no 评 ("8BC4) in font nullfont!
Missing character: There is no 审 ("5BA1) in font nullfont!
Missing character: There is no 工 ("5DE5) in font nullfont!
Missing character: There is no 作 ("4F5C) in font nullfont!
Missing character: There is no 而 ("800C) in font nullfont!
Missing character: There is no 进 ("8FDB) in font nullfont!
Missing character: There is no 行 ("884C) in font nullfont!
Missing character: There is no 结 ("7ED3) in font nullfont!
Missing character: There is no 果 ("679C) in font nullfont!
Missing character: There is no 导 ("5BFC) in font nullfont!
Missing character: There is no 出 ("51FA) in font nullfont!
Missing character: There is no ， ("FF0C) in font nullfont!
Missing character: There is no 则 ("5219) in font nullfont!
Missing character: There is no 会 ("4F1A) in font nullfont!
Missing character: There is no 进 ("8FDB) in font nullfont!
Missing character: There is no 行 ("884C) in font nullfont!
Missing character: There is no 提 ("63D0) in font nullfont!
Missing character: There is no 醒 ("9192) in font nullfont!
Missing character: There is no ， ("FF0C) in font nullfont!
Missing character: There is no 避 ("907F) in font nullfont!
Missing character: There is no 免 ("514D) in font nullfont!
Missing character: There is no 评 ("8BC4) in font nullfont!
Missing character: There is no 审 ("5BA1) in font nullfont!
Missing character: There is no 人 ("4EBA) in font nullfont!
Missing character: There is no 员 ("5458) in font nullfont!
Missing character: There is no 出 ("51FA) in font nullfont!
Missing character: There is no 现 ("73B0) in font nullfont!
Missing character: There is no 工 ("5DE5) in font nullfont!
Missing character: There is no 作 ("4F5C) in font nullfont!
Missing character: There is no 疏 ("758F) in font nullfont!
Missing character: There is no 漏 ("6F0F) in font nullfont!
Missing character: There is no 的 ("7684) in font nullfont!
Missing character: There is no 情 ("60C5) in font nullfont!
Missing character: There is no 况 ("51B5) in font nullfont!
Missing character: There is no 。 ("3002) in font nullfont!

! LaTeX Error: Environment figure undefined.

See the LaTeX manual or LaTeX Companion for explanation.
Type  H <return>  for immediate help.
 ...                                              
                                                  
l.486 ^^I\begin{figure}
                       [h]
Your command was ignored.
Type  I <command> <return>  to replace it with another command,
or  <return>  to continue without it.

Missing character: There is no [ ("5B) in font nullfont!
Missing character: There is no h ("68) in font nullfont!
Missing character: There is no ] ("5D) in font nullfont!
! Undefined control sequence.
l.488 ^^I^^I\includegraphics
                            [width=0.7\linewidth]{fig/3.0未完成批量评审而导出的弹窗提醒}
The control sequence at the end of the top line
of your error message was never \def'ed. If you have
misspelled it (e.g., `\hobx'), type `I' and the correct
spelling (e.g., `I\hbox'). Otherwise just continue,
and I'll forget about whatever was undefined.

Missing character: There is no [ ("5B) in font nullfont!
Missing character: There is no w ("77) in font nullfont!
Missing character: There is no i ("69) in font nullfont!
Missing character: There is no d ("64) in font nullfont!
Missing character: There is no t ("74) in font nullfont!
Missing character: There is no h ("68) in font nullfont!
Missing character: There is no = ("3D) in font nullfont!
Missing character: There is no 0 ("30) in font nullfont!
Missing character: There is no . ("2E) in font nullfont!
Missing character: There is no 7 ("37) in font nullfont!
! Missing number, treated as zero.
<to be read again> 
                   ]
l.488 ^^I^^I\includegraphics[width=0.7\linewidth]
                                                 {fig/3.0未完成批量评审而导出的弹窗提醒}
A number should have been here; I inserted `0'.
(If you can't figure out why I needed to see a number,
look up `weird error' in the index to The TeXbook.)

! Illegal unit of measure (pt inserted).
<to be read again> 
                   ]
l.488 ^^I^^I\includegraphics[width=0.7\linewidth]
                                                 {fig/3.0未完成批量评审而导出的弹窗提醒}
Dimensions can be in units of em, ex, in, pt, pc,
cm, mm, dd, cc, bp, or sp; but yours is a new one!
I'll assume that you meant to say pt, for printer's points.
To recover gracefully from this error, it's best to
delete the erroneous units; e.g., type `2' to delete
two letters. (See Chapter 27 of The TeXbook.)

Missing character: There is no ] ("5D) in font nullfont!
Missing character: There is no f ("66) in font nullfont!
Missing character: There is no i ("69) in font nullfont!
Missing character: There is no g ("67) in font nullfont!
Missing character: There is no / ("2F) in font nullfont!
Missing character: There is no 3 ("33) in font nullfont!
Missing character: There is no . ("2E) in font nullfont!
Missing character: There is no 0 ("30) in font nullfont!
Missing character: There is no 未 ("672A) in font nullfont!
Missing character: There is no 完 ("5B8C) in font nullfont!
Missing character: There is no 成 ("6210) in font nullfont!
Missing character: There is no 批 ("6279) in font nullfont!
Missing character: There is no 量 ("91CF) in font nullfont!
Missing character: There is no 评 ("8BC4) in font nullfont!
Missing character: There is no 审 ("5BA1) in font nullfont!
Missing character: There is no 而 ("800C) in font nullfont!
Missing character: There is no 导 ("5BFC) in font nullfont!
Missing character: There is no 出 ("51FA) in font nullfont!
Missing character: There is no 的 ("7684) in font nullfont!
Missing character: There is no 弹 ("5F39) in font nullfont!
Missing character: There is no 窗 ("7A97) in font nullfont!
Missing character: There is no 提 ("63D0) in font nullfont!
Missing character: There is no 醒 ("9192) in font nullfont!

! LaTeX Error: \caption outside float.

See the LaTeX manual or LaTeX Companion for explanation.
Type  H <return>  for immediate help.
 ...                                              
                                                  
l.489 ^^I^^I\caption
                    {版本V3.0未完成批量评审而导出的弹窗提醒}
You're in trouble here.  Try typing  <return>  to proceed.
If that doesn't work, type  X <return>  to quit.

Missing character: There is no 版 ("7248) in font nullfont!
Missing character: There is no 本 ("672C) in font nullfont!
Missing character: There is no V ("56) in font nullfont!
Missing character: There is no 3 ("33) in font nullfont!
Missing character: There is no . ("2E) in font nullfont!
Missing character: There is no 0 ("30) in font nullfont!
Missing character: There is no 未 ("672A) in font nullfont!
Missing character: There is no 完 ("5B8C) in font nullfont!
Missing character: There is no 成 ("6210) in font nullfont!
Missing character: There is no 批 ("6279) in font nullfont!
Missing character: There is no 量 ("91CF) in font nullfont!
Missing character: There is no 评 ("8BC4) in font nullfont!
Missing character: There is no 审 ("5BA1) in font nullfont!
Missing character: There is no 而 ("800C) in font nullfont!
Missing character: There is no 导 ("5BFC) in font nullfont!
Missing character: There is no 出 ("51FA) in font nullfont!
Missing character: There is no 的 ("7684) in font nullfont!
Missing character: There is no 弹 ("5F39) in font nullfont!
Missing character: There is no 窗 ("7A97) in font nullfont!
Missing character: There is no 提 ("63D0) in font nullfont!
Missing character: There is no 醒 ("9192) in font nullfont!

! LaTeX Error: \begin{document} ended by \end{figure}.

See the LaTeX manual or LaTeX Companion for explanation.
Type  H <return>  for immediate help.
 ...                                              
                                                  
l.491 ^^I\end{figure}
                     
Your command was ignored.
Type  I <command> <return>  to replace it with another command,
or  <return>  to continue without it.


Overfull \hbox (20.0pt too wide) in paragraph at lines 484--493
[]
 []


Overfull \hbox (10.86pt too wide) in paragraph at lines 484--493
[]
 []

! Undefined control sequence.
l.495 \section
              {意外退出保护}
The control sequence at the end of the top line
of your error message was never \def'ed. If you have
misspelled it (e.g., `\hobx'), type `I' and the correct
spelling (e.g., `I\hbox'). Otherwise just continue,
and I'll forget about whatever was undefined.

Missing character: There is no 意 ("610F) in font nullfont!
Missing character: There is no 外 ("5916) in font nullfont!
Missing character: There is no 退 ("9000) in font nullfont!
Missing character: There is no 出 ("51FA) in font nullfont!
Missing character: There is no 保 ("4FDD) in font nullfont!
Missing character: There is no 护 ("62A4) in font nullfont!
Missing character: There is no 如 ("5982) in font nullfont!
Missing character: There is no 图 ("56FE) in font nullfont!
! Undefined control sequence.
<write> ...erence `fig:意外退出保护提醒' on page \thepage 
                                                  \space undefined\on@line .^^J
l.496 如图\ref{fig:意外退出保护提醒}
                          所示，当导入文件后，如果用户不小心点击关闭软件，会弹窗提醒用户还有未导出的评审结果，二次确定是否需要...
The control sequence at the end of the top line
of your error message was never \def'ed. If you have
misspelled it (e.g., `\hobx'), type `I' and the correct
spelling (e.g., `I\hbox'). Otherwise just continue,
and I'll forget about whatever was undefined.


LaTeX Warning: Reference `fig:意外退出保护提醒' on page  undefined on input line 496.

Missing character: There is no 所 ("6240) in font nullfont!
Missing character: There is no 示 ("793A) in font nullfont!
Missing character: There is no ， ("FF0C) in font nullfont!
Missing character: There is no 当 ("5F53) in font nullfont!
Missing character: There is no 导 ("5BFC) in font nullfont!
Missing character: There is no 入 ("5165) in font nullfont!
Missing character: There is no 文 ("6587) in font nullfont!
Missing character: There is no 件 ("4EF6) in font nullfont!
Missing character: There is no 后 ("540E) in font nullfont!
Missing character: There is no ， ("FF0C) in font nullfont!
Missing character: There is no 如 ("5982) in font nullfont!
Missing character: There is no 果 ("679C) in font nullfont!
Missing character: There is no 用 ("7528) in font nullfont!
Missing character: There is no 户 ("6237) in font nullfont!
Missing character: There is no 不 ("4E0D) in font nullfont!
Missing character: There is no 小 ("5C0F) in font nullfont!
Missing character: There is no 心 ("5FC3) in font nullfont!
Missing character: There is no 点 ("70B9) in font nullfont!
Missing character: There is no 击 ("51FB) in font nullfont!
Missing character: There is no 关 ("5173) in font nullfont!
Missing character: There is no 闭 ("95ED) in font nullfont!
Missing character: There is no 软 ("8F6F) in font nullfont!
Missing character: There is no 件 ("4EF6) in font nullfont!
Missing character: There is no ， ("FF0C) in font nullfont!
Missing character: There is no 会 ("4F1A) in font nullfont!
Missing character: There is no 弹 ("5F39) in font nullfont!
Missing character: There is no 窗 ("7A97) in font nullfont!
Missing character: There is no 提 ("63D0) in font nullfont!
Missing character: There is no 醒 ("9192) in font nullfont!
Missing character: There is no 用 ("7528) in font nullfont!
Missing character: There is no 户 ("6237) in font nullfont!
Missing character: There is no 还 ("8FD8) in font nullfont!
Missing character: There is no 有 ("6709) in font nullfont!
Missing character: There is no 未 ("672A) in font nullfont!
Missing character: There is no 导 ("5BFC) in font nullfont!
Missing character: There is no 出 ("51FA) in font nullfont!
Missing character: There is no 的 ("7684) in font nullfont!
Missing character: There is no 评 ("8BC4) in font nullfont!
Missing character: There is no 审 ("5BA1) in font nullfont!
Missing character: There is no 结 ("7ED3) in font nullfont!
Missing character: There is no 果 ("679C) in font nullfont!
Missing character: There is no ， ("FF0C) in font nullfont!
Missing character: There is no 二 ("4E8C) in font nullfont!
Missing character: There is no 次 ("6B21) in font nullfont!
Missing character: There is no 确 ("786E) in font nullfont!
Missing character: There is no 定 ("5B9A) in font nullfont!
Missing character: There is no 是 ("662F) in font nullfont!
Missing character: There is no 否 ("5426) in font nullfont!
Missing character: There is no 需 ("9700) in font nullfont!
Missing character: There is no 要 ("8981) in font nullfont!
Missing character: There is no 关 ("5173) in font nullfont!
Missing character: There is no 闭 ("95ED) in font nullfont!
Missing character: There is no 软 ("8F6F) in font nullfont!
Missing character: There is no 件 ("4EF6) in font nullfont!
Missing character: There is no 。 ("3002) in font nullfont!
Missing character: There is no 请 ("8BF7) in font nullfont!
Missing character: There is no 注 ("6CE8) in font nullfont!
Missing character: There is no 意 ("610F) in font nullfont!
Missing character: There is no ， ("FF0C) in font nullfont!
Missing character: There is no 在 ("5728) in font nullfont!
Missing character: There is no 提 ("63D0) in font nullfont!
Missing character: There is no 醒 ("9192) in font nullfont!
Missing character: There is no 后 ("540E) in font nullfont!
Missing character: There is no 仍 ("4ECD) in font nullfont!
Missing character: There is no 选 ("9009) in font nullfont!
Missing character: There is no 择 ("62E9) in font nullfont!
Missing character: There is no 确 ("786E) in font nullfont!
Missing character: There is no 定 ("5B9A) in font nullfont!
Missing character: There is no 关 ("5173) in font nullfont!
Missing character: There is no 闭 ("95ED) in font nullfont!
Missing character: There is no 软 ("8F6F) in font nullfont!
Missing character: There is no 件 ("4EF6) in font nullfont!
Missing character: There is no 将 ("5C06) in font nullfont!
Missing character: There is no 不 ("4E0D) in font nullfont!
Missing character: There is no 保 ("4FDD) in font nullfont!
Missing character: There is no 存 ("5B58) in font nullfont!
Missing character: There is no 已 ("5DF2) in font nullfont!
Missing character: There is no 评 ("8BC4) in font nullfont!
Missing character: There is no 审 ("5BA1) in font nullfont!
Missing character: There is no 的 ("7684) in font nullfont!
Missing character: There is no 内 ("5185) in font nullfont!
Missing character: There is no 容 ("5BB9) in font nullfont!
Missing character: There is no ！ ("FF01) in font nullfont!
Missing character: There is no 若 ("82E5) in font nullfont!
Missing character: There is no 用 ("7528) in font nullfont!
Missing character: There is no 户 ("6237) in font nullfont!
Missing character: There is no 已 ("5DF2) in font nullfont!
Missing character: There is no 导 ("5BFC) in font nullfont!
Missing character: There is no 出 ("51FA) in font nullfont!
Missing character: There is no 评 ("8BC4) in font nullfont!
Missing character: There is no 审 ("5BA1) in font nullfont!
Missing character: There is no 结 ("7ED3) in font nullfont!
Missing character: There is no 果 ("679C) in font nullfont!
Missing character: There is no 或 ("6216) in font nullfont!
Missing character: There is no 统 ("7EDF) in font nullfont!
Missing character: There is no 计 ("8BA1) in font nullfont!
Missing character: There is no 结 ("7ED3) in font nullfont!
Missing character: There is no 果 ("679C) in font nullfont!
Missing character: There is no ， ("FF0C) in font nullfont!
Missing character: There is no 将 ("5C06) in font nullfont!
Missing character: There is no 不 ("4E0D) in font nullfont!
Missing character: There is no 在 ("5728) in font nullfont!
Missing character: There is no 意 ("610F) in font nullfont!
Missing character: There is no 外 ("5916) in font nullfont!
Missing character: There is no 退 ("9000) in font nullfont!
Missing character: There is no 出 ("51FA) in font nullfont!
Missing character: There is no 保 ("4FDD) in font nullfont!
Missing character: There is no 护 ("62A4) in font nullfont!
Missing character: There is no 的 ("7684) in font nullfont!
Missing character: There is no 范 ("8303) in font nullfont!
Missing character: There is no 围 ("56F4) in font nullfont!
Missing character: There is no 内 ("5185) in font nullfont!
Missing character: There is no ！ ("FF01) in font nullfont!

! LaTeX Error: Environment figure undefined.

See the LaTeX manual or LaTeX Companion for explanation.
Type  H <return>  for immediate help.
 ...                                              
                                                  
l.497 \begin{figure}
                    [H]
Your command was ignored.
Type  I <command> <return>  to replace it with another command,
or  <return>  to continue without it.

Missing character: There is no [ ("5B) in font nullfont!
Missing character: There is no H ("48) in font nullfont!
Missing character: There is no ] ("5D) in font nullfont!
! Undefined control sequence.
l.499 ^^I\includegraphics
                         [width=0.7\linewidth]{fig/意外退出保护提醒}
The control sequence at the end of the top line
of your error message was never \def'ed. If you have
misspelled it (e.g., `\hobx'), type `I' and the correct
spelling (e.g., `I\hbox'). Otherwise just continue,
and I'll forget about whatever was undefined.

Missing character: There is no [ ("5B) in font nullfont!
Missing character: There is no w ("77) in font nullfont!
Missing character: There is no i ("69) in font nullfont!
Missing character: There is no d ("64) in font nullfont!
Missing character: There is no t ("74) in font nullfont!
Missing character: There is no h ("68) in font nullfont!
Missing character: There is no = ("3D) in font nullfont!
Missing character: There is no 0 ("30) in font nullfont!
Missing character: There is no . ("2E) in font nullfont!
Missing character: There is no 7 ("37) in font nullfont!
! Missing number, treated as zero.
<to be read again> 
                   ]
l.499 ^^I\includegraphics[width=0.7\linewidth]
                                              {fig/意外退出保护提醒}
A number should have been here; I inserted `0'.
(If you can't figure out why I needed to see a number,
look up `weird error' in the index to The TeXbook.)

! Illegal unit of measure (pt inserted).
<to be read again> 
                   ]
l.499 ^^I\includegraphics[width=0.7\linewidth]
                                              {fig/意外退出保护提醒}
Dimensions can be in units of em, ex, in, pt, pc,
cm, mm, dd, cc, bp, or sp; but yours is a new one!
I'll assume that you meant to say pt, for printer's points.
To recover gracefully from this error, it's best to
delete the erroneous units; e.g., type `2' to delete
two letters. (See Chapter 27 of The TeXbook.)

Missing character: There is no ] ("5D) in font nullfont!
Missing character: There is no f ("66) in font nullfont!
Missing character: There is no i ("69) in font nullfont!
Missing character: There is no g ("67) in font nullfont!
Missing character: There is no / ("2F) in font nullfont!
Missing character: There is no 意 ("610F) in font nullfont!
Missing character: There is no 外 ("5916) in font nullfont!
Missing character: There is no 退 ("9000) in font nullfont!
Missing character: There is no 出 ("51FA) in font nullfont!
Missing character: There is no 保 ("4FDD) in font nullfont!
Missing character: There is no 护 ("62A4) in font nullfont!
Missing character: There is no 提 ("63D0) in font nullfont!
Missing character: There is no 醒 ("9192) in font nullfont!

! LaTeX Error: \caption outside float.

See the LaTeX manual or LaTeX Companion for explanation.
Type  H <return>  for immediate help.
 ...                                              
                                                  
l.500 ^^I\caption
                 {意外退出保护提醒}
You're in trouble here.  Try typing  <return>  to proceed.
If that doesn't work, type  X <return>  to quit.

Missing character: There is no 意 ("610F) in font nullfont!
Missing character: There is no 外 ("5916) in font nullfont!
Missing character: There is no 退 ("9000) in font nullfont!
Missing character: There is no 出 ("51FA) in font nullfont!
Missing character: There is no 保 ("4FDD) in font nullfont!
Missing character: There is no 护 ("62A4) in font nullfont!
Missing character: There is no 提 ("63D0) in font nullfont!
Missing character: There is no 醒 ("9192) in font nullfont!

! LaTeX Error: \begin{document} ended by \end{figure}.

See the LaTeX manual or LaTeX Companion for explanation.
Type  H <return>  for immediate help.
 ...                                              
                                                  
l.502 \end{figure}
                  
Your command was ignored.
Type  I <command> <return>  to replace it with another command,
or  <return>  to continue without it.


Overfull \hbox (20.0pt too wide) in paragraph at lines 495--503
[]
 []


Overfull \hbox (10.86pt too wide) in paragraph at lines 495--503
[]
 []

! Undefined control sequence.
l.505 \textcolor
                {myred}{
The control sequence at the end of the top line
of your error message was never \def'ed. If you have
misspelled it (e.g., `\hobx'), type `I' and the correct
spelling (e.g., `I\hbox'). Otherwise just continue,
and I'll forget about whatever was undefined.

Missing character: There is no m ("6D) in font nullfont!
Missing character: There is no y ("79) in font nullfont!
Missing character: There is no r ("72) in font nullfont!
Missing character: There is no e ("65) in font nullfont!
Missing character: There is no d ("64) in font nullfont!
! Undefined control sequence.
l.506 ^^I\section
                 {打开EXCEL文件位置}
The control sequence at the end of the top line
of your error message was never \def'ed. If you have
misspelled it (e.g., `\hobx'), type `I' and the correct
spelling (e.g., `I\hbox'). Otherwise just continue,
and I'll forget about whatever was undefined.

Missing character: There is no 打 ("6253) in font nullfont!
Missing character: There is no 开 ("5F00) in font nullfont!
Missing character: There is no E ("45) in font nullfont!
Missing character: There is no X ("58) in font nullfont!
Missing character: There is no C ("43) in font nullfont!
Missing character: There is no E ("45) in font nullfont!
Missing character: There is no L ("4C) in font nullfont!
Missing character: There is no 文 ("6587) in font nullfont!
Missing character: There is no 件 ("4EF6) in font nullfont!
Missing character: There is no 位 ("4F4D) in font nullfont!
Missing character: There is no 置 ("7F6E) in font nullfont!
Missing character: There is no 此 ("6B64) in font nullfont!
Missing character: There is no 操 ("64CD) in font nullfont!
Missing character: There is no 作 ("4F5C) in font nullfont!
Missing character: There is no 将 ("5C06) in font nullfont!
Missing character: There is no 打 ("6253) in font nullfont!
Missing character: There is no 开 ("5F00) in font nullfont!
Missing character: There is no 读 ("8BFB) in font nullfont!
Missing character: There is no 取 ("53D6) in font nullfont!
Missing character: There is no 的 ("7684) in font nullfont!
Missing character: There is no E ("45) in font nullfont!
Missing character: There is no X ("58) in font nullfont!
Missing character: There is no C ("43) in font nullfont!
Missing character: There is no E ("45) in font nullfont!
Missing character: There is no L ("4C) in font nullfont!
Missing character: There is no 文 ("6587) in font nullfont!
Missing character: There is no 件 ("4EF6) in font nullfont!
Missing character: There is no 所 ("6240) in font nullfont!
Missing character: There is no 在 ("5728) in font nullfont!
Missing character: There is no 的 ("7684) in font nullfont!
Missing character: There is no 目 ("76EE) in font nullfont!
Missing character: There is no 录 ("5F55) in font nullfont!
Missing character: There is no ， ("FF0C) in font nullfont!
Missing character: There is no 可 ("53EF) in font nullfont!
Missing character: There is no 以 ("4EE5) in font nullfont!
Missing character: There is no 帮 ("5E2E) in font nullfont!
Missing character: There is no 助 ("52A9) in font nullfont!
Missing character: There is no 评 ("8BC4) in font nullfont!
Missing character: There is no 审 ("5BA1) in font nullfont!
Missing character: There is no 人 ("4EBA) in font nullfont!
Missing character: There is no 员 ("5458) in font nullfont!
Missing character: There is no 快 ("5FEB) in font nullfont!
Missing character: There is no 速 ("901F) in font nullfont!
Missing character: There is no 查 ("67E5) in font nullfont!
Missing character: There is no 看 ("770B) in font nullfont!
Missing character: There is no 文 ("6587) in font nullfont!
Missing character: There is no 件 ("4EF6) in font nullfont!
Missing character: There is no 所 ("6240) in font nullfont!
Missing character: There is no 在 ("5728) in font nullfont!
Missing character: There is no 目 ("76EE) in font nullfont!
Missing character: There is no 录 ("5F55) in font nullfont!
Missing character: There is no 和 ("548C) in font nullfont!
Missing character: There is no 递 ("9012) in font nullfont!
Missing character: There is no 交 ("4EA4) in font nullfont!
Missing character: There is no 的 ("7684) in font nullfont!
Missing character: There is no 材 ("6750) in font nullfont!
Missing character: There is no 料 ("6599) in font nullfont!
Missing character: There is no ， ("FF0C) in font nullfont!
Missing character: There is no 减 ("51CF) in font nullfont!
Missing character: There is no 轻 ("8F7B) in font nullfont!
Missing character: There is no 负 ("8D1F) in font nullfont!
Missing character: There is no 担 ("62C5) in font nullfont!
Missing character: There is no 。 ("3002) in font nullfont!

Overfull \hbox (20.0pt too wide) in paragraph at lines 505--509
[]
 []

! Undefined control sequence.
l.510 \textcolor
                {mygreen}{
The control sequence at the end of the top line
of your error message was never \def'ed. If you have
misspelled it (e.g., `\hobx'), type `I' and the correct
spelling (e.g., `I\hbox'). Otherwise just continue,
and I'll forget about whatever was undefined.

Missing character: There is no m ("6D) in font nullfont!
Missing character: There is no y ("79) in font nullfont!
Missing character: There is no g ("67) in font nullfont!
Missing character: There is no r ("72) in font nullfont!
Missing character: There is no e ("65) in font nullfont!
Missing character: There is no e ("65) in font nullfont!
Missing character: There is no n ("6E) in font nullfont!
! Undefined control sequence.
l.511 ^^I\section
                 {导入加分详情及重置为默认}
The control sequence at the end of the top line
of your error message was never \def'ed. If you have
misspelled it (e.g., `\hobx'), type `I' and the correct
spelling (e.g., `I\hbox'). Otherwise just continue,
and I'll forget about whatever was undefined.

Missing character: There is no 导 ("5BFC) in font nullfont!
Missing character: There is no 入 ("5165) in font nullfont!
Missing character: There is no 加 ("52A0) in font nullfont!
Missing character: There is no 分 ("5206) in font nullfont!
Missing character: There is no 详 ("8BE6) in font nullfont!
Missing character: There is no 情 ("60C5) in font nullfont!
Missing character: There is no 及 ("53CA) in font nullfont!
Missing character: There is no 重 ("91CD) in font nullfont!
Missing character: There is no 置 ("7F6E) in font nullfont!
Missing character: There is no 为 ("4E3A) in font nullfont!
Missing character: There is no 默 ("9ED8) in font nullfont!
Missing character: There is no 认 ("8BA4) in font nullfont!
Missing character: There is no 【 ("3010) in font nullfont!
Missing character: There is no 导 ("5BFC) in font nullfont!
Missing character: There is no 入 ("5165) in font nullfont!
Missing character: There is no 加 ("52A0) in font nullfont!
Missing character: There is no 分 ("5206) in font nullfont!
Missing character: There is no 详 ("8BE6) in font nullfont!
Missing character: There is no 情 ("60C5) in font nullfont!
Missing character: There is no 】 ("3011) in font nullfont!
Missing character: There is no 将 ("5C06) in font nullfont!
Missing character: There is no 采 ("91C7) in font nullfont!
Missing character: There is no 用 ("7528) in font nullfont!
Missing character: There is no 自 ("81EA) in font nullfont!
Missing character: There is no 定 ("5B9A) in font nullfont!
Missing character: There is no 义 ("4E49) in font nullfont!
Missing character: There is no 加 ("52A0) in font nullfont!
Missing character: There is no 分 ("5206) in font nullfont!
Missing character: There is no 规 ("89C4) in font nullfont!
Missing character: There is no 则 ("5219) in font nullfont!
Missing character: There is no 更 ("66F4) in font nullfont!
Missing character: There is no 新 ("65B0) in font nullfont!
Missing character: There is no 评 ("8BC4) in font nullfont!
Missing character: There is no 审 ("5BA1) in font nullfont!
Missing character: There is no 内 ("5185) in font nullfont!
Missing character: There is no 容 ("5BB9) in font nullfont!
Missing character: There is no 选 ("9009) in font nullfont!
Missing character: There is no 项 ("9879) in font nullfont!
Missing character: There is no （ ("FF08) in font nullfont!
Missing character: There is no 项 ("9879) in font nullfont!
Missing character: There is no 目 ("76EE) in font nullfont!
Missing character: There is no 类 ("7C7B) in font nullfont!
Missing character: There is no 型 ("578B) in font nullfont!
Missing character: There is no 、 ("3001) in font nullfont!
Missing character: There is no 奖 ("5956) in font nullfont!
Missing character: There is no 项 ("9879) in font nullfont!
Missing character: There is no 级 ("7EA7) in font nullfont!
Missing character: There is no 别 ("522B) in font nullfont!
Missing character: There is no 、 ("3001) in font nullfont!
Missing character: There is no 加 ("52A0) in font nullfont!
Missing character: There is no 分 ("5206) in font nullfont!
Missing character: There is no 和 ("548C) in font nullfont!
Missing character: There is no 加 ("52A0) in font nullfont!
Missing character: There is no 分 ("5206) in font nullfont!
Missing character: There is no 上 ("4E0A) in font nullfont!
Missing character: There is no 限 ("9650) in font nullfont!
Missing character: There is no ） ("FF09) in font nullfont!
Missing character: There is no 。 ("3002) in font nullfont!

Overfull \hbox (20.0pt too wide) in paragraph at lines 510--514
[]
 []

! Undefined control sequence.
l.515 \textcolor
                {mygreen}{
The control sequence at the end of the top line
of your error message was never \def'ed. If you have
misspelled it (e.g., `\hobx'), type `I' and the correct
spelling (e.g., `I\hbox'). Otherwise just continue,
and I'll forget about whatever was undefined.

Missing character: There is no m ("6D) in font nullfont!
Missing character: There is no y ("79) in font nullfont!
Missing character: There is no g ("67) in font nullfont!
Missing character: There is no r ("72) in font nullfont!
Missing character: There is no e ("65) in font nullfont!
Missing character: There is no e ("65) in font nullfont!
Missing character: There is no n ("6E) in font nullfont!
Missing character: There is no 【 ("3010) in font nullfont!
Missing character: There is no 重 ("91CD) in font nullfont!
Missing character: There is no 置 ("7F6E) in font nullfont!
Missing character: There is no 为 ("4E3A) in font nullfont!
Missing character: There is no 默 ("9ED8) in font nullfont!
Missing character: There is no 认 ("8BA4) in font nullfont!
Missing character: There is no 】 ("3011) in font nullfont!
Missing character: There is no 将 ("5C06) in font nullfont!
Missing character: There is no 更 ("66F4) in font nullfont!
Missing character: There is no 新 ("65B0) in font nullfont!
Missing character: There is no 评 ("8BC4) in font nullfont!
Missing character: There is no 审 ("5BA1) in font nullfont!
Missing character: There is no 内 ("5185) in font nullfont!
Missing character: There is no 容 ("5BB9) in font nullfont!
Missing character: There is no 选 ("9009) in font nullfont!
Missing character: There is no 项 ("9879) in font nullfont!
Missing character: There is no 为 ("4E3A) in font nullfont!
Missing character: There is no 默 ("9ED8) in font nullfont!
Missing character: There is no 认 ("8BA4) in font nullfont!
Missing character: There is no 规 ("89C4) in font nullfont!
Missing character: There is no 则 ("5219) in font nullfont!
Missing character: There is no ， ("FF0C) in font nullfont!
Missing character: There is no 如 ("5982) in font nullfont!
Missing character: There is no 表 ("8868) in font nullfont!
! Undefined control sequence.
<write> ...ning: Reference `分值表' on page \thepage 
                                                  \space undefined\on@line .^^J
l.516 ^^I【重置为默认】将更新评审内容选项为默认规则，如表\ref{分值表}
                                          所示。
The control sequence at the end of the top line
of your error message was never \def'ed. If you have
misspelled it (e.g., `\hobx'), type `I' and the correct
spelling (e.g., `I\hbox'). Otherwise just continue,
and I'll forget about whatever was undefined.


LaTeX Warning: Reference `分值表' on page  undefined on input line 516.

Missing character: There is no 所 ("6240) in font nullfont!
Missing character: There is no 示 ("793A) in font nullfont!
Missing character: There is no 。 ("3002) in font nullfont!
)
! Emergency stop.
<*> 3.ruanjiancaozuojiaocheng.tex
                                 
*** (job aborted, no legal \end found)

 
Here is how much of TeX's memory you used:
 81 strings out of 473832
 1506 string characters out of 5725356
 393383 words of memory out of 5000000
 23244 multiletter control sequences out of 15000+600000
 558853 words of font info for 38 fonts, out of 8000000 for 9000
 1348 hyphenation exceptions out of 8191
 20i,2n,24p,337b,126s stack positions out of 10000i,1000n,20000p,200000b,200000s
No pages of output.
